time,open,high,low,close,volume
2015-01-02 08:00:00,1.20538,1.20690,1.19997,1.20014,53082
2015-01-05 08:00:00,1.19454,1.19757,1.18642,1.19317,95141
2015-01-06 08:00:00,1.19318,1.19682,1.18836,1.18887,91697
2015-01-07 08:00:00,1.18889,1.18956,1.18014,1.18386,98091
2015-01-08 08:00:00,1.18386,1.18467,1.17536,1.17899,82605
2015-01-09 08:00:00,1.17901,1.18450,1.17623,1.18402,91031
2015-01-12 08:00:00,1.18481,1.18702,1.17856,1.18325,80991
2015-01-13 08:00:00,1.18324,1.18589,1.17529,1.17718,93072
2015-01-14 08:00:00,1.17712,1.18451,1.17267,1.17881,101182
2015-01-15 08:00:00,1.17882,1.17921,1.15673,1.16298,123477
2015-01-16 08:00:00,1.16305,1.16479,1.14594,1.15650,121343
2015-01-19 08:00:00,1.15524,1.16381,1.15512,1.16060,49997
2015-01-20 08:00:00,1.16050,1.16138,1.15397,1.15479,36580
2015-01-21 08:00:00,1.15480,1.16790,1.15406,1.16087,45779
2015-01-22 08:00:00,1.16088,1.16485,1.13156,1.13642,56260
2015-01-23 08:00:00,1.13630,1.13731,1.11145,1.12032,62443
2015-01-26 08:00:00,1.11492,1.12945,1.10970,1.12373,51017
2015-01-27 08:00:00,1.12377,1.14221,1.12230,1.13803,65402
2015-01-28 08:00:00,1.13803,1.13828,1.12757,1.12865,71647
2015-01-29 08:00:00,1.12867,1.13670,1.12612,1.13185,45808
2015-01-30 08:00:00,1.13154,1.13628,1.12770,1.12844,44897
2015-02-02 08:00:00,1.13115,1.13616,1.12918,1.13413,62989
2015-02-03 08:00:00,1.13399,1.15332,1.13122,1.14781,76916
2015-02-04 08:00:00,1.14779,1.14842,1.13155,1.13433,68437
2015-02-05 08:00:00,1.13428,1.14983,1.13035,1.14763,75428
2015-02-06 08:00:00,1.14760,1.14850,1.13090,1.13102,66082
2015-02-09 08:00:00,1.12952,1.13586,1.12698,1.13234,65433
2015-02-10 08:00:00,1.13233,1.13448,1.12726,1.13197,68796
2015-02-11 08:00:00,1.13200,1.13466,1.12794,1.13351,64393
2015-02-12 08:00:00,1.13348,1.14224,1.13016,1.14022,71197
2015-02-13 08:00:00,1.14020,1.14421,1.13792,1.13919,60539
2015-02-16 08:00:00,1.13994,1.14285,1.13191,1.13528,51186
2015-02-17 08:00:00,1.13533,1.14478,1.13217,1.14100,69407
2015-02-18 08:00:00,1.14097,1.14152,1.13335,1.13962,64941
2015-02-19 08:00:00,1.13960,1.14496,1.13550,1.13674,59622
2015-02-20 08:00:00,1.13675,1.14231,1.12788,1.13785,69731
2015-02-23 08:00:00,1.13940,1.13952,1.12947,1.13340,55201
2015-02-24 08:00:00,1.13335,1.13577,1.12900,1.13397,59038
2015-02-25 08:00:00,1.13395,1.13880,1.13353,1.13606,56284
2015-02-26 08:00:00,1.13593,1.13791,1.11834,1.11975,61722
2015-02-27 08:00:00,1.11975,1.12446,1.11758,1.11957,64231
2015-03-02 08:00:00,1.11805,1.12402,1.11597,1.11824,54008
2015-03-03 08:00:00,1.11835,1.12171,1.11545,1.11752,56803
2015-03-04 08:00:00,1.11742,1.11852,1.10615,1.10767,58992
2015-03-05 08:00:00,1.10772,1.11118,1.09879,1.10291,65263
2015-03-06 08:00:00,1.10284,1.10322,1.08387,1.08433,65790
2015-03-09 08:00:00,1.08296,1.09061,1.08227,1.08518,59301
2015-03-10 08:00:00,1.08509,1.08547,1.06676,1.06785,80767
2015-03-11 08:00:00,1.06791,1.07163,1.05108,1.05444,88719
2015-03-12 08:00:00,1.05457,1.06833,1.04943,1.06241,89899
2015-03-13 08:00:00,1.06238,1.06343,1.04619,1.04910,83236
2015-03-16 08:00:00,1.04855,1.06193,1.04791,1.05669,83506
2015-03-17 08:00:00,1.05664,1.06505,1.05510,1.05972,72379
2015-03-18 08:00:00,1.05961,1.10415,1.05797,1.08284,87748
2015-03-19 08:00:00,1.08291,1.09191,1.06125,1.06561,108495
2015-03-20 08:00:00,1.06562,1.08813,1.06550,1.08189,82998
2015-03-23 08:00:00,1.08667,1.09707,1.07667,1.09441,91164
2015-03-24 08:00:00,1.09457,1.10286,1.08897,1.09176,80441
2015-03-25 08:00:00,1.09184,1.10139,1.09002,1.09708,69803
2015-03-26 08:00:00,1.09711,1.10515,1.08555,1.08740,90096
2015-03-27 08:00:00,1.08743,1.09473,1.08007,1.08841,83003
2015-03-30 08:00:00,1.08841,1.08913,1.08095,1.08320,75521
2015-03-31 08:00:00,1.08317,1.08447,1.07123,1.07308,70009
2015-04-01 08:00:00,1.07331,1.07992,1.07180,1.07624,72023
2015-04-02 08:00:00,1.07622,1.09048,1.07497,1.08792,67761
2015-04-03 08:00:00,1.08793,1.10261,1.08632,1.09679,42177
2015-04-06 08:00:00,1.10007,1.10348,1.09090,1.09213,42818
2015-04-07 08:00:00,1.09211,1.09540,1.08029,1.08137,70632
2015-04-08 08:00:00,1.08137,1.08870,1.07627,1.07795,75544
2015-04-09 08:00:00,1.07796,1.07884,1.06372,1.06584,70600
2015-04-10 08:00:00,1.06585,1.06833,1.05674,1.06030,69708
2015-04-13 08:00:00,1.06030,1.06190,1.05202,1.05659,70464
2015-04-14 08:00:00,1.05658,1.07043,1.05311,1.06539,77117
2015-04-15 08:00:00,1.06534,1.07015,1.05705,1.06869,82189
2015-04-16 08:00:00,1.06869,1.08172,1.06246,1.07592,109153
2015-04-17 08:00:00,1.07592,1.08481,1.07343,1.08089,92329
2015-04-20 08:00:00,1.08089,1.08195,1.07120,1.07379,71150
2015-04-21 08:00:00,1.07379,1.07808,1.06594,1.07333,88718
2015-04-22 08:00:00,1.07333,1.08004,1.07079,1.07253,92181
2015-04-23 08:00:00,1.07253,1.08458,1.06655,1.08245,100340
2015-04-24 08:00:00,1.08245,1.08996,1.07842,1.08700,100443
2015-04-27 08:00:00,1.08627,1.09263,1.08191,1.08869,86221
2015-04-28 08:00:00,1.08897,1.09905,1.08595,1.09788,100394
2015-04-29 08:00:00,1.09767,1.11875,1.09591,1.11265,117774
2015-04-30 08:00:00,1.11277,1.12659,1.10708,1.12222,143218
2015-05-01 08:00:00,1.12188,1.12896,1.11742,1.11967,102047
2015-05-04 08:00:00,1.11922,1.12238,1.11224,1.11469,62220
2015-05-05 08:00:00,1.11444,1.12203,1.10662,1.11849,21097
2015-05-06 08:00:00,1.11851,1.13693,1.11749,1.13447,41796
2015-05-07 08:00:00,1.13473,1.13918,1.12371,1.12657,31166
2015-05-08 08:00:00,1.12654,1.12876,1.11789,1.12085,34340
2015-05-11 08:00:00,1.12000,1.12053,1.11305,1.11542,48198
2015-05-12 08:00:00,1.11544,1.12780,1.11337,1.12127,105463
2015-05-13 08:00:00,1.12127,1.13821,1.12019,1.13542,86143
2015-05-14 08:00:00,1.13535,1.14442,1.13402,1.14095,105449
2015-05-15 08:00:00,1.14094,1.14661,1.13233,1.14466,77665
2015-05-18 08:00:00,1.14485,1.14485,1.12979,1.13140,51726
2015-05-19 08:00:00,1.13146,1.13256,1.11184,1.11490,112121
2015-05-20 08:00:00,1.11506,1.11514,1.10616,1.10932,122301
2015-05-21 08:00:00,1.10917,1.11807,1.10790,1.11113,109322
2015-05-22 08:00:00,1.11113,1.12069,1.10016,1.10141,105137
2015-05-25 08:00:00,1.10052,1.10089,1.09584,1.09769,60698
2015-05-26 08:00:00,1.09764,1.09806,1.08626,1.08723,113774
2015-05-27 08:00:00,1.08718,1.09284,1.08185,1.09034,107899
2015-05-28 08:00:00,1.09035,1.09579,1.08681,1.09473,117478
2015-05-29 08:00:00,1.09471,1.10053,1.09251,1.09895,104414
2015-06-01 08:00:00,1.09835,1.09876,1.08865,1.09258,118185
2015-06-02 08:00:00,1.09257,1.11927,1.09152,1.11501,189524
2015-06-03 08:00:00,1.11499,1.12843,1.10811,1.12737,102112
2015-06-04 08:00:00,1.12736,1.13793,1.12219,1.12372,67030
2015-06-05 08:00:00,1.12370,1.12793,1.10489,1.11163,185260
2015-06-08 08:00:00,1.11018,1.13063,1.10837,1.12908,151939
2015-06-09 08:00:00,1.12902,1.13446,1.12136,1.12817,171017
2015-06-10 08:00:00,1.12796,1.13855,1.12599,1.13230,187092
2015-06-11 08:00:00,1.13232,1.13306,1.11816,1.12566,150647
2015-06-12 08:00:00,1.12567,1.12961,1.11509,1.12621,148197
2015-06-15 08:00:00,1.12133,1.12938,1.11893,1.12820,112556
2015-06-16 08:00:00,1.12830,1.13292,1.12044,1.12467,128956
2015-06-17 08:00:00,1.12467,1.13574,1.12057,1.13365,150512
2015-06-18 08:00:00,1.13365,1.14360,1.13297,1.13595,164081
2015-06-19 08:00:00,1.13575,1.13962,1.12915,1.13483,127247
2015-06-22 08:00:00,1.13740,1.14097,1.13115,1.13396,132015
2015-06-23 08:00:00,1.13398,1.13469,1.11347,1.11674,155646
2015-06-24 08:00:00,1.11663,1.12344,1.11539,1.12033,143646
2015-06-25 08:00:00,1.12056,1.12273,1.11534,1.12035,122528
2015-06-26 08:00:00,1.12023,1.12194,1.11297,1.11713,118028
2015-06-29 08:00:00,1.10047,1.12776,1.09538,1.12350,193963
2015-06-30 08:00:00,1.12346,1.12437,1.11123,1.11453,156812
2015-07-01 08:00:00,1.11380,1.11708,1.10425,1.10518,135383
2015-07-02 08:00:00,1.10525,1.11209,1.10319,1.10826,127664
2015-07-03 08:00:00,1.10835,1.11175,1.10643,1.11038,100405
2015-07-06 08:00:00,1.09794,1.10950,1.09688,1.10551,153241
2015-07-07 08:00:00,1.10551,1.10581,1.09158,1.10103,173620
2015-07-08 08:00:00,1.10104,1.10925,1.09734,1.10756,160168
2015-07-09 08:00:00,1.10754,1.11245,1.09910,1.10353,143058
2015-07-10 08:00:00,1.10353,1.12153,1.10300,1.11541,157300
2015-07-13 08:00:00,1.10993,1.11963,1.09948,1.10001,148997
2015-07-14 08:00:00,1.10001,1.10808,1.09649,1.10082,143590
2015-07-15 08:00:00,1.10082,1.10349,1.09293,1.09477,142338
2015-07-16 08:00:00,1.09483,1.09620,1.08549,1.08730,142440
2015-07-17 08:00:00,1.08731,1.09063,1.08281,1.08299,118379
2015-07-20 08:00:00,1.08332,1.08695,1.08078,1.08245,115065
2015-07-21 08:00:00,1.08243,1.09690,1.08109,1.09324,148089
2015-07-22 08:00:00,1.09341,1.09662,1.08691,1.09278,201564
2015-07-23 08:00:00,1.09234,1.10180,1.09213,1.09826,167751
2015-07-24 08:00:00,1.09800,1.09955,1.09251,1.09762,123864
2015-07-27 08:00:00,1.09759,1.11292,1.09687,1.10866,144811
2015-07-28 08:00:00,1.10871,1.10995,1.10219,1.10592,130748
2015-07-29 08:00:00,1.10588,1.10837,1.09667,1.09821,137573
2015-07-30 08:00:00,1.09809,1.09890,1.08931,1.09313,141300
2015-07-31 08:00:00,1.09304,1.11139,1.09208,1.09831,153941
2015-08-03 08:00:00,1.09711,1.09957,1.09410,1.09503,133189
2015-08-04 08:00:00,1.09493,1.09873,1.08786,1.08809,145962
2015-08-05 08:00:00,1.08783,1.09370,1.08477,1.09052,146918
2015-08-06 08:00:00,1.09041,1.09433,1.08733,1.09235,130219
2015-08-07 08:00:00,1.09216,1.09780,1.08548,1.09640,124434
2015-08-10 08:00:00,1.09623,1.10411,1.09250,1.10154,100312
2015-08-11 08:00:00,1.10167,1.10880,1.09602,1.10370,135337
2015-08-12 08:00:00,1.10390,1.12137,1.10240,1.11553,143564
2015-08-13 08:00:00,1.11563,1.11885,1.10796,1.11476,111571
2015-08-14 08:00:00,1.11460,1.11885,1.10976,1.11100,110116
2015-08-17 08:00:00,1.11140,1.11245,1.10584,1.10728,120954
2015-08-18 08:00:00,1.10738,1.10935,1.10171,1.10228,118625
2015-08-19 08:00:00,1.10238,1.11342,1.10174,1.11160,149578
2015-08-20 08:00:00,1.11154,1.12444,1.11067,1.12375,154304
2015-08-21 08:00:00,1.12372,1.13884,1.12289,1.13865,186431
2015-08-24 08:00:00,1.13742,1.17138,1.13679,1.16129,261024
2015-08-25 08:00:00,1.16168,1.16214,1.13961,1.15127,240331
2015-08-26 08:00:00,1.15155,1.15612,1.12912,1.13115,231687
2015-08-27 08:00:00,1.13072,1.13642,1.12028,1.12393,182216
2015-08-28 08:00:00,1.12428,1.13094,1.11559,1.11803,157044
2015-08-31 08:00:00,1.11767,1.12620,1.11692,1.12090,123174
2015-09-01 08:00:00,1.12079,1.13318,1.12077,1.13133,174012
2015-09-02 08:00:00,1.13127,1.13193,1.12162,1.12258,159394
2015-09-03 08:00:00,1.12252,1.12430,1.10869,1.11222,143763
2015-09-04 08:00:00,1.11206,1.11894,1.10897,1.11469,145529
2015-09-07 08:00:00,1.11571,1.11774,1.11210,1.11684,112259
2015-09-08 08:00:00,1.11668,1.12292,1.11522,1.12012,144640
2015-09-09 08:00:00,1.11981,1.12160,1.11313,1.12060,153104
2015-09-10 08:00:00,1.12020,1.12950,1.11715,1.12776,168140
2015-09-11 08:00:00,1.12755,1.13493,1.12538,1.13395,146209
2015-09-14 08:00:00,1.13298,1.13729,1.12832,1.13150,123048
2015-09-15 08:00:00,1.13145,1.13284,1.12580,1.12687,137018
2015-09-16 08:00:00,1.12680,1.13204,1.12138,1.12890,132532
2015-09-17 08:00:00,1.12885,1.14408,1.12842,1.14336,145689
2015-09-18 08:00:00,1.14333,1.14600,1.12691,1.12985,159089
2015-09-21 08:00:00,1.12823,1.13298,1.11809,1.11888,139437
2015-09-22 08:00:00,1.11886,1.12072,1.11130,1.11236,136505
2015-09-23 08:00:00,1.11229,1.12130,1.11049,1.11844,143671
2015-09-24 08:00:00,1.11843,1.12956,1.11641,1.12321,159672
2015-09-25 08:00:00,1.12280,1.12280,1.11159,1.11994,156142
2015-09-28 08:00:00,1.11910,1.12474,1.11463,1.12436,145183
2015-09-29 08:00:00,1.12441,1.12810,1.11935,1.12478,156307
2015-09-30 08:00:00,1.12469,1.12610,1.11569,1.11763,144420
2015-10-01 08:00:00,1.11748,1.12090,1.11347,1.11939,136303
2015-10-02 08:00:00,1.11931,1.13181,1.11501,1.12095,152574
2015-10-05 08:00:00,1.12202,1.12890,1.11731,1.11871,155664
2015-10-06 08:00:00,1.11854,1.12792,1.11717,1.12704,136981
2015-10-07 08:00:00,1.12706,1.12840,1.12112,1.12368,145693
2015-10-08 08:00:00,1.12353,1.13265,1.12341,1.12756,139258
2015-10-09 08:00:00,1.12748,1.13869,1.12667,1.13569,145604
2015-10-12 08:00:00,1.13588,1.13966,1.13547,1.13578,94013
2015-10-13 08:00:00,1.13571,1.14108,1.13438,1.13782,124917
2015-10-14 08:00:00,1.13773,1.14889,1.13768,1.14730,138506
2015-10-15 08:00:00,1.14723,1.14949,1.13629,1.13803,144400
2015-10-16 08:00:00,1.13819,1.13945,1.13339,1.13474,122270
2015-10-19 08:00:00,1.13546,1.13788,1.13054,1.13269,124837
2015-10-20 08:00:00,1.13268,1.13868,1.13237,1.13453,110310
2015-10-21 08:00:00,1.13430,1.13772,1.13342,1.13382,111411
2015-10-22 08:00:00,1.13372,1.13507,1.10998,1.11087,150246
2015-10-23 08:00:00,1.11055,1.11394,1.09963,1.10169,153746
2015-10-26 08:00:00,1.10071,1.10682,1.10035,1.10529,114119
2015-10-27 08:00:00,1.10524,1.10780,1.10300,1.10462,115382
2015-10-28 08:00:00,1.10454,1.10955,1.08966,1.09267,128620
2015-10-29 08:00:00,1.09268,1.09862,1.09026,1.09858,125217
2015-10-30 08:00:00,1.09858,1.10723,1.09653,1.10050,137706
2015-11-02 08:00:00,1.10266,1.10527,1.09998,1.10150,109114
2015-11-03 08:00:00,1.10139,1.10298,1.09357,1.09627,119749
2015-11-04 08:00:00,1.09626,1.09675,1.08439,1.08653,136540
2015-11-05 08:00:00,1.08628,1.08972,1.08333,1.08828,133932
2015-11-06 08:00:00,1.08825,1.08935,1.07070,1.07390,132696
2015-11-09 08:00:00,1.07283,1.07896,1.07191,1.07499,146695
2015-11-10 08:00:00,1.07500,1.07637,1.06740,1.07227,141813
2015-11-11 08:00:00,1.07214,1.07733,1.07054,1.07417,131074
2015-11-12 08:00:00,1.07432,1.08301,1.06906,1.08120,175868
2015-11-13 08:00:00,1.08103,1.08167,1.07137,1.07668,158760
2015-11-16 08:00:00,1.07366,1.07578,1.06744,1.06847,148817
2015-11-17 08:00:00,1.06770,1.06904,1.06305,1.06430,145784
2015-11-18 08:00:00,1.06413,1.06922,1.06166,1.06583,135966
2015-11-19 08:00:00,1.06574,1.07628,1.06549,1.07338,156694
2015-11-20 08:00:00,1.07322,1.07382,1.06397,1.06451,141561
2015-11-23 08:00:00,1.06372,1.06565,1.05922,1.06354,150590
2015-11-24 08:00:00,1.06355,1.06733,1.06193,1.06426,154783
2015-11-25 08:00:00,1.06428,1.06890,1.05657,1.06238,163860
2015-11-26 08:00:00,1.06228,1.06270,1.05996,1.06102,100405
2015-11-27 08:00:00,1.06101,1.06376,1.05682,1.05938,122303
2015-11-30 08:00:00,1.05887,1.05947,1.05576,1.05643,125836
2015-12-01 08:00:00,1.05639,1.06369,1.05629,1.06324,142795
2015-12-02 08:00:00,1.06340,1.06355,1.05505,1.06135,148672
2015-12-03 08:00:00,1.06121,1.09807,1.05222,1.09385,193877
2015-12-04 08:00:00,1.09408,1.09559,1.08357,1.08779,197815
2015-12-07 08:00:00,1.08681,1.08872,1.07958,1.08366,137004
2015-12-08 08:00:00,1.08348,1.09021,1.08299,1.08920,147793
2015-12-09 08:00:00,1.08895,1.10427,1.08789,1.10244,173961
2015-12-10 08:00:00,1.10214,1.10242,1.09247,1.09401,152562
2015-12-11 08:00:00,1.09395,1.10305,1.09263,1.09894,163728
2015-12-14 08:00:00,1.09801,1.10483,1.09452,1.09922,173997
2015-12-15 08:00:00,1.09905,1.10593,1.09044,1.09285,159311
2015-12-16 08:00:00,1.09289,1.10116,1.08878,1.09104,173023
2015-12-17 08:00:00,1.09097,1.09138,1.08023,1.08245,150539
2015-12-18 08:00:00,1.08242,1.08742,1.08047,1.08613,156544
2015-12-21 08:00:00,1.08511,1.09387,1.08457,1.09139,127939
2015-12-22 08:00:00,1.09133,1.09839,1.09021,1.09568,120357
2015-12-23 08:00:00,1.09506,1.09568,1.08696,1.09099,104495
2015-12-24 08:00:00,1.09087,1.09673,1.09023,1.09542,61302
2015-12-28 08:00:00,1.09441,1.09922,1.09441,1.09681,79315
2015-12-29 08:00:00,1.09641,1.09914,1.08988,1.09180,92900
2015-12-30 08:00:00,1.09214,1.09434,1.09014,1.09312,93938
2015-12-31 08:00:00,1.09303,1.09368,1.08526,1.08609,66736
2016-01-04 08:00:00,1.08696,1.09462,1.07808,1.08319,157687
2016-01-05 08:00:00,1.08274,1.08386,1.07104,1.07463,132203
2016-01-06 08:00:00,1.07464,1.07992,1.07127,1.07796,149117
2016-01-07 08:00:00,1.07789,1.09399,1.07707,1.09287,177685
2016-01-08 08:00:00,1.09243,1.09331,1.08028,1.09245,172703
2016-01-11 08:00:00,1.09171,1.09697,1.08476,1.08581,153753
2016-01-12 08:00:00,1.08568,1.08999,1.08193,1.08570,159298
2016-01-13 08:00:00,1.08579,1.08870,1.08046,1.08757,165246
2016-01-14 08:00:00,1.08739,1.09429,1.08342,1.08634,181007
2016-01-15 08:00:00,1.08647,1.09844,1.08543,1.09132,184568
2016-01-18 08:00:00,1.09206,1.09273,1.08684,1.08941,128564
2016-01-19 08:00:00,1.08894,1.09389,1.08591,1.09065,163116
2016-01-20 08:00:00,1.09051,1.09757,1.08769,1.08883,192784
2016-01-21 08:00:00,1.08876,1.09208,1.07770,1.08726,208559
2016-01-22 08:00:00,1.08727,1.08763,1.07888,1.07965,166857
2016-01-25 08:00:00,1.07886,1.08566,1.07886,1.08475,153222
2016-01-26 08:00:00,1.08474,1.08740,1.08185,1.08683,148897
2016-01-27 08:00:00,1.08685,1.09163,1.08503,1.08920,176075
2016-01-28 08:00:00,1.08925,1.09674,1.08694,1.09390,170459
2016-01-29 08:00:00,1.09384,1.09483,1.08096,1.08300,209310
2016-02-01 08:00:00,1.08297,1.09125,1.08142,1.08873,149072
2016-02-02 08:00:00,1.08873,1.09397,1.08819,1.09177,151389
2016-02-03 08:00:00,1.09158,1.11452,1.09034,1.11017,200352
2016-02-04 08:00:00,1.11016,1.12387,1.10693,1.12067,225686
2016-02-05 08:00:00,1.12053,1.12468,1.11084,1.11578,187784
2016-02-08 08:00:00,1.11415,1.12155,1.10862,1.11912,189737
2016-02-09 08:00:00,1.11910,1.13378,1.11620,1.12940,231656
2016-02-10 08:00:00,1.12903,1.13111,1.11602,1.12889,229356
2016-02-11 08:00:00,1.12899,1.13761,1.12736,1.13218,253405
2016-02-12 08:00:00,1.13220,1.13337,1.12138,1.12503,208643
2016-02-15 08:00:00,1.12336,1.12495,1.11276,1.11531,159956
2016-02-16 08:00:00,1.11530,1.11928,1.11239,1.11423,168249
2016-02-17 08:00:00,1.11420,1.11788,1.11057,1.11267,171626
2016-02-18 08:00:00,1.11262,1.11493,1.10707,1.11058,166185
2016-02-19 08:00:00,1.11063,1.11390,1.10664,1.11279,157798
2016-02-22 08:00:00,1.11111,1.11244,1.10028,1.10281,148929
2016-02-23 08:00:00,1.10273,1.10524,1.09898,1.10180,159977
2016-02-24 08:00:00,1.10173,1.10459,1.09571,1.10116,176041
2016-02-25 08:00:00,1.10137,1.10496,1.09865,1.10168,161056
2016-02-26 08:00:00,1.10168,1.10679,1.09114,1.09289,159885
2016-02-29 08:00:00,1.09130,1.09625,1.08589,1.08718,161758
2016-03-01 08:00:00,1.08751,1.08932,1.08338,1.08656,162298
2016-03-02 08:00:00,1.08644,1.08807,1.08251,1.08672,160186
2016-03-03 08:00:00,1.08676,1.09725,1.08533,1.09556,154816
2016-03-04 08:00:00,1.09556,1.10430,1.09027,1.10064,166289
2016-03-07 08:00:00,1.09879,1.10255,1.09397,1.10121,127729
2016-03-08 08:00:00,1.10127,1.10575,1.09933,1.10096,142910
2016-03-09 08:00:00,1.10095,1.10345,1.09457,1.09981,134228
2016-03-10 08:00:00,1.09973,1.12177,1.08219,1.11759,176693
2016-03-11 08:00:00,1.11759,1.12093,1.10801,1.11462,150540
2016-03-14 08:00:00,1.11444,1.11759,1.10775,1.11012,127000
2016-03-15 08:00:00,1.11012,1.11248,1.10715,1.11048,130357
2016-03-16 08:00:00,1.11049,1.12420,1.10575,1.12120,146973
2016-03-17 08:00:00,1.12123,1.13422,1.12048,1.13151,161032
2016-03-18 08:00:00,1.13139,1.13365,1.12558,1.12688,138417
2016-03-21 08:00:00,1.12682,1.12844,1.12344,1.12386,115649
2016-03-22 08:00:00,1.12386,1.12596,1.11881,1.12150,118562
2016-03-23 08:00:00,1.12151,1.12231,1.11628,1.11796,90109
2016-03-24 08:00:00,1.11802,1.11874,1.11439,1.11786,104732
2016-03-25 08:00:00,1.11786,1.11789,1.11536,1.11613,45514
2016-03-28 08:00:00,1.11599,1.12197,1.11527,1.11952,62033
2016-03-29 08:00:00,1.11930,1.13032,1.11687,1.12893,141292
2016-03-30 08:00:00,1.12896,1.13652,1.12831,1.13387,152488
2016-03-31 08:00:00,1.13359,1.14115,1.13098,1.13788,145361
2016-04-01 08:00:00,1.13777,1.14377,1.13344,1.13897,159690
2016-04-04 08:00:00,1.13994,1.14123,1.13570,1.13888,129475
2016-04-05 08:00:00,1.13863,1.14049,1.13356,1.13826,146695
2016-04-06 08:00:00,1.13826,1.14317,1.13262,1.13979,149211
2016-04-07 08:00:00,1.13975,1.14538,1.13373,1.13767,165889
2016-04-08 08:00:00,1.13751,1.14190,1.13488,1.13949,140419
2016-04-11 08:00:00,1.14138,1.14470,1.13721,1.14097,126835
2016-04-12 08:00:00,1.14052,1.14645,1.13458,1.13835,144352
2016-04-13 08:00:00,1.13827,1.13909,1.12680,1.12723,151524
2016-04-14 08:00:00,1.12728,1.12945,1.12335,1.12663,137771
2016-04-15 08:00:00,1.12616,1.13167,1.12453,1.12827,119449
2016-04-18 08:00:00,1.12998,1.13317,1.12734,1.13119,119210
2016-04-19 08:00:00,1.13091,1.13842,1.13030,1.13575,121795
2016-04-20 08:00:00,1.13566,1.13876,1.12901,1.12952,129818
2016-04-21 08:00:00,1.12952,1.13985,1.12696,1.12860,147583
2016-04-22 08:00:00,1.12859,1.13084,1.12154,1.12154,143320
2016-04-25 08:00:00,1.12167,1.12779,1.12145,1.12660,122000
2016-04-26 08:00:00,1.12660,1.13394,1.12559,1.12950,125742
2016-04-27 08:00:00,1.12948,1.13611,1.12713,1.13191,131122
2016-04-28 08:00:00,1.13199,1.13676,1.12960,1.13509,155075
2016-04-29 08:00:00,1.13509,1.14590,1.13470,1.14504,156574
2016-05-02 08:00:00,1.14582,1.15354,1.14479,1.15331,131824
2016-05-03 08:00:00,1.15331,1.16159,1.14947,1.14949,159314
2016-05-04 08:00:00,1.14960,1.15292,1.14659,1.14855,156038
2016-05-05 08:00:00,1.14829,1.14934,1.13856,1.14048,129054
2016-05-06 08:00:00,1.14040,1.14796,1.13863,1.14009,138490
2016-05-09 08:00:00,1.13939,1.14194,1.13750,1.13806,118175
2016-05-10 08:00:00,1.13814,1.14096,1.13583,1.13717,117173
2016-05-11 08:00:00,1.13691,1.14462,1.13686,1.14251,110018
2016-05-12 08:00:00,1.14242,1.14288,1.13702,1.13766,116605
2016-05-13 08:00:00,1.13736,1.13795,1.12825,1.13088,133533
2016-05-16 08:00:00,1.13098,1.13420,1.13019,1.13193,103824
2016-05-17 08:00:00,1.13198,1.13482,1.13013,1.13118,120937
2016-05-18 08:00:00,1.13111,1.13159,1.12140,1.12158,142939
2016-05-19 08:00:00,1.12144,1.12297,1.11796,1.12019,137673
2016-05-20 08:00:00,1.12016,1.12370,1.11960,1.12217,100668
2016-05-23 08:00:00,1.12033,1.12426,1.11873,1.12190,105512
2016-05-24 08:00:00,1.12187,1.12267,1.11321,1.11393,122763
2016-05-25 08:00:00,1.11398,1.11666,1.11285,1.11539,117544
2016-05-26 08:00:00,1.11536,1.12164,1.11492,1.11927,117558
2016-05-27 08:00:00,1.11918,1.12004,1.11107,1.11130,110864
2016-05-30 08:00:00,1.11125,1.11443,1.10977,1.11380,74596
2016-05-31 08:00:00,1.11362,1.11731,1.11219,1.11303,134654
2016-06-01 08:00:00,1.11301,1.11937,1.11138,1.11869,142623
2016-06-02 08:00:00,1.11865,1.12198,1.11449,1.11510,134491
2016-06-03 08:00:00,1.11499,1.13732,1.10707,1.13662,151235
2016-06-06 08:00:00,1.13542,1.13923,1.13262,1.13528,142741
2016-06-07 08:00:00,1.13528,1.13801,1.13383,1.13555,121862
2016-06-08 08:00:00,1.13563,1.14103,1.13541,1.13938,118280
2016-06-09 08:00:00,1.13936,1.14151,1.13052,1.13129,129055
2016-06-10 08:00:00,1.13130,1.13210,1.12450,1.12533,133550
2016-06-13 08:00:00,1.12478,1.13027,1.12316,1.12893,149811
2016-06-14 08:00:00,1.12890,1.12980,1.11886,1.12056,139493
2016-06-15 08:00:00,1.12068,1.12982,1.11894,1.12602,140534
2016-06-16 08:00:00,1.12580,1.12946,1.11307,1.12230,179607
2016-06-17 08:00:00,1.12231,1.12961,1.12225,1.12752,136556
2016-06-20 08:00:00,1.13308,1.13821,1.13018,1.13121,141590
2016-06-21 08:00:00,1.13093,1.13492,1.12428,1.12439,126239
2016-06-22 08:00:00,1.12421,1.13372,1.12362,1.12947,122068
2016-06-23 08:00:00,1.12937,1.14208,1.12930,1.13791,141171
2016-06-24 08:00:00,1.13840,1.14278,1.09113,1.10912,298052
2016-06-27 08:00:00,1.10024,1.10833,1.09705,1.10237,211882
2016-06-28 08:00:00,1.10235,1.11112,1.10098,1.10647,154073
2016-06-29 08:00:00,1.10641,1.11300,1.10489,1.11235,152566
2016-06-30 08:00:00,1.11170,1.11541,1.10238,1.11048,172106
2016-07-01 08:00:00,1.11014,1.11689,1.10716,1.11361,133497
2016-07-04 08:00:00,1.11245,1.11591,1.10975,1.11532,94539
2016-07-05 08:00:00,1.11528,1.11862,1.10619,1.10750,128447
2016-07-06 08:00:00,1.10709,1.11112,1.10288,1.10989,159080
2016-07-07 08:00:00,1.10969,1.11069,1.10522,1.10601,128413
2016-07-08 08:00:00,1.10601,1.11198,1.10016,1.10497,124816
2016-07-11 08:00:00,1.10448,1.10743,1.10153,1.10568,115627
2016-07-12 08:00:00,1.10556,1.11260,1.10517,1.10604,142857
2016-07-13 08:00:00,1.10595,1.11195,1.10418,1.10883,133693
2016-07-14 08:00:00,1.10877,1.11644,1.10850,1.11191,150937
2016-07-15 08:00:00,1.11173,1.11486,1.10240,1.10244,140172
2016-07-18 08:00:00,1.10497,1.10839,1.10372,1.10748,108109
2016-07-19 08:00:00,1.10735,1.10801,1.09996,1.10189,109057
2016-07-20 08:00:00,1.10187,1.10298,1.09810,1.10129,105232
2016-07-21 08:00:00,1.10122,1.10600,1.09793,1.10237,134508
2016-07-22 08:00:00,1.10229,1.10406,1.09551,1.09747,118458
2016-07-25 08:00:00,1.09725,1.09986,1.09516,1.09942,100144
2016-07-26 08:00:00,1.09927,1.10294,1.09778,1.09855,103516
2016-07-27 08:00:00,1.09821,1.10647,1.09314,1.10583,119260
2016-07-28 08:00:00,1.10570,1.11191,1.10519,1.10757,117064
2016-07-29 08:00:00,1.10763,1.11972,1.10720,1.11743,140309
2016-08-01 08:00:00,1.11715,1.11831,1.11548,1.11614,101194
2016-08-02 08:00:00,1.11602,1.12334,1.11573,1.12209,116373
2016-08-03 08:00:00,1.12202,1.12265,1.11403,1.11474,99248
2016-08-04 08:00:00,1.11478,1.11561,1.11135,1.11282,110679
2016-08-05 08:00:00,1.11252,1.11608,1.10453,1.10867,103834
2016-08-08 08:00:00,1.10795,1.11046,1.10716,1.10878,88072
2016-08-09 08:00:00,1.10855,1.11221,1.10700,1.11169,93176
2016-08-10 08:00:00,1.11151,1.11898,1.11114,1.11744,106029
2016-08-11 08:00:00,1.11744,1.11909,1.11349,1.11354,107170
2016-08-12 08:00:00,1.11356,1.12209,1.11309,1.11634,109188
2016-08-15 08:00:00,1.11659,1.12032,1.11530,1.11825,83715
2016-08-16 08:00:00,1.11820,1.13221,1.11770,1.12772,123356
2016-08-17 08:00:00,1.12773,1.13155,1.12403,1.12874,114477
2016-08-18 08:00:00,1.12837,1.13661,1.12837,1.13536,121750
2016-08-19 08:00:00,1.13521,1.13591,1.13037,1.13237,110099
2016-08-22 08:00:00,1.13087,1.13302,1.12707,1.13190,105292
2016-08-23 08:00:00,1.13180,1.13548,1.13028,1.13041,100937
2016-08-24 08:00:00,1.13039,1.13111,1.12448,1.12628,109242
2016-08-25 08:00:00,1.12625,1.12970,1.12588,1.12833,82751
2016-08-26 08:00:00,1.12783,1.13406,1.11806,1.11856,122981
2016-08-29 08:00:00,1.11823,1.12074,1.11575,1.11889,94988
2016-08-30 08:00:00,1.11873,1.11920,1.11317,1.11418,96173
2016-08-31 08:00:00,1.11400,1.11650,1.11227,1.11571,103050
2016-09-01 08:00:00,1.11562,1.12048,1.11272,1.11957,105894
2016-09-02 08:00:00,1.11927,1.12518,1.11449,1.11449,119722
2016-09-05 08:00:00,1.11564,1.11819,1.11393,1.11458,81686
2016-09-06 08:00:00,1.11456,1.12627,1.11404,1.12555,110662
2016-09-07 08:00:00,1.12516,1.12706,1.12283,1.12385,109600
2016-09-08 08:00:00,1.12384,1.13266,1.12340,1.12607,127443
2016-09-09 08:00:00,1.12596,1.12849,1.11981,1.12235,121473
2016-09-12 08:00:00,1.12304,1.12680,1.12100,1.12349,126786
2016-09-13 08:00:00,1.12331,1.12601,1.12036,1.12182,124533
2016-09-14 08:00:00,1.12180,1.12737,1.12097,1.12495,116530
2016-09-15 08:00:00,1.12488,1.12833,1.12187,1.12435,123670
2016-09-16 08:00:00,1.12422,1.12497,1.11492,1.11535,119434
2016-09-19 08:00:00,1.11531,1.11975,1.11505,1.11731,99139
2016-09-20 08:00:00,1.11729,1.12131,1.11495,1.11501,113779
2016-09-21 08:00:00,1.11486,1.11962,1.11228,1.11878,134851
2016-09-22 08:00:00,1.11865,1.12569,1.11844,1.12068,110922
2016-09-23 08:00:00,1.12068,1.12403,1.11935,1.12149,105350
2016-09-26 08:00:00,1.12290,1.12788,1.12204,1.12524,100826
2016-09-27 08:00:00,1.12533,1.12586,1.11906,1.12137,119008
2016-09-28 08:00:00,1.12152,1.12365,1.11814,1.12163,121252
2016-09-29 08:00:00,1.12160,1.12496,1.11965,1.12210,127561
2016-09-30 08:00:00,1.12212,1.12503,1.11531,1.12399,159432
2016-10-03 08:00:00,1.12262,1.12439,1.12049,1.12096,103336
2016-10-04 08:00:00,1.12101,1.12384,1.11376,1.12042,146345
2016-10-05 08:00:00,1.12015,1.12330,1.11894,1.12031,127464
2016-10-06 08:00:00,1.12030,1.12121,1.11395,1.11493,127469
2016-10-07 08:00:00,1.11481,1.12048,1.11040,1.11931,187746
2016-10-10 08:00:00,1.11810,1.12028,1.11309,1.11390,109958
2016-10-11 08:00:00,1.11346,1.11419,1.10486,1.10530,147615
2016-10-12 08:00:00,1.10530,1.10673,1.10041,1.10046,152051
2016-10-13 08:00:00,1.10063,1.10573,1.09851,1.10547,121174
2016-10-14 08:00:00,1.10543,1.10582,1.09699,1.09711,133087
2016-10-17 08:00:00,1.09689,1.10076,1.09635,1.09985,109813
2016-10-18 08:00:00,1.09994,1.10262,1.09697,1.09794,108880
2016-10-19 08:00:00,1.09783,1.10044,1.09547,1.09735,111049
2016-10-20 08:00:00,1.09720,1.10388,1.09154,1.09285,119987
2016-10-21 08:00:00,1.09281,1.09293,1.08590,1.08736,107479
2016-10-24 08:00:00,1.08801,1.08993,1.08592,1.08812,95964
2016-10-25 08:00:00,1.08800,1.09045,1.08507,1.08880,117030
2016-10-26 08:00:00,1.08863,1.09462,1.08740,1.09069,100906
2016-10-27 08:00:00,1.09068,1.09418,1.08821,1.08945,113193
2016-10-28 08:00:00,1.08960,1.09915,1.08926,1.09745,125686
2016-10-31 08:00:00,1.09841,1.09907,1.09355,1.09762,99166
2016-11-01 08:00:00,1.09761,1.10686,1.09597,1.10564,114514
2016-11-02 08:00:00,1.10571,1.11228,1.10493,1.10946,130446
2016-11-03 08:00:00,1.10950,1.11255,1.10595,1.11050,127812
2016-11-04 08:00:00,1.11052,1.11405,1.10795,1.11375,117117
2016-11-07 08:00:00,1.10616,1.11099,1.10270,1.10395,113657
2016-11-08 08:00:00,1.10396,1.10667,1.10083,1.10257,105103
2016-11-09 08:00:00,1.10238,1.12991,1.09066,1.09077,289426
2016-11-10 08:00:00,1.09083,1.09533,1.08645,1.08907,179357
2016-11-11 08:00:00,1.08932,1.09229,1.08301,1.08503,169227
2016-11-14 08:00:00,1.08316,1.08403,1.07087,1.07358,188186
2016-11-15 08:00:00,1.07357,1.08161,1.07138,1.07215,159227
2016-11-16 08:00:00,1.07205,1.07592,1.06656,1.06898,149265
2016-11-17 08:00:00,1.06899,1.07453,1.06197,1.06241,159831
2016-11-18 08:00:00,1.06216,1.06425,1.05687,1.05826,173588
2016-11-21 08:00:00,1.05915,1.06488,1.05785,1.06264,167387
2016-11-22 08:00:00,1.06256,1.06575,1.05835,1.06243,152885
2016-11-23 08:00:00,1.06220,1.06433,1.05258,1.05516,150838
2016-11-24 08:00:00,1.05485,1.05849,1.05176,1.05517,136236
2016-11-25 08:00:00,1.05462,1.06270,1.05291,1.05772,153514
2016-11-28 08:00:00,1.06079,1.06854,1.05632,1.06122,157206
2016-11-29 08:00:00,1.06116,1.06542,1.05645,1.06487,145680
2016-11-30 08:00:00,1.06472,1.06662,1.05521,1.05870,172645
2016-12-01 08:00:00,1.05891,1.06683,1.05842,1.06596,143640
2016-12-02 08:00:00,1.06581,1.06896,1.06248,1.06538,126286
2016-12-05 08:00:00,1.06171,1.07959,1.05044,1.07631,167247
2016-12-06 08:00:00,1.07617,1.07850,1.06979,1.07177,108323
2016-12-07 08:00:00,1.07153,1.07679,1.07095,1.07513,90536
2016-12-08 08:00:00,1.07521,1.08734,1.05968,1.06121,136595
2016-12-09 08:00:00,1.06117,1.06293,1.05306,1.05515,106246
2016-12-12 08:00:00,1.05326,1.06513,1.05250,1.06336,110141
2016-12-13 08:00:00,1.06333,1.06667,1.06034,1.06244,111390
2016-12-14 08:00:00,1.06233,1.06698,1.04955,1.05340,130434
2016-12-15 08:00:00,1.05308,1.05389,1.03660,1.04126,176714
2016-12-16 08:00:00,1.04107,1.04738,1.04003,1.04401,131312
2016-12-19 08:00:00,1.04374,1.04791,1.03922,1.04010,121196
2016-12-20 08:00:00,1.03998,1.04175,1.03519,1.03867,115654
2016-12-21 08:00:00,1.03846,1.04509,1.03819,1.04228,105491
2016-12-22 08:00:00,1.04220,1.04989,1.04213,1.04355,110550
2016-12-23 08:00:00,1.04326,1.04700,1.04262,1.04700,75127
2016-12-26 08:00:00,1.04607,1.04668,1.03249,1.04491,47828
2016-12-27 08:00:00,1.04493,1.04630,1.04319,1.04566,72758
2016-12-28 08:00:00,1.04546,1.04795,1.03717,1.04102,93872
2016-12-29 08:00:00,1.04162,1.04936,1.04079,1.04892,115168
2016-12-30 08:00:00,1.04844,1.06522,1.04827,1.05068,148657
2017-01-02 08:00:00,1.05100,1.05275,1.04480,1.04519,72920
2017-01-03 08:00:00,1.04524,1.04898,1.03399,1.04044,139335
2017-01-04 08:00:00,1.04044,1.04996,1.03895,1.04871,138590
2017-01-05 08:00:00,1.04871,1.06149,1.04804,1.06055,170836
2017-01-06 08:00:00,1.06005,1.06207,1.05235,1.05235,146008
2017-01-09 08:00:00,1.05292,1.05826,1.05104,1.05723,125800
2017-01-10 08:00:00,1.05718,1.06268,1.05506,1.05534,147523
2017-01-11 08:00:00,1.05530,1.06226,1.04534,1.05818,180859
2017-01-12 08:00:00,1.05818,1.06844,1.05710,1.06109,180739
2017-01-13 08:00:00,1.06104,1.06730,1.05959,1.06420,140972
2017-01-16 08:00:00,1.06023,1.06355,1.05789,1.05946,117923
2017-01-17 08:00:00,1.05946,1.07190,1.05893,1.07120,171611
2017-01-18 08:00:00,1.07111,1.07150,1.06278,1.06286,145054
2017-01-19 08:00:00,1.06288,1.06763,1.05888,1.06627,167230
2017-01-20 08:00:00,1.06610,1.07090,1.06248,1.06982,161072
2017-01-23 08:00:00,1.07004,1.07688,1.06930,1.07631,156981
2017-01-24 08:00:00,1.07643,1.07745,1.07199,1.07310,142073
2017-01-25 08:00:00,1.07288,1.07694,1.07109,1.07465,139081
2017-01-26 08:00:00,1.07477,1.07653,1.06572,1.06810,146134
2017-01-27 08:00:00,1.06794,1.07247,1.06579,1.06968,129909
2017-01-30 08:00:00,1.07023,1.07399,1.06200,1.06920,130424
2017-01-31 08:00:00,1.06921,1.08120,1.06843,1.07968,168241
2017-02-01 08:00:00,1.07958,1.08070,1.07298,1.07675,147733
2017-02-02 08:00:00,1.07668,1.08284,1.07556,1.07569,150389
2017-02-03 08:00:00,1.07570,1.07973,1.07106,1.07789,138674
2017-02-06 08:00:00,1.07848,1.07906,1.07053,1.07488,128085
2017-02-07 08:00:00,1.07392,1.07492,1.06558,1.06820,129264
2017-02-08 08:00:00,1.06795,1.07138,1.06402,1.06969,128190
2017-02-09 08:00:00,1.06971,1.07092,1.06505,1.06541,122349
2017-02-10 08:00:00,1.06552,1.06674,1.06072,1.06377,126662
2017-02-13 08:00:00,1.06276,1.06581,1.05917,1.05972,111130
2017-02-14 08:00:00,1.05948,1.06331,1.05607,1.05764,122216
2017-02-15 08:00:00,1.05738,1.06090,1.05210,1.05991,129683
2017-02-16 08:00:00,1.05980,1.06790,1.05906,1.06727,129206
2017-02-17 08:00:00,1.06725,1.06762,1.06051,1.06056,117825
2017-02-20 08:00:00,1.06069,1.06326,1.06029,1.06103,94749
2017-02-21 08:00:00,1.06099,1.06149,1.05255,1.05349,114609
2017-02-22 08:00:00,1.05345,1.05737,1.04933,1.05573,130425
2017-02-23 08:00:00,1.05526,1.05949,1.05373,1.05804,114714
2017-02-24 08:00:00,1.05778,1.06176,1.05513,1.05513,114958
2017-02-27 08:00:00,1.05622,1.06304,1.05511,1.05851,112006
2017-02-28 08:00:00,1.05851,1.06298,1.05680,1.05757,119666
2017-03-01 08:00:00,1.05731,1.05890,1.05138,1.05459,145664
2017-03-02 08:00:00,1.05457,1.05512,1.04946,1.05059,119742
2017-03-03 08:00:00,1.05058,1.06236,1.05015,1.06166,132864
2017-03-06 08:00:00,1.06033,1.06397,1.05745,1.05803,110065
2017-03-07 08:00:00,1.05806,1.06022,1.05580,1.05655,101958
2017-03-08 08:00:00,1.05635,1.05738,1.05345,1.05392,114282
2017-03-09 08:00:00,1.05392,1.06151,1.05247,1.05756,140205
2017-03-10 08:00:00,1.05737,1.06988,1.05721,1.06712,133854
2017-03-13 08:00:00,1.06832,1.07141,1.06519,1.06535,124435
2017-03-14 08:00:00,1.06533,1.06624,1.05995,1.06077,114250
2017-03-15 08:00:00,1.06077,1.07397,1.06042,1.07360,130081
2017-03-16 08:00:00,1.07359,1.07738,1.07053,1.07715,139451
2017-03-17 08:00:00,1.07715,1.07821,1.07272,1.07362,114154
2017-03-20 08:00:00,1.07384,1.07770,1.07249,1.07363,97003
2017-03-21 08:00:00,1.07363,1.08190,1.07189,1.08060,129951
2017-03-22 08:00:00,1.08061,1.08245,1.07755,1.07919,127134
2017-03-23 08:00:00,1.07919,1.08047,1.07677,1.07822,119707
2017-03-24 08:00:00,1.07821,1.08178,1.07600,1.07957,110958
2017-03-27 08:00:00,1.08316,1.09057,1.08266,1.08638,115047
2017-03-28 08:00:00,1.08637,1.08723,1.07985,1.08123,101690
2017-03-29 08:00:00,1.08117,1.08263,1.07396,1.07640,110785
2017-03-30 08:00:00,1.07647,1.07695,1.06717,1.06740,109951
2017-03-31 08:00:00,1.06742,1.07017,1.06462,1.06462,111341
2017-04-03 08:00:00,1.06591,1.06807,1.06421,1.06683,95896
2017-04-04 08:00:00,1.06690,1.06770,1.06354,1.06720,90474
2017-04-05 08:00:00,1.06710,1.06887,1.06345,1.06624,101806
2017-04-06 08:00:00,1.06611,1.06838,1.06287,1.06434,102924
2017-04-07 08:00:00,1.06425,1.06664,1.05804,1.05884,121252
2017-04-10 08:00:00,1.05860,1.06063,1.05695,1.05947,85374
2017-04-11 08:00:00,1.05935,1.06299,1.05783,1.06037,91908
2017-04-12 08:00:00,1.06034,1.06749,1.05886,1.06633,97739
2017-04-13 08:00:00,1.06639,1.06773,1.06089,1.06122,96747
2017-04-14 08:00:00,1.06116,1.06294,1.06056,1.06096,56440
2017-04-17 08:00:00,1.06102,1.06701,1.06025,1.06411,66325
2017-04-18 08:00:00,1.06415,1.07357,1.06365,1.07302,104650
2017-04-19 08:00:00,1.07279,1.07366,1.06995,1.07094,88867
2017-04-20 08:00:00,1.07089,1.07773,1.07073,1.07161,89234
2017-04-21 08:00:00,1.07160,1.07378,1.06820,1.07266,87727
2017-04-24 08:00:00,1.09047,1.09061,1.08205,1.08667,127035
2017-04-25 08:00:00,1.08668,1.09497,1.08511,1.09245,98577
2017-04-26 08:00:00,1.09243,1.09506,1.08554,1.09033,114756
2017-04-27 08:00:00,1.09024,1.09325,1.08514,1.08720,107815
2017-04-28 08:00:00,1.08702,1.09471,1.08567,1.08921,104029
2017-05-01 08:00:00,1.09086,1.09234,1.08838,1.08985,61763
2017-05-02 08:00:00,1.08970,1.09328,1.08878,1.09317,88672
2017-05-03 08:00:00,1.09276,1.09365,1.08825,1.08839,99328
2017-05-04 08:00:00,1.08847,1.09869,1.08745,1.09837,120420
2017-05-05 08:00:00,1.09837,1.09988,1.09476,1.09863,110899
2017-05-08 08:00:00,1.10160,1.10176,1.09159,1.09236,114797
2017-05-09 08:00:00,1.09234,1.09331,1.08631,1.08729,113893
2017-05-10 08:00:00,1.08728,1.08979,1.08530,1.08672,106932
2017-05-11 08:00:00,1.08671,1.08927,1.08387,1.08611,102157
2017-05-12 08:00:00,1.08611,1.09341,1.08553,1.09268,100190
2017-05-15 08:00:00,1.09318,1.09892,1.09222,1.09748,93364
2017-05-16 08:00:00,1.09747,1.10970,1.09730,1.10825,114885
2017-05-17 08:00:00,1.10823,1.11618,1.10792,1.11583,138429
2017-05-18 08:00:00,1.11583,1.11716,1.10755,1.11027,166368
2017-05-19 08:00:00,1.11025,1.12115,1.10957,1.11740,116792
2017-05-22 08:00:00,1.11984,1.12631,1.11611,1.12371,109234
2017-05-23 08:00:00,1.12371,1.12680,1.11747,1.11825,133294
2017-05-24 08:00:00,1.11821,1.12198,1.11681,1.12184,122089
2017-05-25 08:00:00,1.12181,1.12502,1.11932,1.12101,105897
2017-05-26 08:00:00,1.12100,1.12342,1.11602,1.11733,106175
2017-05-29 08:00:00,1.11660,1.11896,1.11615,1.11627,63380
2017-05-30 08:00:00,1.11622,1.12051,1.11092,1.11855,113162
2017-05-31 08:00:00,1.11853,1.12520,1.11643,1.12430,117413
2017-06-01 08:00:00,1.12429,1.12564,1.12018,1.12121,101176
2017-06-02 08:00:00,1.12123,1.12848,1.12047,1.12784,102096
2017-06-05 08:00:00,1.12699,1.12835,1.12339,1.12536,70597
2017-06-06 08:00:00,1.12546,1.12837,1.12401,1.12764,83702
2017-06-07 08:00:00,1.12749,1.12824,1.12037,1.12563,91241
2017-06-08 08:00:00,1.12557,1.12691,1.11948,1.12122,96459
2017-06-09 08:00:00,1.12153,1.12365,1.11661,1.11935,104926
2017-06-12 08:00:00,1.12045,1.12318,1.11916,1.12039,75047
2017-06-13 08:00:00,1.12015,1.12247,1.11850,1.12100,70564
2017-06-14 08:00:00,1.12100,1.12954,1.11927,1.12173,113762
2017-06-15 08:00:00,1.12157,1.12283,1.11318,1.11449,103220
2017-06-16 08:00:00,1.11435,1.12014,1.11382,1.11961,80713
2017-06-19 08:00:00,1.12037,1.12125,1.11428,1.11476,73454
2017-06-20 08:00:00,1.11476,1.11647,1.11186,1.11337,85437
2017-06-21 08:00:00,1.11319,1.11687,1.11270,1.11682,78520
2017-06-22 08:00:00,1.11682,1.11777,1.11390,1.11509,75887
2017-06-23 08:00:00,1.11512,1.12087,1.11449,1.11928,66542
2017-06-26 08:00:00,1.11969,1.12195,1.11714,1.11810,77077
2017-06-27 08:00:00,1.11785,1.13490,1.11785,1.13379,100855
2017-06-28 08:00:00,1.13366,1.13901,1.12912,1.13762,124772
2017-06-29 08:00:00,1.13784,1.14451,1.13741,1.14396,104949
2017-06-30 08:00:00,1.14396,1.14449,1.13919,1.14254,102491
2017-07-03 08:00:00,1.14175,1.14264,1.13548,1.13641,77342
2017-07-04 08:00:00,1.13612,1.13766,1.13357,1.13438,73694
2017-07-05 08:00:00,1.13401,1.13682,1.13121,1.13495,87936
2017-07-06 08:00:00,1.13505,1.14243,1.13269,1.14216,92188
2017-07-07 08:00:00,1.14207,1.14395,1.13794,1.13954,95190
2017-07-10 08:00:00,1.13965,1.14177,1.13814,1.13985,68890
2017-07-11 08:00:00,1.13966,1.14793,1.13825,1.14659,85981
2017-07-12 08:00:00,1.14641,1.14891,1.13914,1.14127,110284
2017-07-13 08:00:00,1.14124,1.14556,1.13700,1.13966,101933
2017-07-14 08:00:00,1.13958,1.14718,1.13912,1.14666,95464
2017-07-17 08:00:00,1.14688,1.14866,1.14345,1.14777,85279
2017-07-18 08:00:00,1.14790,1.15830,1.14711,1.15538,123356
2017-07-19 08:00:00,1.15539,1.15559,1.15097,1.15152,87143
2017-07-20 08:00:00,1.15135,1.16579,1.14790,1.16303,129413
2017-07-21 08:00:00,1.16296,1.16825,1.16188,1.16623,100851
2017-07-24 08:00:00,1.16589,1.16840,1.16256,1.16417,93411
2017-07-25 08:00:00,1.16421,1.17122,1.16304,1.16464,105844
2017-07-26 08:00:00,1.16476,1.17394,1.16123,1.17262,115067
2017-07-27 08:00:00,1.17262,1.17765,1.16497,1.16757,126281
2017-07-28 08:00:00,1.16757,1.17638,1.16709,1.17494,115408
2017-07-31 08:00:00,1.17518,1.18446,1.17229,1.18397,106146
2017-08-01 08:00:00,1.18397,1.18415,1.17849,1.18021,107716
2017-08-02 08:00:00,1.18006,1.19100,1.17932,1.18545,105759
2017-08-03 08:00:00,1.18548,1.18926,1.18302,1.18706,102558
2017-08-04 08:00:00,1.18706,1.18889,1.17278,1.17719,101270
2017-08-07 08:00:00,1.17729,1.18139,1.17679,1.17949,77256
2017-08-08 08:00:00,1.17942,1.18235,1.17149,1.17527,90325
2017-08-09 08:00:00,1.17502,1.17635,1.16885,1.17578,108589
2017-08-10 08:00:00,1.17558,1.17850,1.17039,1.17725,105884
2017-08-11 08:00:00,1.17717,1.18468,1.17483,1.18189,99755
2017-08-14 08:00:00,1.18212,1.18380,1.17694,1.17811,83133
2017-08-15 08:00:00,1.17811,1.17923,1.16869,1.17341,99746
2017-08-16 08:00:00,1.17337,1.17783,1.16809,1.17667,107933
2017-08-17 08:00:00,1.17673,1.17897,1.16619,1.17228,118611
2017-08-18 08:00:00,1.17222,1.17741,1.17080,1.17578,106589
2017-08-21 08:00:00,1.17590,1.18277,1.17307,1.18151,75165
2017-08-22 08:00:00,1.18140,1.18239,1.17448,1.17611,80786
2017-08-23 08:00:00,1.17611,1.18230,1.17398,1.18086,83246
2017-08-24 08:00:00,1.18086,1.18175,1.17838,1.17993,80722
2017-08-25 08:00:00,1.17987,1.19411,1.17728,1.19209,102284
2017-08-28 08:00:00,1.19423,1.19834,1.19166,1.19775,78629
2017-08-29 08:00:00,1.19775,1.20699,1.19461,1.19786,132534
2017-08-30 08:00:00,1.19710,1.19839,1.18813,1.18819,107032
2017-08-31 08:00:00,1.18825,1.19123,1.18228,1.19039,106358
2017-09-01 08:00:00,1.19039,1.19795,1.18499,1.18627,110698
2017-09-04 08:00:00,1.18807,1.19217,1.18735,1.18934,83495
2017-09-05 08:00:00,1.18934,1.19404,1.18679,1.19165,111039
2017-09-06 08:00:00,1.19081,1.19500,1.19025,1.19187,110713
2017-09-07 08:00:00,1.19158,1.20593,1.19136,1.20233,127459
2017-09-08 08:00:00,1.20208,1.20921,1.20145,1.20337,132416
2017-09-11 08:00:00,1.20161,1.20292,1.19489,1.19524,94949
2017-09-12 08:00:00,1.19522,1.19781,1.19262,1.19662,98874
2017-09-13 08:00:00,1.19661,1.19949,1.18729,1.18848,91691
2017-09-14 08:00:00,1.18848,1.19223,1.18379,1.19187,104436
2017-09-15 08:00:00,1.19187,1.19867,1.19009,1.19447,106378
2017-09-18 08:00:00,1.19233,1.19693,1.19150,1.19521,81949
2017-09-19 08:00:00,1.19521,1.20065,1.19481,1.19935,98023
2017-09-20 08:00:00,1.19936,1.20330,1.18611,1.18926,111009
2017-09-21 08:00:00,1.18926,1.19535,1.18656,1.19407,105748
2017-09-22 08:00:00,1.19399,1.20045,1.19366,1.19465,96464
2017-09-25 08:00:00,1.18987,1.19366,1.18321,1.18472,99349
2017-09-26 08:00:00,1.18472,1.18615,1.17573,1.17925,109990
2017-09-27 08:00:00,1.17925,1.17952,1.17171,1.17444,109641
2017-09-28 08:00:00,1.17444,1.18040,1.17210,1.17858,96028
2017-09-29 08:00:00,1.17854,1.18324,1.17725,1.18131,86784
2017-10-02 08:00:00,1.17945,1.18151,1.17302,1.17326,82363
2017-10-03 08:00:00,1.17326,1.17735,1.16960,1.17434,79408
2017-10-04 08:00:00,1.17434,1.17876,1.17349,1.17589,76900
2017-10-05 08:00:00,1.17589,1.17788,1.16991,1.17106,74302
2017-10-06 08:00:00,1.17106,1.17387,1.16692,1.17290,86157
2017-10-09 08:00:00,1.17305,1.17561,1.17195,1.17402,42403
2017-10-10 08:00:00,1.17402,1.18253,1.17390,1.18077,75653
2017-10-11 08:00:00,1.18077,1.18690,1.17951,1.18581,77005
2017-10-12 08:00:00,1.18581,1.18797,1.18270,1.18294,71471
2017-10-13 08:00:00,1.18294,1.18749,1.18052,1.18195,78314
2017-10-16 08:00:00,1.18120,1.18194,1.17805,1.17952,62985
2017-10-17 08:00:00,1.17958,1.18000,1.17361,1.17659,66340
2017-10-18 08:00:00,1.17660,1.18053,1.17300,1.17872,69408
2017-10-19 08:00:00,1.17872,1.18578,1.17681,1.18508,84852
2017-10-20 08:00:00,1.18508,1.18579,1.17623,1.17811,87654
2017-10-23 08:00:00,1.17664,1.17774,1.17247,1.17487,62236
2017-10-24 08:00:00,1.17487,1.17929,1.17428,1.17606,67471
2017-10-25 08:00:00,1.17605,1.18176,1.17531,1.18126,88120
2017-10-26 08:00:00,1.18126,1.18367,1.16403,1.16503,89540
2017-10-27 08:00:00,1.16503,1.16568,1.15742,1.16075,92165
2017-10-30 08:00:00,1.16054,1.16578,1.15933,1.16505,59230
2017-10-31 08:00:00,1.16503,1.16612,1.16248,1.16457,57679
2017-11-01 08:00:00,1.16451,1.16573,1.16063,1.16184,71448
2017-11-02 08:00:00,1.16177,1.16782,1.16130,1.16559,79755
2017-11-03 08:00:00,1.16559,1.16906,1.15991,1.16066,69187
2017-11-06 08:00:00,1.16097,1.16241,1.15802,1.16089,66254
2017-11-07 08:00:00,1.16091,1.16157,1.15540,1.15854,73309
2017-11-08 08:00:00,1.15854,1.16110,1.15792,1.15943,59168
2017-11-09 08:00:00,1.15943,1.16548,1.15856,1.16411,77089
2017-11-10 08:00:00,1.16411,1.16779,1.16227,1.16637,59113
2017-11-13 08:00:00,1.16574,1.16752,1.16373,1.16667,50702
2017-11-14 08:00:00,1.16665,1.18048,1.16614,1.17974,66006
2017-11-15 08:00:00,1.17974,1.18603,1.17846,1.17903,86935
2017-11-16 08:00:00,1.17903,1.18008,1.17566,1.17695,71840
2017-11-17 08:00:00,1.17695,1.18217,1.17653,1.17884,71379
2017-11-20 08:00:00,1.17852,1.18085,1.17221,1.17330,81311
2017-11-21 08:00:00,1.17330,1.17577,1.17129,1.17378,65234
2017-11-22 08:00:00,1.17378,1.18269,1.17321,1.18218,63677
2017-11-23 08:00:00,1.18218,1.18560,1.18132,1.18486,48643
2017-11-24 08:00:00,1.18486,1.19443,1.18368,1.19287,63203
2017-11-27 08:00:00,1.19265,1.19611,1.18955,1.18978,66198
2017-11-28 08:00:00,1.18970,1.19199,1.18268,1.18372,83602
2017-11-29 08:00:00,1.18365,1.18827,1.18168,1.18468,76114
2017-11-30 08:00:00,1.18468,1.19315,1.18089,1.19035,83311
2017-12-01 08:00:00,1.19031,1.19403,1.18508,1.18919,112210
2017-12-04 08:00:00,1.18618,1.18786,1.18291,1.18656,83207
2017-12-05 08:00:00,1.18655,1.18766,1.18007,1.18261,83768
2017-12-06 08:00:00,1.18247,1.18480,1.17806,1.17948,76974
2017-12-07 08:00:00,1.17948,1.18147,1.17719,1.17719,70650
2017-12-08 08:00:00,1.17719,1.17765,1.17302,1.17731,79807
2017-12-11 08:00:00,1.17650,1.18118,1.17634,1.17685,61944
2017-12-12 08:00:00,1.17685,1.17927,1.17175,1.17410,63642
2017-12-13 08:00:00,1.17410,1.18315,1.17294,1.18257,79958
2017-12-14 08:00:00,1.18257,1.18625,1.17707,1.17773,97269
2017-12-15 08:00:00,1.17774,1.18124,1.17482,1.17505,78757
2017-12-18 08:00:00,1.17435,1.18344,1.17375,1.17812,97584
2017-12-19 08:00:00,1.17812,1.18486,1.17766,1.18385,106375
2017-12-20 08:00:00,1.18382,1.19017,1.18289,1.18702,103982
2017-12-21 08:00:00,1.18702,1.18896,1.18493,1.18724,94619
2017-12-22 08:00:00,1.18722,1.18754,1.18169,1.18630,103267
2017-12-26 08:00:00,1.18704,1.18785,1.18466,1.18579,30123
2017-12-27 08:00:00,1.18579,1.19103,1.18551,1.18865,85184
2017-12-28 08:00:00,1.18865,1.19589,1.18864,1.19422,79872
2017-12-29 08:00:00,1.19422,1.20255,1.19362,1.20045,85664
2018-01-02 08:00:00,1.20088,1.20812,1.20007,1.20579,92779
2018-01-03 08:00:00,1.20579,1.20661,1.20010,1.20142,100595
2018-01-04 08:00:00,1.20142,1.20889,1.20043,1.20678,109715
2018-01-05 08:00:00,1.20678,1.20828,1.20206,1.20298,113628
2018-01-08 08:00:00,1.20268,1.20523,1.19556,1.19669,88921
2018-01-09 08:00:00,1.19669,1.19756,1.19155,1.19364,100787
2018-01-10 08:00:00,1.19364,1.20181,1.19232,1.19474,151752
2018-01-11 08:00:00,1.19474,1.20588,1.19293,1.20314,155197
2018-01-12 08:00:00,1.20314,1.22185,1.20308,1.22000,189447
2018-01-15 08:00:00,1.21932,1.22965,1.21875,1.22626,155933
2018-01-16 08:00:00,1.22626,1.22834,1.21951,1.22595,164847
2018-01-17 08:00:00,1.22595,1.23231,1.21769,1.21843,204183
2018-01-18 08:00:00,1.21843,1.22648,1.21652,1.22369,167647
2018-01-19 08:00:00,1.22369,1.22954,1.22149,1.22224,160024
2018-01-22 08:00:00,1.22698,1.22708,1.22139,1.22615,129818
2018-01-23 08:00:00,1.22615,1.23062,1.22230,1.22983,147486
2018-01-24 08:00:00,1.22979,1.24149,1.22912,1.24070,185845
2018-01-25 08:00:00,1.24070,1.25378,1.23638,1.23926,308719
2018-01-26 08:00:00,1.23926,1.24938,1.23699,1.24264,233580
2018-01-29 08:00:00,1.24259,1.24321,1.23368,1.23813,184146
2018-01-30 08:00:00,1.23813,1.24540,1.23348,1.24021,176386
2018-01-31 08:00:00,1.24017,1.24748,1.23870,1.24132,208308
2018-02-01 08:00:00,1.24132,1.25220,1.23854,1.25078,185833
2018-02-02 08:00:00,1.25073,1.25181,1.24091,1.24560,196693
2018-02-05 08:00:00,1.24344,1.24749,1.23625,1.23665,212883
2018-02-06 08:00:00,1.23658,1.24346,1.23139,1.23768,298127
2018-02-07 08:00:00,1.23768,1.24060,1.22457,1.22627,180783
2018-02-08 08:00:00,1.22620,1.22948,1.22121,1.22467,237241
2018-02-09 08:00:00,1.22467,1.22873,1.22054,1.22498,231451
2018-02-12 08:00:00,1.22442,1.22973,1.22350,1.22906,136792
2018-02-13 08:00:00,1.22906,1.23710,1.22845,1.23501,138960
2018-02-14 08:00:00,1.23497,1.24651,1.22758,1.24494,197638
2018-02-15 08:00:00,1.24491,1.25102,1.24480,1.25062,165673
2018-02-16 08:00:00,1.25062,1.25554,1.23934,1.24105,171908
2018-02-19 08:00:00,1.24008,1.24352,1.23691,1.24070,118021
2018-02-20 08:00:00,1.24068,1.24123,1.23196,1.23367,150082
2018-02-21 08:00:00,1.23367,1.23598,1.22810,1.22822,190080
2018-02-22 08:00:00,1.22819,1.23521,1.22595,1.23292,150020
2018-02-23 08:00:00,1.23292,1.23369,1.22798,1.22935,117594
2018-02-26 08:00:00,1.22930,1.23550,1.22779,1.23167,127575
2018-02-27 08:00:00,1.23167,1.23464,1.22215,1.22325,154107
2018-02-28 08:00:00,1.22325,1.22416,1.21878,1.21929,141018
2018-03-01 08:00:00,1.21924,1.22733,1.21546,1.22651,172658
2018-03-02 08:00:00,1.22651,1.23359,1.22514,1.23184,153468
2018-03-05 08:00:00,1.23324,1.23645,1.22688,1.23353,159863
2018-03-06 08:00:00,1.23353,1.24201,1.23280,1.24033,148585
2018-03-07 08:00:00,1.24033,1.24448,1.23848,1.24107,150782
2018-03-08 08:00:00,1.24107,1.24462,1.22979,1.23103,175052
2018-03-09 08:00:00,1.23102,1.23342,1.22730,1.23053,152115
2018-03-12 08:00:00,1.23096,1.23456,1.22903,1.23346,103057
2018-03-13 08:00:00,1.23344,1.24074,1.23145,1.23911,134095
2018-03-14 08:00:00,1.23911,1.24125,1.23471,1.23680,132189
2018-03-15 08:00:00,1.23678,1.23836,1.23003,1.23044,139664
2018-03-16 08:00:00,1.23046,1.23362,1.22600,1.22889,110331
2018-03-19 08:00:00,1.22872,1.23588,1.22580,1.23341,117506
2018-03-20 08:00:00,1.23341,1.23547,1.22396,1.22435,111873
2018-03-21 08:00:00,1.22435,1.23498,1.22417,1.23385,145129
2018-03-22 08:00:00,1.23385,1.23885,1.22850,1.23056,150537
2018-03-23 08:00:00,1.23056,1.23733,1.23056,1.23514,125138
2018-03-26 08:00:00,1.23497,1.24615,1.23485,1.24431,111194
2018-03-27 08:00:00,1.24422,1.24763,1.23719,1.24020,124710
2018-03-28 08:00:00,1.24017,1.24216,1.23000,1.23073,123308
2018-03-29 08:00:00,1.23079,1.23358,1.22839,1.23001,115697
2018-03-30 08:00:00,1.22999,1.23304,1.22866,1.23218,54735
2018-04-02 08:00:00,1.23192,1.23450,1.22811,1.23016,65570
2018-04-03 08:00:00,1.23018,1.23360,1.22536,1.22699,106695
2018-04-04 08:00:00,1.22699,1.23147,1.22570,1.22777,67672
2018-04-05 08:00:00,1.22774,1.22903,1.22183,1.22401,66831
2018-04-06 08:00:00,1.22394,1.22908,1.22149,1.22809,99875
2018-04-09 08:00:00,1.22794,1.23309,1.22602,1.23204,77883
2018-04-10 08:00:00,1.23184,1.23776,1.23027,1.23557,86437
2018-04-11 08:00:00,1.23550,1.23964,1.23469,1.23669,77839
2018-04-12 08:00:00,1.23657,1.23798,1.22992,1.23261,80071
2018-04-13 08:00:00,1.23255,1.23459,1.23070,1.23290,63714
2018-04-16 08:00:00,1.23289,1.23945,1.23231,1.23792,57512
2018-04-17 08:00:00,1.23783,1.24137,1.23360,1.23692,59231
2018-04-18 08:00:00,1.23689,1.23971,1.23415,1.23734,70339
2018-04-19 08:00:00,1.23726,1.24002,1.23291,1.23453,80260
2018-04-20 08:00:00,1.23446,1.23529,1.22496,1.22873,72329
2018-04-23 08:00:00,1.22695,1.22895,1.21975,1.22083,74477
2018-04-24 08:00:00,1.22083,1.22450,1.21816,1.22318,80163
2018-04-25 08:00:00,1.22311,1.22387,1.21600,1.21605,78942
2018-04-26 08:00:00,1.21599,1.22099,1.20963,1.21031,116739
2018-04-27 08:00:00,1.21031,1.21329,1.20553,1.21293,90007
2018-04-30 08:00:00,1.21248,1.21387,1.20641,1.20774,87762
2018-05-01 08:00:00,1.20772,1.20840,1.19814,1.19921,78079
2018-05-02 08:00:00,1.19921,1.20316,1.19379,1.19503,128842
2018-05-03 08:00:00,1.19503,1.20088,1.19477,1.19878,121867
2018-05-04 08:00:00,1.19878,1.19954,1.19108,1.19609,98396
2018-05-07 08:00:00,1.19507,1.19780,1.18975,1.19218,65117
2018-05-08 08:00:00,1.19218,1.19387,1.18380,1.18640,101635
2018-05-09 08:00:00,1.18638,1.18969,1.18226,1.18501,92730
2018-05-10 08:00:00,1.18502,1.19465,1.18429,1.19149,122785
2018-05-11 08:00:00,1.19145,1.19679,1.18911,1.19417,85555
2018-05-14 08:00:00,1.19418,1.19961,1.19260,1.19262,80250
2018-05-15 08:00:00,1.19261,1.19385,1.18201,1.18374,110146
2018-05-16 08:00:00,1.18374,1.18543,1.17631,1.18069,130008
2018-05-17 08:00:00,1.18065,1.18374,1.17763,1.17931,115750
2018-05-18 08:00:00,1.17938,1.18221,1.17498,1.17705,87408
2018-05-21 08:00:00,1.17696,1.17957,1.17166,1.17911,78020
2018-05-22 08:00:00,1.17911,1.18297,1.17565,1.17780,99635
2018-05-23 08:00:00,1.17782,1.17896,1.16758,1.16951,140803
2018-05-24 08:00:00,1.16948,1.17503,1.16907,1.17192,113681
2018-05-25 08:00:00,1.17202,1.17335,1.16452,1.16492,107336
2018-05-28 08:00:00,1.16823,1.17284,1.16073,1.16238,91144
2018-05-29 08:00:00,1.16230,1.16396,1.15098,1.15391,161703
2018-05-30 08:00:00,1.15349,1.16762,1.15186,1.16622,143785
2018-05-31 08:00:00,1.16622,1.17244,1.16409,1.16906,128391
2018-06-01 08:00:00,1.16879,1.17179,1.16166,1.16596,118620
2018-06-04 08:00:00,1.16554,1.17445,1.16554,1.16978,90141
2018-06-05 08:00:00,1.16966,1.17321,1.16526,1.17167,100777
2018-06-06 08:00:00,1.17118,1.17956,1.17107,1.17735,100373
2018-06-07 08:00:00,1.17728,1.18398,1.17723,1.17979,112147
2018-06-08 08:00:00,1.17981,1.18103,1.17269,1.17693,90929
2018-06-11 08:00:00,1.17732,1.18204,1.17710,1.17828,74392
2018-06-12 08:00:00,1.17821,1.18090,1.17329,1.17454,96897
2018-06-13 08:00:00,1.17461,1.18008,1.17249,1.17912,101323
2018-06-14 08:00:00,1.17908,1.18519,1.15628,1.15659,138338
2018-06-15 08:00:00,1.15680,1.16270,1.15430,1.16070,115763
2018-06-18 08:00:00,1.15874,1.16242,1.15652,1.16222,76216
2018-06-19 08:00:00,1.16224,1.16443,1.15305,1.15877,128559
2018-06-20 08:00:00,1.15872,1.15999,1.15359,1.15704,105384
2018-06-21 08:00:00,1.15695,1.16335,1.15078,1.16025,137199
2018-06-22 08:00:00,1.15983,1.16749,1.15982,1.16539,127058
2018-06-25 08:00:00,1.16635,1.17130,1.16284,1.17027,106506
2018-06-26 08:00:00,1.17027,1.17205,1.16347,1.16460,121598
2018-06-27 08:00:00,1.16455,1.16721,1.15404,1.15524,122606
2018-06-28 08:00:00,1.15516,1.16006,1.15271,1.15679,131958
2018-06-29 08:00:00,1.15672,1.16903,1.15580,1.16831,142851
2018-07-02 08:00:00,1.16841,1.16894,1.15912,1.16388,95314
2018-07-03 08:00:00,1.16386,1.16731,1.16203,1.16550,92957
2018-07-04 08:00:00,1.16559,1.16817,1.16305,1.16555,75752
2018-07-05 08:00:00,1.16554,1.17203,1.16499,1.16895,99612
2018-07-06 08:00:00,1.16892,1.17679,1.16800,1.17435,89473
2018-07-09 08:00:00,1.17382,1.17908,1.17326,1.17496,88040
2018-07-10 08:00:00,1.17495,1.17626,1.16902,1.17438,80664
2018-07-11 08:00:00,1.17424,1.17584,1.16653,1.16714,113328
2018-07-12 08:00:00,1.16718,1.16957,1.16496,1.16705,95067
2018-07-13 08:00:00,1.16698,1.16867,1.16128,1.16856,90837
2018-07-16 08:00:00,1.16895,1.17254,1.16755,1.17108,82627
2018-07-17 08:00:00,1.17094,1.17446,1.16491,1.16602,96980
2018-07-18 08:00:00,1.16591,1.16649,1.16019,1.16380,93327
2018-07-19 08:00:00,1.16381,1.16785,1.15747,1.16409,134415
2018-07-20 08:00:00,1.16419,1.17388,1.16262,1.17209,146710
2018-07-23 08:00:00,1.17261,1.17497,1.16833,1.16915,73082
2018-07-24 08:00:00,1.16913,1.17165,1.16542,1.16856,76859
2018-07-25 08:00:00,1.16856,1.17382,1.16635,1.17280,79792
2018-07-26 08:00:00,1.17290,1.17433,1.16397,1.16423,77509
2018-07-27 08:00:00,1.16403,1.16640,1.16199,1.16565,65298
2018-07-30 08:00:00,1.16563,1.17184,1.16477,1.17050,50121
2018-07-31 08:00:00,1.17027,1.17455,1.16855,1.16906,70827
2018-08-01 08:00:00,1.16895,1.16993,1.16568,1.16594,62909
2018-08-02 08:00:00,1.16590,1.16671,1.15813,1.15840,61156
2018-08-03 08:00:00,1.15838,1.16102,1.15598,1.15672,68396
2018-08-06 08:00:00,1.15681,1.15708,1.15296,1.15532,46317
2018-08-07 08:00:00,1.15532,1.16078,1.15500,1.15979,49278
2018-08-08 08:00:00,1.15980,1.16278,1.15729,1.16096,49821
2018-08-09 08:00:00,1.16096,1.16189,1.15253,1.15265,58810
2018-08-10 08:00:00,1.15262,1.15360,1.13878,1.14111,112034
2018-08-13 08:00:00,1.13714,1.14324,1.13646,1.14096,101338
2018-08-14 08:00:00,1.14095,1.14290,1.13297,1.13436,81007
2018-08-15 08:00:00,1.13429,1.13546,1.13006,1.13444,80064
2018-08-16 08:00:00,1.13452,1.14088,1.13353,1.13758,87129
2018-08-17 08:00:00,1.13758,1.14445,1.13660,1.14381,75130
2018-08-20 08:00:00,1.14366,1.14846,1.13940,1.14807,61642
2018-08-21 08:00:00,1.14802,1.16008,1.14793,1.15700,85498
2018-08-22 08:00:00,1.15696,1.16226,1.15528,1.15958,75217
2018-08-23 08:00:00,1.15936,1.15993,1.15292,1.15378,73006
2018-08-24 08:00:00,1.15369,1.16394,1.15344,1.16218,76788
2018-08-27 08:00:00,1.16160,1.16932,1.15941,1.16777,64033
2018-08-28 08:00:00,1.16766,1.17333,1.16622,1.16939,73221
2018-08-29 08:00:00,1.16939,1.17096,1.16514,1.17063,82808
2018-08-30 08:00:00,1.17063,1.17178,1.16413,1.16697,79792
2018-08-31 08:00:00,1.16652,1.16897,1.15842,1.16021,87294
2018-09-03 08:00:00,1.15955,1.16275,1.15885,1.16180,51281
2018-09-04 08:00:00,1.16169,1.16207,1.15297,1.15804,69457
2018-09-05 08:00:00,1.15801,1.16398,1.15422,1.16289,77201
2018-09-06 08:00:00,1.16297,1.16588,1.16050,1.16226,79031
2018-09-07 08:00:00,1.16226,1.16491,1.15501,1.15526,84349
2018-09-10 08:00:00,1.15494,1.16158,1.15255,1.15930,59122
2018-09-11 08:00:00,1.15923,1.16438,1.15650,1.16045,61376
2018-09-12 08:00:00,1.16041,1.16493,1.15696,1.16252,67488
2018-09-13 08:00:00,1.16253,1.17007,1.16087,1.16897,64885
2018-09-14 08:00:00,1.16892,1.17213,1.16202,1.16219,62858
2018-09-17 08:00:00,1.16231,1.16978,1.16175,1.16829,50096
2018-09-18 08:00:00,1.16829,1.17241,1.16517,1.16650,76822
2018-09-19 08:00:00,1.16649,1.17146,1.16496,1.16720,69430
2018-09-20 08:00:00,1.16718,1.17842,1.16685,1.17765,76388
2018-09-21 08:00:00,1.17762,1.18024,1.17323,1.17537,72001
2018-09-24 08:00:00,1.17405,1.18148,1.17237,1.17472,61072
2018-09-25 08:00:00,1.17480,1.17921,1.17304,1.17658,66466
2018-09-26 08:00:00,1.17653,1.17974,1.17256,1.17379,77756
2018-09-27 08:00:00,1.17362,1.17568,1.16385,1.16407,86181
2018-09-28 08:00:00,1.16407,1.16509,1.15693,1.16020,78258
2018-10-01 08:00:00,1.16156,1.16243,1.15632,1.15778,64958
2018-10-02 08:00:00,1.15790,1.15800,1.15048,1.15460,70105
2018-10-03 08:00:00,1.15474,1.15933,1.14639,1.14766,84237
2018-10-04 08:00:00,1.14762,1.15424,1.14630,1.15134,82675
2018-10-05 08:00:00,1.15139,1.15494,1.14837,1.15234,89767
2018-10-08 08:00:00,1.15205,1.15292,1.14596,1.14907,65049
2018-10-09 08:00:00,1.14903,1.15029,1.14318,1.14899,90038
2018-10-10 08:00:00,1.14899,1.15450,1.14794,1.15182,79873
2018-10-11 08:00:00,1.15186,1.15989,1.15175,1.15930,115300
2018-10-12 08:00:00,1.15861,1.16101,1.15339,1.15584,78170
2018-10-15 08:00:00,1.15364,1.16059,1.15364,1.15784,68232
2018-10-16 08:00:00,1.15786,1.16209,1.15657,1.15733,67195
2018-10-17 08:00:00,1.15733,1.15801,1.14954,1.14999,78065
2018-10-18 08:00:00,1.15000,1.15268,1.14487,1.14523,86453
2018-10-19 08:00:00,1.14522,1.15342,1.14326,1.15142,87116
2018-10-22 08:00:00,1.15160,1.15498,1.14553,1.14637,66533
2018-10-23 08:00:00,1.14635,1.14931,1.14389,1.14697,85905
2018-10-24 08:00:00,1.14704,1.14761,1.13783,1.13911,89697
2018-10-25 08:00:00,1.13919,1.14322,1.13558,1.13746,83219
2018-10-26 08:00:00,1.13731,1.14206,1.13353,1.14021,87255
2018-10-29 08:00:00,1.13978,1.14160,1.13602,1.13720,74259
2018-10-30 08:00:00,1.13719,1.13874,1.13401,1.13431,66558
2018-10-31 08:00:00,1.13431,1.13598,1.13017,1.13135,72835
2018-11-01 08:00:00,1.13134,1.14238,1.13123,1.14014,78589
2018-11-02 08:00:00,1.14014,1.14555,1.13718,1.13859,82634
2018-11-05 08:00:00,1.13853,1.14236,1.13526,1.14067,65926
2018-11-06 08:00:00,1.14064,1.14375,1.13910,1.14260,65627
2018-11-07 08:00:00,1.14261,1.14994,1.13942,1.14255,103065
2018-11-08 08:00:00,1.14253,1.14465,1.13512,1.13629,82459
2018-11-09 08:00:00,1.13628,1.13685,1.13157,1.13343,79538
2018-11-12 08:00:00,1.13184,1.13303,1.12153,1.12174,76096
2018-11-13 08:00:00,1.12176,1.12933,1.12162,1.12898,87913
2018-11-14 08:00:00,1.12904,1.13472,1.12628,1.13080,97984
2018-11-15 08:00:00,1.13089,1.13620,1.12703,1.13255,101325
2018-11-16 08:00:00,1.13249,1.14199,1.13211,1.14140,79708
2018-11-19 08:00:00,1.14136,1.14640,1.13935,1.14524,57093
2018-11-20 08:00:00,1.14529,1.14719,1.13583,1.13695,68152
2018-11-21 08:00:00,1.13695,1.14243,1.13645,1.13843,63793
2018-11-22 08:00:00,1.13848,1.14337,1.13799,1.14005,53689
2018-11-23 08:00:00,1.14003,1.14208,1.13270,1.13296,54912
2018-11-26 08:00:00,1.13391,1.13834,1.13246,1.13273,59473
2018-11-27 08:00:00,1.13274,1.13434,1.12770,1.12874,73668
2018-11-28 08:00:00,1.12849,1.13875,1.12667,1.13659,78417
2018-11-29 08:00:00,1.13658,1.14013,1.13483,1.13925,72933
2018-11-30 08:00:00,1.13924,1.14001,1.13050,1.13155,67622
2018-12-03 08:00:00,1.13499,1.13793,1.13189,1.13534,63645
2018-12-04 08:00:00,1.13535,1.14185,1.13181,1.13423,82664
2018-12-05 08:00:00,1.13413,1.13609,1.13104,1.13445,50759
2018-12-06 08:00:00,1.13447,1.14123,1.13205,1.13746,91693
2018-12-07 08:00:00,1.13767,1.14233,1.13600,1.13962,83663
2018-12-10 08:00:00,1.13893,1.14423,1.13500,1.13552,91188
2018-12-11 08:00:00,1.13548,1.14001,1.13059,1.13163,82309
2018-12-12 08:00:00,1.13160,1.13868,1.13146,1.13680,83664
2018-12-13 08:00:00,1.13686,1.13930,1.13307,1.13583,74268
2018-12-14 08:00:00,1.13574,1.13646,1.12694,1.13053,69178
2018-12-17 08:00:00,1.12995,1.13574,1.12957,1.13471,66070
2018-12-18 08:00:00,1.13469,1.14018,1.13363,1.13600,70991
2018-12-19 08:00:00,1.13599,1.14388,1.13599,1.13760,91875
2018-12-20 08:00:00,1.13762,1.14855,1.13690,1.14452,103392
2018-12-21 08:00:00,1.14453,1.14736,1.13556,1.13665,93835
2018-12-24 08:00:00,1.13675,1.14381,1.13599,1.14164,64548
2018-12-26 08:00:00,1.14144,1.14147,1.13422,1.13520,41184
2018-12-27 08:00:00,1.13536,1.14538,1.13512,1.14292,99672
2018-12-28 08:00:00,1.14309,1.14723,1.14260,1.14398,82072
2018-12-31 08:00:00,1.14337,1.14655,1.14210,1.14558,56624
2019-01-02 08:00:00,1.14454,1.14967,1.13247,1.13437,75137
2019-01-03 08:00:00,1.13436,1.14107,1.13088,1.13929,112036
2019-01-04 08:00:00,1.13923,1.14187,1.13453,1.13955,87686
2019-01-07 08:00:00,1.13957,1.14821,1.13952,1.14739,61863
2019-01-08 08:00:00,1.14737,1.14841,1.14216,1.14406,65376
2019-01-09 08:00:00,1.14409,1.15578,1.14370,1.15415,85116
2019-01-10 08:00:00,1.15416,1.15698,1.14844,1.14994,77269
2019-01-11 08:00:00,1.14998,1.15400,1.14576,1.14626,75655
2019-01-14 08:00:00,1.14569,1.14816,1.14501,1.14678,64743
2019-01-15 08:00:00,1.14678,1.14893,1.13813,1.14124,85035
2019-01-16 08:00:00,1.14114,1.14244,1.13773,1.13912,67202
2019-01-17 08:00:00,1.13909,1.14056,1.13697,1.13879,69091
2019-01-18 08:00:00,1.13878,1.14099,1.13528,1.13655,60631
2019-01-21 08:00:00,1.13587,1.13907,1.13563,1.13657,40375
2019-01-22 08:00:00,1.13640,1.13735,1.13356,1.13594,60725
2019-01-23 08:00:00,1.13593,1.13940,1.13505,1.13807,60240
2019-01-24 08:00:00,1.13796,1.13911,1.12889,1.13031,91132
2019-01-25 08:00:00,1.13065,1.14172,1.12997,1.14051,81958
2019-01-28 08:00:00,1.14006,1.14432,1.13897,1.14262,60108
2019-01-29 08:00:00,1.14253,1.14498,1.14108,1.14320,77196
2019-01-30 08:00:00,1.14315,1.15013,1.14057,1.14779,80118
2019-01-31 08:00:00,1.14789,1.15139,1.14353,1.14461,79532
2019-02-01 08:00:00,1.14468,1.14880,1.14339,1.14529,68138
2019-02-04 08:00:00,1.14506,1.14600,1.14239,1.14350,56412
2019-02-05 08:00:00,1.14351,1.14401,1.14007,1.14043,52222
2019-02-06 08:00:00,1.14038,1.14091,1.13604,1.13607,51390
2019-02-07 08:00:00,1.13612,1.13680,1.13242,1.13385,55495
2019-02-08 08:00:00,1.13374,1.13505,1.13206,1.13217,45125
2019-02-11 08:00:00,1.13196,1.13296,1.12675,1.12748,47074
2019-02-12 08:00:00,1.12743,1.13392,1.12573,1.13246,51206
2019-02-13 08:00:00,1.13261,1.13410,1.12595,1.12595,58633
2019-02-14 08:00:00,1.12609,1.13095,1.12488,1.12939,69496
2019-02-15 08:00:00,1.12950,1.13058,1.12336,1.12905,63578
2019-02-18 08:00:00,1.12917,1.13335,1.12886,1.13081,39401
2019-02-19 08:00:00,1.13087,1.13571,1.12750,1.13394,63496
2019-02-20 08:00:00,1.13399,1.13707,1.13243,1.13351,62866
2019-02-21 08:00:00,1.13368,1.13660,1.13197,1.13330,74361
2019-02-22 08:00:00,1.13319,1.13552,1.13157,1.13303,58498
2019-02-25 08:00:00,1.13332,1.13671,1.13270,1.13560,55710
2019-02-26 08:00:00,1.13564,1.14024,1.13447,1.13880,63522
2019-02-27 08:00:00,1.13887,1.14032,1.13619,1.13685,62231
2019-02-28 08:00:00,1.13692,1.14192,1.13590,1.13696,71924
2019-03-01 08:00:00,1.13697,1.14081,1.13529,1.13626,64344
2019-03-04 08:00:00,1.13734,1.13810,1.13087,1.13386,58233
2019-03-05 08:00:00,1.13393,1.13406,1.12892,1.13069,56132
2019-03-06 08:00:00,1.13067,1.13243,1.12852,1.13053,52094
2019-03-07 08:00:00,1.13058,1.13198,1.11756,1.11923,70529
2019-03-08 08:00:00,1.11929,1.12457,1.11848,1.12324,67076
2019-03-11 08:00:00,1.12345,1.12580,1.12214,1.12485,54307
2019-03-12 08:00:00,1.12484,1.13046,1.12469,1.12877,72484
2019-03-13 08:00:00,1.12877,1.13383,1.12770,1.13301,54741
2019-03-14 08:00:00,1.13300,1.13372,1.12938,1.13043,63552
2019-03-15 08:00:00,1.13040,1.13439,1.12996,1.13237,49268
2019-03-18 08:00:00,1.13230,1.13586,1.13186,1.13349,43144
2019-03-19 08:00:00,1.13348,1.13612,1.13332,1.13492,42956
2019-03-20 08:00:00,1.13491,1.14477,1.13350,1.14238,66875
2019-03-21 08:00:00,1.14238,1.14369,1.13420,1.13727,71203
2019-03-22 08:00:00,1.13727,1.13903,1.12729,1.13006,79566
2019-03-25 08:00:00,1.12934,1.13310,1.12885,1.13125,60222
2019-03-26 08:00:00,1.13125,1.13256,1.12627,1.12699,63123
2019-03-27 08:00:00,1.12698,1.12852,1.12418,1.12508,81548
2019-03-28 08:00:00,1.12508,1.12609,1.12132,1.12259,73375
2019-03-29 08:00:00,1.12261,1.12463,1.12094,1.12166,70101
2019-04-01 08:00:00,1.12258,1.12496,1.12036,1.12117,64053
2019-04-02 08:00:00,1.12121,1.12157,1.11833,1.12033,59687
2019-04-03 08:00:00,1.12037,1.12543,1.11995,1.12312,55770
2019-04-04 08:00:00,1.12324,1.12472,1.12056,1.12191,52145
2019-04-05 08:00:00,1.12200,1.12476,1.12096,1.12152,48931
2019-04-08 08:00:00,1.12139,1.12741,1.12101,1.12609,40307
2019-04-09 08:00:00,1.12587,1.12838,1.12546,1.12609,46549
2019-04-10 08:00:00,1.12625,1.12872,1.12300,1.12724,55052
2019-04-11 08:00:00,1.12739,1.12870,1.12495,1.12507,47365
2019-04-12 08:00:00,1.12538,1.13235,1.12504,1.12981,48245
2019-04-15 08:00:00,1.13032,1.13205,1.12972,1.13023,40594
2019-04-16 08:00:00,1.13036,1.13135,1.12793,1.12799,57498
2019-04-17 08:00:00,1.12800,1.13234,1.12783,1.12946,48362
2019-04-18 08:00:00,1.12986,1.13037,1.12258,1.12305,59680
2019-04-19 08:00:00,1.12306,1.12473,1.12268,1.12388,19241
2019-04-22 08:00:00,1.12396,1.12616,1.12354,1.12560,19798
2019-04-23 08:00:00,1.12567,1.12609,1.11918,1.12262,45148
2019-04-24 08:00:00,1.12270,1.12270,1.11401,1.11524,61319
2019-04-25 08:00:00,1.11516,1.11620,1.11173,1.11313,56602
2019-04-26 08:00:00,1.11322,1.11735,1.11105,1.11420,58194
2019-04-29 08:00:00,1.11390,1.11864,1.11390,1.11852,35978
2019-04-30 08:00:00,1.11841,1.12286,1.11753,1.12140,55570
2019-05-01 08:00:00,1.12148,1.12644,1.11867,1.11941,52561
2019-05-02 08:00:00,1.11942,1.12187,1.11703,1.11709,59203
2019-05-03 08:00:00,1.11710,1.12045,1.11346,1.12021,62926
2019-05-06 08:00:00,1.11707,1.12090,1.11670,1.11978,50693
2019-05-07 08:00:00,1.11985,1.12176,1.11662,1.11906,55133
2019-05-08 08:00:00,1.11914,1.12134,1.11823,1.11904,65660
2019-05-09 08:00:00,1.11916,1.12505,1.11730,1.12128,71388
2019-05-10 08:00:00,1.12115,1.12532,1.12115,1.12333,61716
2019-05-13 08:00:00,1.12296,1.12631,1.12208,1.12208,53948
2019-05-14 08:00:00,1.12240,1.12436,1.12008,1.12028,46273
2019-05-15 08:00:00,1.12029,1.12242,1.11776,1.12000,54977
2019-05-16 08:00:00,1.12013,1.12236,1.11658,1.11734,43955
2019-05-17 08:00:00,1.11723,1.11839,1.11548,1.11565,52345
2019-05-20 08:00:00,1.11600,1.11744,1.11503,1.11650,39688
2019-05-21 08:00:00,1.11649,1.11876,1.11416,1.11598,49267
2019-05-22 08:00:00,1.11612,1.11799,1.11483,1.11494,40186
2019-05-23 08:00:00,1.11499,1.11871,1.11066,1.11807,56391
2019-05-24 08:00:00,1.11817,1.12118,1.11712,1.12044,47653
2019-05-27 08:00:00,1.12094,1.12150,1.11865,1.11908,22325
2019-05-28 08:00:00,1.11907,1.12009,1.11586,1.11591,47476
2019-05-29 08:00:00,1.11594,1.11721,1.11240,1.11302,52104
2019-05-30 08:00:00,1.11306,1.11430,1.11157,1.11283,39680
2019-05-31 08:00:00,1.11287,1.11795,1.11248,1.11676,63812
2019-06-03 08:00:00,1.11644,1.12616,1.11596,1.12406,60286
2019-06-04 08:00:00,1.12407,1.12769,1.12263,1.12507,66225
2019-06-05 08:00:00,1.12514,1.13061,1.12194,1.12200,68591
2019-06-06 08:00:00,1.12201,1.13084,1.12000,1.12747,65681
2019-06-07 08:00:00,1.12749,1.13474,1.12509,1.13322,65017
2019-06-10 08:00:00,1.13224,1.13301,1.12897,1.13110,41968
2019-06-11 08:00:00,1.13108,1.13371,1.13010,1.13253,54772
2019-06-12 08:00:00,1.13253,1.13430,1.12820,1.12866,55352
2019-06-13 08:00:00,1.12865,1.13033,1.12679,1.12761,46911
2019-06-14 08:00:00,1.12761,1.12888,1.12020,1.12103,57587
2019-06-17 08:00:00,1.12088,1.12467,1.12033,1.12178,36098
2019-06-18 08:00:00,1.12171,1.12425,1.11809,1.11936,69955
2019-06-19 08:00:00,1.11926,1.12538,1.11868,1.12259,60832
2019-06-20 08:00:00,1.12255,1.13173,1.12252,1.12916,77964
2019-06-21 08:00:00,1.12913,1.13773,1.12827,1.13699,73953
2019-06-24 08:00:00,1.13696,1.14036,1.13654,1.13978,50476
2019-06-25 08:00:00,1.13979,1.14116,1.13437,1.13655,73345
2019-06-26 08:00:00,1.13665,1.13909,1.13470,1.13683,61995
2019-06-27 08:00:00,1.13684,1.13811,1.13474,1.13689,53189
2019-06-28 08:00:00,1.13688,1.13931,1.13501,1.13693,51926
2019-07-01 08:00:00,1.13670,1.13707,1.12806,1.12851,60439
2019-07-02 08:00:00,1.12850,1.13212,1.12748,1.12857,47546
2019-07-03 08:00:00,1.12847,1.13111,1.12682,1.12774,48446
2019-07-04 08:00:00,1.12777,1.12947,1.12727,1.12847,19882
2019-07-05 08:00:00,1.12837,1.12874,1.12070,1.12248,47465
2019-07-08 08:00:00,1.12240,1.12343,1.12069,1.12142,30639
2019-07-09 08:00:00,1.12141,1.12187,1.11932,1.12078,30859
2019-07-10 08:00:00,1.12076,1.12642,1.12018,1.12503,51798
2019-07-11 08:00:00,1.12503,1.12857,1.12451,1.12532,54278
2019-07-12 08:00:00,1.12532,1.12748,1.12383,1.12699,47891
2019-07-15 08:00:00,1.12654,1.12838,1.12531,1.12577,36185
2019-07-16 08:00:00,1.12574,1.12634,1.12018,1.12103,45039
2019-07-17 08:00:00,1.12102,1.12336,1.11997,1.12242,34137
2019-07-18 08:00:00,1.12237,1.12804,1.12051,1.12765,53313
2019-07-19 08:00:00,1.12766,1.12820,1.12033,1.12194,53374
2019-07-22 08:00:00,1.12140,1.12252,1.12062,1.12094,38142
2019-07-23 08:00:00,1.12093,1.12096,1.11458,1.11517,36191
2019-07-24 08:00:00,1.11516,1.11557,1.11269,1.11399,36648
2019-07-25 08:00:00,1.11400,1.11877,1.11013,1.11467,57238
2019-07-26 08:00:00,1.11464,1.11509,1.11118,1.11270,36236
2019-07-29 08:00:00,1.11253,1.11509,1.11129,1.11443,29728
2019-07-30 08:00:00,1.11443,1.11609,1.11321,1.11545,40857
2019-07-31 08:00:00,1.11548,1.11620,1.10601,1.10749,66365
2019-08-01 08:00:00,1.10749,1.10957,1.10269,1.10847,87969
2019-08-02 08:00:00,1.10849,1.11163,1.10699,1.11050,94407
2019-08-05 08:00:00,1.11032,1.12131,1.11027,1.12033,84246
2019-08-06 08:00:00,1.12034,1.12495,1.11673,1.11980,82042
2019-08-07 08:00:00,1.11980,1.12419,1.11790,1.11982,93908
2019-08-08 08:00:00,1.11980,1.12327,1.11768,1.11801,74309
2019-08-09 08:00:00,1.11802,1.12229,1.11793,1.11998,53195
2019-08-12 08:00:00,1.11977,1.12306,1.11619,1.12131,55940
2019-08-13 08:00:00,1.12129,1.12286,1.11700,1.11709,75583
2019-08-14 08:00:00,1.11710,1.11907,1.11305,1.11377,71059
2019-08-15 08:00:00,1.11380,1.11584,1.10914,1.11065,87542
2019-08-16 08:00:00,1.11065,1.11121,1.10663,1.10893,59986
2019-08-19 08:00:00,1.10924,1.11137,1.10760,1.10778,40733
2019-08-20 08:00:00,1.10773,1.11067,1.10654,1.10998,49251
2019-08-21 08:00:00,1.10989,1.11070,1.10800,1.10845,51378
2019-08-22 08:00:00,1.10844,1.11131,1.10635,1.10799,52243
2019-08-23 08:00:00,1.10798,1.11531,1.10515,1.11386,78903
2019-08-26 08:00:00,1.11496,1.11639,1.10942,1.11018,106111
2019-08-27 08:00:00,1.11018,1.11158,1.10856,1.10901,69606
2019-08-28 08:00:00,1.10901,1.10978,1.10732,1.10770,66205
2019-08-29 08:00:00,1.10770,1.10932,1.10420,1.10563,69444
2019-08-30 08:00:00,1.10563,1.10602,1.09630,1.09893,68588
2019-09-02 08:00:00,1.09899,1.09965,1.09579,1.09696,42316
2019-09-03 08:00:00,1.09658,1.09787,1.09257,1.09733,79803
2019-09-04 08:00:00,1.09737,1.10383,1.09684,1.10348,62939
2019-09-05 08:00:00,1.10348,1.10846,1.10167,1.10340,71471
2019-09-06 08:00:00,1.10340,1.10571,1.10202,1.10245,65458
2019-09-09 08:00:00,1.10256,1.10680,1.10154,1.10477,48319
2019-09-10 08:00:00,1.10474,1.10593,1.10304,1.10432,41989
2019-09-11 08:00:00,1.10430,1.10555,1.09851,1.10102,38930
2019-09-12 08:00:00,1.10102,1.10870,1.09267,1.10643,66013
2019-09-13 08:00:00,1.10643,1.11094,1.10553,1.10697,51145
2019-09-16 08:00:00,1.10720,1.10863,1.09932,1.10003,47575
2019-09-17 08:00:00,1.09998,1.10745,1.09902,1.10725,50330
2019-09-18 08:00:00,1.10723,1.10756,1.10136,1.10299,47198
2019-09-19 08:00:00,1.10298,1.10734,1.10227,1.10408,50700
2019-09-20 08:00:00,1.10408,1.10675,1.09962,1.10187,48550
2019-09-23 08:00:00,1.10120,1.10253,1.09660,1.09925,47909
2019-09-24 08:00:00,1.09927,1.10239,1.09837,1.10193,47238
2019-09-25 08:00:00,1.10192,1.10228,1.09373,1.09419,50810
2019-09-26 08:00:00,1.09415,1.09673,1.09087,1.09198,46381
2019-09-27 08:00:00,1.09201,1.09586,1.09038,1.09411,45322
2019-09-30 08:00:00,1.09403,1.09476,1.08846,1.08991,40582
2019-10-01 08:00:00,1.08991,1.09427,1.08790,1.09317,49761
2019-10-02 08:00:00,1.09311,1.09635,1.09042,1.09590,46807
2019-10-03 08:00:00,1.09584,1.09992,1.09409,1.09630,52978
2019-10-04 08:00:00,1.09630,1.09983,1.09569,1.09772,50379
2019-10-07 08:00:00,1.09790,1.10006,1.09618,1.09704,38536
2019-10-08 08:00:00,1.09703,1.09959,1.09411,1.09560,50286
2019-10-09 08:00:00,1.09560,1.09901,1.09514,1.09710,38973
2019-10-10 08:00:00,1.09704,1.10338,1.09697,1.10050,55426
2019-10-11 08:00:00,1.10049,1.10627,1.10008,1.10360,61821
2019-10-14 08:00:00,1.10314,1.10427,1.10126,1.10251,35303
2019-10-15 08:00:00,1.10252,1.10460,1.09912,1.10320,52741
2019-10-16 08:00:00,1.10319,1.10854,1.10225,1.10710,55732
2019-10-17 08:00:00,1.10710,1.11398,1.10650,1.11234,53064
2019-10-18 08:00:00,1.11236,1.11702,1.11146,1.11689,40254
2019-10-21 08:00:00,1.11604,1.11793,1.11387,1.11487,36175
2019-10-22 08:00:00,1.11487,1.11568,1.11176,1.11243,37361
2019-10-23 08:00:00,1.11242,1.11402,1.11061,1.11297,30632
2019-10-24 08:00:00,1.11296,1.11626,1.10930,1.11037,41432
2019-10-25 08:00:00,1.11036,1.11228,1.10729,1.10794,27730
2019-10-28 08:00:00,1.10788,1.11065,1.10760,1.10994,26754
2019-10-29 08:00:00,1.10994,1.11184,1.10735,1.11118,30581
2019-10-30 08:00:00,1.11117,1.11533,1.10800,1.11516,43735
2019-10-31 08:00:00,1.11516,1.11756,1.11314,1.11514,43509
2019-11-01 08:00:00,1.11514,1.11718,1.11281,1.11648,35007
2019-11-04 08:00:00,1.11687,1.11753,1.11247,1.11272,30537
2019-11-05 08:00:00,1.11269,1.11401,1.10634,1.10742,41380
2019-11-06 08:00:00,1.10742,1.10927,1.10649,1.10658,31859
2019-11-07 08:00:00,1.10658,1.10915,1.10361,1.10497,45912
2019-11-08 08:00:00,1.10492,1.10553,1.10166,1.10189,33030
2019-11-11 08:00:00,1.10185,1.10430,1.10164,1.10323,23325
2019-11-12 08:00:00,1.10323,1.10385,1.10025,1.10088,31441
2019-11-13 08:00:00,1.10089,1.10202,1.09953,1.10053,34467
2019-11-14 08:00:00,1.10052,1.10273,1.09890,1.10212,32577
2019-11-15 08:00:00,1.10212,1.10567,1.10145,1.10515,27792
2019-11-18 08:00:00,1.10510,1.10899,1.10477,1.10718,28482
2019-11-19 08:00:00,1.10718,1.10838,1.10624,1.10780,26644
2019-11-20 08:00:00,1.10777,1.10813,1.10530,1.10723,34131
2019-11-21 08:00:00,1.10723,1.10969,1.10521,1.10581,31829
2019-11-22 08:00:00,1.10580,1.10875,1.10144,1.10182,32645
2019-11-25 08:00:00,1.10151,1.10320,1.10035,1.10126,27995
2019-11-26 08:00:00,1.10129,1.10255,1.10072,1.10194,28638
2019-11-27 08:00:00,1.10194,1.10246,1.09923,1.09989,29482
2019-11-28 08:00:00,1.09987,1.10178,1.09986,1.10075,20746
2019-11-29 08:00:00,1.10071,1.10282,1.09810,1.10152,27604
2019-12-02 08:00:00,1.10241,1.10910,1.10029,1.10784,31480
2019-12-03 08:00:00,1.10782,1.10934,1.10658,1.10809,32021
2019-12-04 08:00:00,1.10809,1.11161,1.10667,1.10775,35509
2019-12-05 08:00:00,1.10772,1.11079,1.10771,1.11042,27845
2019-12-06 08:00:00,1.11042,1.11097,1.10396,1.10595,27888
2019-12-09 08:00:00,1.10574,1.10779,1.10533,1.10635,21381
2019-12-10 08:00:00,1.10635,1.10976,1.10627,1.10919,27293
2019-12-11 08:00:00,1.10914,1.11447,1.10701,1.11294,33856
2019-12-12 08:00:00,1.11294,1.11541,1.11030,1.11286,44761
2019-12-13 08:00:00,1.11294,1.11993,1.11032,1.11173,63101
2019-12-16 08:00:00,1.11259,1.11580,1.11226,1.11434,30624
2019-12-17 08:00:00,1.11435,1.11745,1.11291,1.11487,35410
2019-12-18 08:00:00,1.11483,1.11541,1.11102,1.11127,31490
2019-12-19 08:00:00,1.11126,1.11442,1.11072,1.11204,34743
2019-12-20 08:00:00,1.11201,1.11246,1.10662,1.10751,29734
2019-12-23 08:00:00,1.10750,1.10958,1.10698,1.10895,29202
2019-12-24 08:00:00,1.10895,1.10939,1.10690,1.10851,22030
2019-12-26 08:00:00,1.10900,1.11088,1.10820,1.10974,10530
2019-12-27 08:00:00,1.10973,1.11882,1.10940,1.11760,36676
2019-12-30 08:00:00,1.11754,1.12206,1.11713,1.11985,36372
2019-12-31 08:00:00,1.11985,1.12392,1.11976,1.12171,32435
2020-01-02 08:00:00,1.12132,1.12143,1.11635,1.11722,30404
2020-01-03 08:00:00,1.11722,1.11797,1.11250,1.11558,39449
2020-01-06 08:00:00,1.11646,1.12054,1.11571,1.11968,32448
2020-01-07 08:00:00,1.11960,1.11975,1.11335,1.11526,35909
2020-01-08 08:00:00,1.11529,1.11681,1.11016,1.11053,50619
2020-01-09 08:00:00,1.11053,1.11203,1.10923,1.11051,32024
2020-01-10 08:00:00,1.11051,1.11291,1.10850,1.11212,30181
2020-01-13 08:00:00,1.11162,1.11469,1.11127,1.11338,25932
2020-01-14 08:00:00,1.11338,1.11444,1.11042,1.11274,31762
2020-01-15 08:00:00,1.11284,1.11633,1.11185,1.11495,29102
2020-01-16 08:00:00,1.11492,1.11726,1.11278,1.11358,30453
2020-01-17 08:00:00,1.11352,1.11425,1.10862,1.10893,28089
2020-01-20 08:00:00,1.10920,1.11024,1.10766,1.10944,18552
2020-01-21 08:00:00,1.10934,1.11180,1.10809,1.10819,29051
2020-01-22 08:00:00,1.10816,1.10983,1.10701,1.10920,30270
2020-01-23 08:00:00,1.10920,1.11087,1.10363,1.10542,37577
2020-01-24 08:00:00,1.10542,1.10617,1.10196,1.10255,32850
2020-01-27 08:00:00,1.10295,1.10375,1.10096,1.10184,33777
2020-01-28 08:00:00,1.10185,1.10251,1.09977,1.10220,28331
2020-01-29 08:00:00,1.10219,1.10277,1.09922,1.10099,28043
2020-01-30 08:00:00,1.10098,1.10393,1.10068,1.10312,34415
2020-01-31 08:00:00,1.10313,1.10951,1.10168,1.10943,37949
2020-02-03 08:00:00,1.10907,1.10927,1.10349,1.10593,35264
2020-02-04 08:00:00,1.10590,1.10642,1.10327,1.10434,32443
2020-02-05 08:00:00,1.10436,1.10478,1.09935,1.09989,33576
2020-02-06 08:00:00,1.09989,1.10138,1.09643,1.09827,29014
2020-02-07 08:00:00,1.09827,1.09849,1.09418,1.09430,38494
2020-02-10 08:00:00,1.09424,1.09574,1.09076,1.09105,28211
2020-02-11 08:00:00,1.09105,1.09247,1.08912,1.09145,30977
2020-02-12 08:00:00,1.09146,1.09255,1.08651,1.08728,31063
2020-02-13 08:00:00,1.08716,1.08887,1.08339,1.08408,34413
2020-02-14 08:00:00,1.08408,1.08612,1.08272,1.08301,29198
2020-02-17 08:00:00,1.08397,1.08509,1.08291,1.08346,21012
2020-02-18 08:00:00,1.08345,1.08372,1.07852,1.07907,34567
2020-02-19 08:00:00,1.07906,1.08117,1.07821,1.08039,33315
2020-02-20 08:00:00,1.08033,1.08211,1.07775,1.07838,40984
2020-02-21 08:00:00,1.07841,1.08634,1.07835,1.08474,40454
2020-02-24 08:00:00,1.08250,1.08720,1.08049,1.08520,54843
2020-02-25 08:00:00,1.08519,1.08901,1.08300,1.08806,60638
2020-02-26 08:00:00,1.08806,1.09087,1.08549,1.08807,60645
2020-02-27 08:00:00,1.08812,1.10066,1.08771,1.09998,76238
2020-02-28 08:00:00,1.09998,1.10531,1.09508,1.10293,97598
2020-03-02 08:00:00,1.10407,1.11845,1.10362,1.11332,86124
2020-03-03 08:00:00,1.11314,1.12130,1.10951,1.11710,80800
2020-03-04 08:00:00,1.11707,1.11875,1.10953,1.11336,63822
2020-03-05 08:00:00,1.11340,1.12447,1.11195,1.12371,60736
2020-03-06 08:00:00,1.12370,1.13546,1.12113,1.12901,94001
2020-03-09 08:00:00,1.13469,1.14964,1.13397,1.14358,187327
2020-03-10 08:00:00,1.14358,1.14574,1.12743,1.12905,190339
2020-03-11 08:00:00,1.12905,1.13662,1.12500,1.12607,129097
2020-03-12 08:00:00,1.12602,1.13332,1.10554,1.11667,172884
2020-03-13 08:00:00,1.11686,1.12211,1.10549,1.11025,168062
2020-03-16 08:00:00,1.11886,1.12364,1.10846,1.11777,205632
2020-03-17 08:00:00,1.11777,1.11890,1.09550,1.10052,177869
2020-03-18 08:00:00,1.10061,1.10450,1.08016,1.09116,201942
2020-03-19 08:00:00,1.09117,1.09817,1.06541,1.06589,219504
2020-03-20 08:00:00,1.06614,1.08309,1.06375,1.06935,244937
2020-03-23 08:00:00,1.06937,1.08274,1.06355,1.07257,220916
2020-03-24 08:00:00,1.07226,1.08880,1.07226,1.07825,171445
2020-03-25 08:00:00,1.07823,1.08939,1.07601,1.08796,168158
2020-03-26 08:00:00,1.08797,1.10586,1.08700,1.10291,149438
2020-03-27 08:00:00,1.10290,1.11470,1.09533,1.11431,139186
2020-03-30 08:00:00,1.11159,1.11439,1.10099,1.10427,109850
2020-03-31 08:00:00,1.10414,1.10537,1.09266,1.10349,132367
2020-04-01 08:00:00,1.10299,1.10390,1.09027,1.09616,102809
2020-04-02 08:00:00,1.09619,1.09678,1.08205,1.08568,104632
2020-04-03 08:00:00,1.08550,1.08641,1.07727,1.08127,93640
2020-04-06 08:00:00,1.08088,1.08354,1.07682,1.07920,94909
2020-04-07 08:00:00,1.07920,1.09259,1.07834,1.08904,89461
2020-04-08 08:00:00,1.08903,1.09020,1.08298,1.08565,78664
2020-04-09 08:00:00,1.08559,1.09515,1.08409,1.09285,82410
2020-04-10 08:00:00,1.09286,1.09522,1.09185,1.09347,45005
2020-04-13 08:00:00,1.09428,1.09676,1.08925,1.09120,88985
2020-04-14 08:00:00,1.09120,1.09870,1.08987,1.09798,113063
2020-04-15 08:00:00,1.09794,1.09907,1.08562,1.09066,100896
2020-04-16 08:00:00,1.09076,1.09111,1.08166,1.08386,123356
2020-04-17 08:00:00,1.08386,1.08925,1.08119,1.08739,124445
2020-04-20 08:00:00,1.08625,1.08965,1.08411,1.08607,92579
2020-04-21 08:00:00,1.08611,1.08801,1.08164,1.08564,107627
2020-04-22 08:00:00,1.08563,1.08851,1.08032,1.08229,82977
2020-04-23 08:00:00,1.08226,1.08466,1.07560,1.07760,123060
2020-04-24 08:00:00,1.07760,1.08257,1.07269,1.08244,100461
2020-04-27 08:00:00,1.08208,1.08602,1.08112,1.08280,95439
2020-04-28 08:00:00,1.08275,1.08883,1.08096,1.08182,77049
2020-04-29 08:00:00,1.08180,1.08855,1.08179,1.08728,74705
2020-04-30 08:00:00,1.08709,1.09724,1.08328,1.09507,84471
2020-05-01 08:00:00,1.09485,1.10180,1.09343,1.09802,55528
2020-05-04 08:00:00,1.09684,1.09743,1.08956,1.09065,54761
2020-05-05 08:00:00,1.09054,1.09257,1.08257,1.08390,58150
2020-05-06 08:00:00,1.08397,1.08454,1.07818,1.07929,54033
2020-05-07 08:00:00,1.07925,1.08339,1.07664,1.08319,60714
2020-05-08 08:00:00,1.08315,1.08755,1.08150,1.08386,48534
2020-05-11 08:00:00,1.08240,1.08503,1.08005,1.08060,49534
2020-05-12 08:00:00,1.08038,1.08852,1.07843,1.08469,54306
2020-05-13 08:00:00,1.08464,1.08963,1.08115,1.08173,58528
2020-05-14 08:00:00,1.08167,1.08238,1.07748,1.08042,53197
2020-05-15 08:00:00,1.08031,1.08505,1.07888,1.08187,50568
2020-05-18 08:00:00,1.08014,1.09269,1.07998,1.09139,48887
2020-05-19 08:00:00,1.09145,1.09759,1.09021,1.09217,51091
2020-05-20 08:00:00,1.09208,1.09989,1.09165,1.09767,46569
2020-05-21 08:00:00,1.09761,1.10082,1.09372,1.09476,46263
2020-05-22 08:00:00,1.09458,1.09536,1.08852,1.09022,42958
2020-05-25 08:00:00,1.08953,1.09144,1.08706,1.08956,26566
2020-05-26 08:00:00,1.08922,1.09958,1.08919,1.09818,46804
2020-05-27 08:00:00,1.09814,1.10306,1.09339,1.10026,71978
2020-05-28 08:00:00,1.09962,1.10934,1.09917,1.10757,64330
2020-05-29 08:00:00,1.10756,1.11450,1.10669,1.11076,76623
2020-06-01 08:00:00,1.11150,1.11536,1.11003,1.11343,61548
2020-06-02 08:00:00,1.11342,1.11957,1.11151,1.11685,69172
2020-06-03 08:00:00,1.11678,1.12576,1.11665,1.12333,77798
2020-06-04 08:00:00,1.12321,1.13621,1.11947,1.13365,81076
2020-06-05 08:00:00,1.13367,1.13837,1.12782,1.12874,79259
2020-06-08 08:00:00,1.12932,1.13195,1.12682,1.12932,63468
2020-06-09 08:00:00,1.12933,1.13635,1.12409,1.13389,71617
2020-06-10 08:00:00,1.13388,1.14222,1.13215,1.13723,78384
2020-06-11 08:00:00,1.13723,1.14035,1.12886,1.12981,101175
2020-06-12 08:00:00,1.12933,1.13402,1.12125,1.12604,94092
2020-06-15 08:00:00,1.12356,1.13323,1.12263,1.13222,90036
2020-06-16 08:00:00,1.13220,1.13531,1.12276,1.12633,81131
2020-06-17 08:00:00,1.12628,1.12939,1.12070,1.12426,76433
2020-06-18 08:00:00,1.12428,1.12612,1.11854,1.12049,72169
2020-06-19 08:00:00,1.12047,1.12542,1.11681,1.11765,67711
2020-06-22 08:00:00,1.11819,1.12697,1.11684,1.12593,56787
2020-06-23 08:00:00,1.12592,1.13483,1.12330,1.13074,72602
2020-06-24 08:00:00,1.13073,1.13257,1.12483,1.12503,60143
2020-06-25 08:00:00,1.12503,1.12595,1.11902,1.12170,54121
2020-06-26 08:00:00,1.12181,1.12391,1.11951,1.12179,40896
2020-06-29 08:00:00,1.12146,1.12876,1.12146,1.12410,42408
2020-06-30 08:00:00,1.12412,1.12616,1.11909,1.12336,48612
2020-07-01 08:00:00,1.12340,1.12749,1.11847,1.12507,45694
2020-07-02 08:00:00,1.12507,1.13025,1.12231,1.12388,45520
2020-07-03 08:00:00,1.12391,1.12524,1.12192,1.12482,39847
2020-07-06 08:00:00,1.12430,1.13455,1.12406,1.13085,43681
2020-07-07 08:00:00,1.13084,1.13323,1.12587,1.12727,46610
2020-07-08 08:00:00,1.12674,1.13515,1.12621,1.13292,46420
2020-07-09 08:00:00,1.13287,1.13706,1.12801,1.12846,53652
2020-07-10 08:00:00,1.12845,1.13247,1.12548,1.12965,43778
2020-07-13 08:00:00,1.13015,1.13748,1.13008,1.13435,45838
2020-07-14 08:00:00,1.13431,1.14085,1.13250,1.13993,53978
2020-07-15 08:00:00,1.13990,1.14518,1.13910,1.14114,46644
2020-07-16 08:00:00,1.14113,1.14419,1.13703,1.13834,47684
2020-07-17 08:00:00,1.13832,1.14437,1.13745,1.14258,36614
2020-07-20 08:00:00,1.14042,1.14676,1.14021,1.14472,46665
2020-07-21 08:00:00,1.14470,1.15396,1.14227,1.15265,50733
2020-07-22 08:00:00,1.15268,1.16009,1.15066,1.15695,57633
2020-07-23 08:00:00,1.15693,1.16266,1.15402,1.15959,54824
2020-07-24 08:00:00,1.15957,1.16576,1.15813,1.16549,53672
2020-07-27 08:00:00,1.16431,1.17811,1.16412,1.17510,59628
2020-07-28 08:00:00,1.17512,1.17735,1.16986,1.17150,59214
2020-07-29 08:00:00,1.17148,1.18059,1.17126,1.17906,57617
2020-07-30 08:00:00,1.17910,1.18480,1.17307,1.18467,62399
2020-07-31 08:00:00,1.18465,1.19086,1.17613,1.17713,75364
2020-08-03 08:00:00,1.17697,1.17966,1.16957,1.17617,57376
2020-08-04 08:00:00,1.17633,1.18060,1.17212,1.18028,55353
2020-08-05 08:00:00,1.18026,1.19047,1.17929,1.18629,54459
2020-08-06 08:00:00,1.18627,1.19160,1.18178,1.18762,64120
2020-08-07 08:00:00,1.18763,1.18827,1.17550,1.17854,61612
2020-08-10 08:00:00,1.17864,1.18006,1.17359,1.17371,42261
2020-08-11 08:00:00,1.17373,1.18074,1.17220,1.17395,59065
2020-08-12 08:00:00,1.17402,1.18165,1.17109,1.17835,58997
2020-08-13 08:00:00,1.17835,1.18640,1.17796,1.18131,52645
2020-08-14 08:00:00,1.18126,1.18503,1.17814,1.18413,42080
2020-08-17 08:00:00,1.18377,1.18810,1.18285,1.18698,39587
2020-08-18 08:00:00,1.18695,1.19656,1.18655,1.19306,50881
2020-08-19 08:00:00,1.19302,1.19526,1.18301,1.18385,55642
2020-08-20 08:00:00,1.18355,1.18685,1.18020,1.18599,57789
2020-08-21 08:00:00,1.18599,1.18827,1.17542,1.17964,52733
2020-08-24 08:00:00,1.17929,1.18496,1.17841,1.17873,42510
2020-08-25 08:00:00,1.17871,1.18436,1.17840,1.18343,47918
2020-08-26 08:00:00,1.18340,1.18391,1.17721,1.18298,44133
2020-08-27 08:00:00,1.18297,1.19013,1.17621,1.18217,66444
2020-08-28 08:00:00,1.18215,1.19196,1.18110,1.19055,62437
2020-08-31 08:00:00,1.19036,1.19660,1.18839,1.19361,50159
2020-09-01 08:00:00,1.19358,1.20108,1.19011,1.19113,58939
2020-09-02 08:00:00,1.19112,1.19285,1.18220,1.18547,53643
2020-09-03 08:00:00,1.18521,1.18645,1.17887,1.18512,57467
2020-09-04 08:00:00,1.18513,1.18652,1.17808,1.18394,58184
2020-09-07 08:00:00,1.18458,1.18485,1.18111,1.18136,31385
2020-09-08 08:00:00,1.18136,1.18273,1.17654,1.17739,56953
2020-09-09 08:00:00,1.17747,1.18337,1.17528,1.18027,50318
2020-09-10 08:00:00,1.18026,1.19174,1.17994,1.18146,60593
2020-09-11 08:00:00,1.18145,1.18739,1.18086,1.18459,46151
2020-09-14 08:00:00,1.18362,1.18880,1.18321,1.18643,37436
2020-09-15 08:00:00,1.18648,1.19004,1.18393,1.18462,38904
2020-09-16 08:00:00,1.18465,1.18826,1.17873,1.18155,53041
2020-09-17 08:00:00,1.18146,1.18523,1.17374,1.18476,58356
2020-09-18 08:00:00,1.18476,1.18703,1.18258,1.18413,45923
2020-09-21 08:00:00,1.18455,1.18717,1.17316,1.17707,54501
2020-09-22 08:00:00,1.17700,1.17735,1.16916,1.17077,54507
2020-09-23 08:00:00,1.17074,1.17189,1.16511,1.16595,53403
2020-09-24 08:00:00,1.16590,1.16868,1.16264,1.16708,53594
2020-09-25 08:00:00,1.16706,1.16849,1.16122,1.16296,46422
2020-09-28 08:00:00,1.16222,1.16799,1.16151,1.16650,39261
2020-09-29 08:00:00,1.16650,1.17455,1.16609,1.17426,42496
2020-09-30 08:00:00,1.17430,1.17547,1.16846,1.17210,57876
2020-10-01 08:00:00,1.17210,1.17694,1.17171,1.17465,57598
2020-10-02 08:00:00,1.17489,1.17489,1.16957,1.17165,65348
2020-10-05 08:00:00,1.17131,1.17974,1.17053,1.17825,41921
2020-10-06 08:00:00,1.17826,1.18076,1.17316,1.17334,50635
2020-10-07 08:00:00,1.17335,1.17818,1.17248,1.17628,46612
2020-10-08 08:00:00,1.17624,1.17816,1.17324,1.17582,39212
2020-10-09 08:00:00,1.17587,1.18304,1.17551,1.18293,40290
2020-10-12 08:00:00,1.18173,1.18265,1.17866,1.18120,34400
2020-10-13 08:00:00,1.18120,1.18155,1.17305,1.17446,40707
2020-10-14 08:00:00,1.17452,1.17712,1.17195,1.17452,41998
2020-10-15 08:00:00,1.17452,1.17576,1.16882,1.17073,46911
2020-10-16 08:00:00,1.17073,1.17460,1.16939,1.17160,41654
2020-10-19 08:00:00,1.17195,1.17936,1.17030,1.17695,38192
2020-10-20 08:00:00,1.17695,1.18407,1.17598,1.18211,38813
2020-10-21 08:00:00,1.18214,1.18806,1.18208,1.18598,47267
2020-10-22 08:00:00,1.18582,1.18667,1.18114,1.18177,41611
2020-10-23 08:00:00,1.18177,1.18646,1.17867,1.18598,41119
2020-10-26 08:00:00,1.18551,1.18554,1.18031,1.18087,41221
2020-10-27 08:00:00,1.18087,1.18387,1.17818,1.17870,37585
2020-10-28 08:00:00,1.17870,1.17879,1.17178,1.17451,48573
2020-10-29 08:00:00,1.17451,1.17586,1.16499,1.16740,50814
2020-10-30 08:00:00,1.16741,1.17040,1.16398,1.16462,50353
2020-11-02 08:00:00,1.16468,1.16556,1.16221,1.16404,42757
2020-11-03 08:00:00,1.16406,1.17396,1.16323,1.17150,38341
2020-11-04 08:00:00,1.17150,1.17704,1.16019,1.17244,91397
2020-11-05 08:00:00,1.17244,1.18598,1.17108,1.18267,85434
2020-11-06 08:00:00,1.18272,1.18909,1.17954,1.18746,80267
2020-11-09 08:00:00,1.18873,1.19200,1.17951,1.18127,102576
2020-11-10 08:00:00,1.18124,1.18432,1.17798,1.18136,88041
2020-11-11 08:00:00,1.18138,1.18328,1.17455,1.17771,53264
2020-11-12 08:00:00,1.17771,1.18231,1.17586,1.18048,57097
2020-11-13 08:00:00,1.18047,1.18372,1.17989,1.18326,45110
2020-11-16 08:00:00,1.18400,1.18688,1.18141,1.18516,57741
2020-11-17 08:00:00,1.18509,1.18939,1.18428,1.18605,43717
2020-11-18 08:00:00,1.18618,1.18910,1.18491,1.18526,49423
2020-11-19 08:00:00,1.18526,1.18825,1.18163,1.18745,53540
2020-11-20 08:00:00,1.18745,1.18909,1.18497,1.18587,44971
2020-11-23 08:00:00,1.18496,1.19061,1.18000,1.18399,49370
2020-11-24 08:00:00,1.18399,1.18959,1.18358,1.18904,49664
2020-11-25 08:00:00,1.18905,1.19298,1.18819,1.19157,56219
2020-11-26 08:00:00,1.19164,1.19409,1.18853,1.19127,34494
2020-11-27 08:00:00,1.19125,1.19630,1.19067,1.19593,38264
2020-11-30 08:00:00,1.19600,1.20034,1.19236,1.19256,57731
2020-12-01 08:00:00,1.19261,1.20766,1.19253,1.20692,58891
2020-12-02 08:00:00,1.20691,1.21184,1.20400,1.21136,69133
2020-12-03 08:00:00,1.21137,1.21746,1.21011,1.21469,74096
2020-12-04 08:00:00,1.21447,1.21773,1.21100,1.21201,76974
2020-12-07 08:00:00,1.21299,1.21664,1.20787,1.21091,77841
2020-12-08 08:00:00,1.21091,1.21340,1.20956,1.21022,71978
2020-12-09 08:00:00,1.21022,1.21474,1.20585,1.20802,72315
2020-12-10 08:00:00,1.20789,1.21588,1.20738,1.21398,85474
2020-12-11 08:00:00,1.21361,1.21628,1.21054,1.21125,71031
2020-12-14 08:00:00,1.21366,1.21766,1.21156,1.21432,65850
2020-12-15 08:00:00,1.21432,1.21687,1.21214,1.21505,65615
2020-12-16 08:00:00,1.21489,1.22124,1.21249,1.21984,76468
2020-12-17 08:00:00,1.21985,1.22729,1.21897,1.22684,65915
2020-12-18 08:00:00,1.22676,1.22719,1.22256,1.22542,58548
2020-12-21 08:00:00,1.22166,1.22528,1.21296,1.22424,103141
2020-12-22 08:00:00,1.22434,1.22573,1.21520,1.21616,79150
2020-12-23 08:00:00,1.21618,1.22212,1.21540,1.21860,79543
2020-12-24 08:00:00,1.21857,1.22157,1.21774,1.21808,47758
2020-12-28 08:00:00,1.21696,1.22506,1.21696,1.22160,65208
2020-12-29 08:00:00,1.22160,1.22749,1.22070,1.22482,56037
2020-12-30 08:00:00,1.22471,1.23099,1.22470,1.22961,66896
2020-12-31 08:00:00,1.22963,1.23093,1.22127,1.22155,58559
2021-01-04 08:00:00,1.22395,1.23098,1.22280,1.22473,85620
2021-01-05 08:00:00,1.22466,1.23056,1.22432,1.22965,75380
2021-01-06 08:00:00,1.22968,1.23494,1.22657,1.23252,118259
2021-01-07 08:00:00,1.23256,1.23441,1.22452,1.22710,84749
2021-01-08 08:00:00,1.22713,1.22845,1.21932,1.22218,100138
2021-01-11 08:00:00,1.22116,1.22285,1.21323,1.21497,79581
2021-01-12 08:00:00,1.21498,1.22097,1.21372,1.22062,70628
2021-01-13 08:00:00,1.22064,1.22229,1.21399,1.21568,70247
2021-01-14 08:00:00,1.21568,1.21784,1.21112,1.21540,82002
2021-01-15 08:00:00,1.21537,1.21625,1.20750,1.20766,71372
2021-01-18 08:00:00,1.20813,1.20867,1.20536,1.20757,51965
2021-01-19 08:00:00,1.20768,1.21449,1.20739,1.21284,59302
2021-01-20 08:00:00,1.21281,1.21582,1.20767,1.21046,63393
2021-01-21 08:00:00,1.21043,1.21732,1.21022,1.21640,65018
2021-01-22 08:00:00,1.21586,1.21894,1.21515,1.21704,57094
2021-01-25 08:00:00,1.21704,1.21833,1.21160,1.21413,54371
2021-01-26 08:00:00,1.21371,1.21760,1.21078,1.21592,51913
2021-01-27 08:00:00,1.21598,1.21696,1.20586,1.21096,74814
2021-01-28 08:00:00,1.21086,1.21421,1.20805,1.21210,76561
2021-01-29 08:00:00,1.21209,1.21558,1.20944,1.21353,75639
2021-02-01 08:00:00,1.21301,1.21364,1.20562,1.20594,63743
2021-02-02 08:00:00,1.20594,1.20876,1.20117,1.20428,58989
2021-02-03 08:00:00,1.20423,1.20500,1.20042,1.20351,49377
2021-02-04 08:00:00,1.20349,1.20428,1.19574,1.19620,51807
2021-02-05 08:00:00,1.19618,1.20498,1.19522,1.20492,67841
2021-02-08 08:00:00,1.20426,1.20661,1.20197,1.20493,59895
2021-02-09 08:00:00,1.20493,1.21221,1.20472,1.21174,64758
2021-02-10 08:00:00,1.21173,1.21440,1.21088,1.21172,48674
2021-02-11 08:00:00,1.21172,1.21493,1.21135,1.21303,46803
2021-02-12 08:00:00,1.21303,1.21349,1.20815,1.21189,55276
2021-02-15 08:00:00,1.21240,1.21452,1.21167,1.21274,39844
2021-02-16 08:00:00,1.21271,1.21694,1.20949,1.21053,63015
2021-02-17 08:00:00,1.21047,1.21089,1.20234,1.20374,69997
2021-02-18 08:00:00,1.20351,1.20944,1.20350,1.20908,60510
2021-02-19 08:00:00,1.20908,1.21443,1.20823,1.21174,59796
2021-02-22 08:00:00,1.21131,1.21694,1.20912,1.21554,66651
2021-02-23 08:00:00,1.21564,1.21802,1.21353,1.21493,64676
2021-02-24 08:00:00,1.21493,1.21745,1.21092,1.21665,83207
2021-02-25 08:00:00,1.21637,1.22432,1.21560,1.21743,106775
2021-02-26 08:00:00,1.21730,1.21828,1.20622,1.20727,129271
2021-03-01 08:00:00,1.20688,1.21012,1.20278,1.20488,83306
2021-03-02 08:00:00,1.20488,1.20944,1.19915,1.20893,80054
2021-03-03 08:00:00,1.20898,1.21132,1.20429,1.20627,71671
2021-03-04 08:00:00,1.20627,1.20662,1.19616,1.19694,93524
2021-03-05 08:00:00,1.19680,1.19767,1.18928,1.19120,96968
2021-03-08 08:00:00,1.19166,1.19321,1.18442,1.18460,100880
2021-03-09 08:00:00,1.18456,1.19157,1.18356,1.19001,94052
2021-03-10 08:00:00,1.19002,1.19298,1.18687,1.19284,87767
2021-03-11 08:00:00,1.19283,1.19900,1.19158,1.19851,86008
2021-03-12 08:00:00,1.19850,1.19886,1.19098,1.19519,83666
2021-03-15 08:00:00,1.19473,1.19674,1.19111,1.19271,67450
2021-03-16 08:00:00,1.19271,1.19517,1.18823,1.19009,67321
2021-03-17 08:00:00,1.19009,1.19853,1.18863,1.19802,71533
2021-03-18 08:00:00,1.19802,1.19890,1.19062,1.19135,85787
2021-03-19 08:00:00,1.19134,1.19372,1.18738,1.19044,73391
2021-03-22 08:00:00,1.18828,1.19467,1.18744,1.19332,61205
2021-03-23 08:00:00,1.19337,1.19407,1.18423,1.18480,64329
2021-03-24 08:00:00,1.18477,1.18516,1.18097,1.18123,64871
2021-03-25 08:00:00,1.18122,1.18277,1.17619,1.17677,72966
2021-03-26 08:00:00,1.17683,1.18049,1.17677,1.17933,53288
2021-03-29 08:00:00,1.17886,1.17937,1.17608,1.17642,59703
2021-03-30 08:00:00,1.17640,1.17736,1.17114,1.17169,56334
2021-03-31 08:00:00,1.17170,1.17598,1.17041,1.17298,60218
2021-04-01 08:00:00,1.17298,1.17799,1.17124,1.17759,54081
2021-04-02 08:00:00,1.17760,1.17864,1.17488,1.17608,25975
2021-04-05 08:00:00,1.17543,1.18196,1.17382,1.18125,35619
2021-04-06 08:00:00,1.18125,1.18776,1.17951,1.18740,54221
2021-04-07 08:00:00,1.18730,1.19147,1.18609,1.18668,64421
2021-04-08 08:00:00,1.18666,1.19273,1.18605,1.19124,52471
2021-04-09 08:00:00,1.19121,1.19202,1.18672,1.19010,53194
2021-04-12 08:00:00,1.18881,1.19190,1.18712,1.19099,53836
2021-04-13 08:00:00,1.19093,1.19560,1.18775,1.19474,64190
2021-04-14 08:00:00,1.19478,1.19874,1.19459,1.19784,46298
2021-04-15 08:00:00,1.19781,1.19933,1.19561,1.19655,44581
2021-04-16 08:00:00,1.19654,1.19949,1.19504,1.19809,39119
2021-04-19 08:00:00,1.19716,1.20481,1.19426,1.20367,47784
2021-04-20 08:00:00,1.20364,1.20798,1.20224,1.20343,47965
2021-04-21 08:00:00,1.20343,1.20436,1.19984,1.20343,40554
2021-04-22 08:00:00,1.20345,1.20690,1.19937,1.20140,50069
2021-04-23 08:00:00,1.20139,1.21000,1.20129,1.20973,41892
2021-04-26 08:00:00,1.20922,1.21170,1.20613,1.20841,42446
2021-04-27 08:00:00,1.20854,1.20928,1.20568,1.20892,38426
2021-04-28 08:00:00,1.20896,1.21348,1.20563,1.21250,50256
2021-04-29 08:00:00,1.21249,1.21502,1.21021,1.21187,46298
2021-04-30 08:00:00,1.21190,1.21266,1.20166,1.20208,46828
2021-05-03 08:00:00,1.20301,1.20759,1.20129,1.20629,37322
2021-05-04 08:00:00,1.20630,1.20641,1.19992,1.20121,50615
2021-05-05 08:00:00,1.20118,1.20268,1.19860,1.20036,40778
2021-05-06 08:00:00,1.20036,1.20716,1.19931,1.20646,44831
2021-05-07 08:00:00,1.20647,1.21713,1.20530,1.21618,58468
2021-05-10 08:00:00,1.21600,1.21783,1.21278,1.21282,51513
2021-05-11 08:00:00,1.21280,1.21817,1.21230,1.21470,57217
2021-05-12 08:00:00,1.21472,1.21521,1.20656,1.20705,69534
2021-05-13 08:00:00,1.20724,1.21061,1.20515,1.20791,65958
2021-05-14 08:00:00,1.20787,1.21476,1.20708,1.21441,49976
2021-05-17 08:00:00,1.21323,1.21687,1.21260,1.21511,46428
2021-05-18 08:00:00,1.21513,1.22339,1.21480,1.22219,49583
2021-05-19 08:00:00,1.22219,1.22452,1.21599,1.21744,75108
2021-05-20 08:00:00,1.21744,1.22290,1.21690,1.22269,55450
2021-05-21 08:00:00,1.22270,1.22398,1.21610,1.21806,58463
2021-05-24 08:00:00,1.21776,1.22300,1.21722,1.22150,57085
2021-05-25 08:00:00,1.22146,1.22664,1.22117,1.22497,61602
2021-05-26 08:00:00,1.22491,1.22630,1.21820,1.21922,58587
2021-05-27 08:00:00,1.21906,1.22151,1.21751,1.21934,59404
2021-05-28 08:00:00,1.21932,1.22050,1.21327,1.21896,60110
2021-05-31 08:00:00,1.21993,1.22314,1.21833,1.22250,36694
2021-06-01 08:00:00,1.22254,1.22543,1.22118,1.22126,52448
2021-06-02 08:00:00,1.22125,1.22265,1.21643,1.22100,53793
2021-06-03 08:00:00,1.22097,1.22143,1.21183,1.21265,59299
2021-06-04 08:00:00,1.21261,1.21856,1.21041,1.21662,56073
2021-06-07 08:00:00,1.21595,1.22018,1.21448,1.21893,40542
2021-06-08 08:00:00,1.21891,1.21942,1.21643,1.21726,48682
2021-06-09 08:00:00,1.21722,1.22179,1.21709,1.21787,42992
2021-06-10 08:00:00,1.21787,1.21950,1.21432,1.21751,66547
2021-06-11 08:00:00,1.21751,1.21931,1.20927,1.21063,54807
2021-06-14 08:00:00,1.21025,1.21303,1.20942,1.21200,46944
2021-06-15 08:00:00,1.21190,1.21473,1.21014,1.21264,50679
2021-06-16 08:00:00,1.21256,1.21348,1.19940,1.19943,66416
2021-06-17 08:00:00,1.19939,1.20064,1.18918,1.19069,90570
2021-06-18 08:00:00,1.19056,1.19251,1.18537,1.18597,81407
2021-06-21 08:00:00,1.18550,1.19212,1.18477,1.19185,87967
2021-06-22 08:00:00,1.19166,1.19525,1.18809,1.19413,68415
2021-06-23 08:00:00,1.19376,1.19703,1.19116,1.19258,66823
2021-06-24 08:00:00,1.19254,1.19563,1.19175,1.19315,65027
2021-06-25 08:00:00,1.19315,1.19752,1.19265,1.19370,59055
2021-06-28 08:00:00,1.19316,1.19445,1.19025,1.19242,60674
2021-06-29 08:00:00,1.19230,1.19298,1.18777,1.18960,61593
2021-06-30 08:00:00,1.18954,1.19090,1.18452,1.18560,70561
2021-07-01 08:00:00,1.18559,1.18842,1.18374,1.18497,70316
2021-07-02 08:00:00,1.18491,1.18743,1.18071,1.18646,71827
2021-07-05 08:00:00,1.18576,1.18805,1.18515,1.18634,47260
2021-07-06 08:00:00,1.18619,1.18950,1.18067,1.18231,79642
2021-07-07 08:00:00,1.18235,1.18362,1.17817,1.17903,75932
2021-07-08 08:00:00,1.17899,1.18679,1.17836,1.18449,90999
2021-07-09 08:00:00,1.18440,1.18811,1.18251,1.18774,73949
2021-07-12 08:00:00,1.18715,1.18802,1.18361,1.18606,56598
2021-07-13 08:00:00,1.18593,1.18752,1.17724,1.17765,69168
2021-07-14 08:00:00,1.17761,1.18388,1.17719,1.18358,70801
2021-07-15 08:00:00,1.18349,1.18506,1.17962,1.18118,74081
2021-07-16 08:00:00,1.18118,1.18224,1.17921,1.18055,70772
2021-07-19 08:00:00,1.18054,1.18243,1.17640,1.17987,80957
2021-07-20 08:00:00,1.17980,1.18025,1.17558,1.17805,70566
2021-07-21 08:00:00,1.17796,1.18047,1.17519,1.17946,56519
2021-07-22 08:00:00,1.17907,1.18303,1.17575,1.17707,64812
2021-07-23 08:00:00,1.17705,1.17865,1.17544,1.17689,49090
2021-07-26 08:00:00,1.17677,1.18173,1.17635,1.18029,53860
2021-07-27 08:00:00,1.18030,1.18411,1.17701,1.18165,64421
2021-07-28 08:00:00,1.18159,1.18494,1.17721,1.18441,64207
2021-07-29 08:00:00,1.18431,1.18927,1.18402,1.18865,49044
2021-07-30 08:00:00,1.18858,1.19087,1.18517,1.18730,54242
2021-08-02 08:00:00,1.18641,1.18969,1.18590,1.18688,47011
2021-08-03 08:00:00,1.18670,1.18933,1.18537,1.18637,49688
2021-08-04 08:00:00,1.18631,1.18997,1.18328,1.18367,48391
2021-08-05 08:00:00,1.18360,1.18572,1.18282,1.18327,47001
2021-08-06 08:00:00,1.18324,1.18357,1.17544,1.17611,47467
2021-08-09 08:00:00,1.17568,1.17690,1.17349,1.17362,47081
2021-08-10 08:00:00,1.17358,1.17429,1.17098,1.17203,41851
2021-08-11 08:00:00,1.17184,1.17540,1.17061,1.17388,45441
2021-08-12 08:00:00,1.17380,1.17482,1.17237,1.17296,36888
2021-08-13 08:00:00,1.17290,1.18048,1.17281,1.17962,35375
2021-08-16 08:00:00,1.17941,1.18007,1.17675,1.17768,37488
2021-08-17 08:00:00,1.17762,1.17845,1.17081,1.17081,50070
2021-08-18 08:00:00,1.17088,1.17425,1.16937,1.17108,48811
2021-08-19 08:00:00,1.17087,1.17176,1.16657,1.16756,59625
2021-08-20 08:00:00,1.16752,1.17045,1.16640,1.16996,42854
2021-08-23 08:00:00,1.16897,1.17503,1.16897,1.17457,42138
2021-08-24 08:00:00,1.17449,1.17650,1.17273,1.17555,40186
2021-08-25 08:00:00,1.17537,1.17743,1.17260,1.17716,45250
2021-08-26 08:00:00,1.17706,1.17790,1.17459,1.17515,49613
2021-08-27 08:00:00,1.17514,1.18026,1.17349,1.17955,54550
2021-08-30 08:00:00,1.17926,1.18099,1.17829,1.17962,36224
2021-08-31 08:00:00,1.17961,1.18450,1.17939,1.18083,56492
2021-09-01 08:00:00,1.18078,1.18572,1.17936,1.18384,50142
2021-09-02 08:00:00,1.18374,1.18759,1.18344,1.18744,42004
2021-09-03 08:00:00,1.18739,1.19091,1.18657,1.18772,53226
2021-09-06 08:00:00,1.18768,1.18862,1.18557,1.18701,29883
2021-09-07 08:00:00,1.18675,1.18852,1.18373,1.18402,54549
2021-09-08 08:00:00,1.18356,1.18512,1.18022,1.18150,64756
2021-09-09 08:00:00,1.18125,1.18413,1.18053,1.18244,68564
2021-09-10 08:00:00,1.18229,1.18510,1.18091,1.18107,52650
2021-09-13 08:00:00,1.18143,1.18171,1.17702,1.18103,51815
2021-09-14 08:00:00,1.18092,1.18460,1.18001,1.18025,58490
2021-09-15 08:00:00,1.18013,1.18319,1.17991,1.18165,58073
2021-09-16 08:00:00,1.18153,1.18206,1.17506,1.17652,58283
2021-09-17 08:00:00,1.17675,1.17888,1.17242,1.17250,56213
2021-09-20 08:00:00,1.17272,1.17363,1.17004,1.17257,58444
2021-09-21 08:00:00,1.17248,1.17486,1.17149,1.17252,58514
2021-09-22 08:00:00,1.17240,1.17555,1.16843,1.16866,72571
2021-09-23 08:00:00,1.16860,1.17501,1.16835,1.17381,68536
2021-09-24 08:00:00,1.17379,1.17476,1.17007,1.17206,51401
2021-09-27 08:00:00,1.17255,1.17255,1.16848,1.16952,57807
2021-09-28 08:00:00,1.16940,1.17032,1.16682,1.16826,64793
2021-09-29 08:00:00,1.16825,1.16901,1.15894,1.15969,68964
2021-09-30 08:00:00,1.15963,1.16097,1.15626,1.15769,68517
2021-10-01 08:00:00,1.15740,1.16075,1.15630,1.15927,66777
2021-10-04 08:00:00,1.15922,1.16400,1.15876,1.16193,54990
2021-10-05 08:00:00,1.16184,1.16216,1.15806,1.15972,50533
2021-10-06 08:00:00,1.15959,1.16019,1.15292,1.15556,63394
2021-10-07 08:00:00,1.15538,1.15723,1.15474,1.15527,50611
2021-10-08 08:00:00,1.15526,1.15861,1.15414,1.15736,59970
2021-10-11 08:00:00,1.15659,1.15867,1.15487,1.15517,46485
2021-10-12 08:00:00,1.15522,1.15702,1.15242,1.15295,57798
2021-10-13 08:00:00,1.15294,1.15973,1.15250,1.15940,67602
2021-10-14 08:00:00,1.15903,1.16245,1.15838,1.15959,56588
2021-10-15 08:00:00,1.15947,1.16186,1.15880,1.15981,61186
2021-10-18 08:00:00,1.15976,1.16224,1.15717,1.16097,63554
2021-10-19 08:00:00,1.16088,1.16692,1.16074,1.16325,60549
2021-10-20 08:00:00,1.16304,1.16586,1.16170,1.16505,61774
2021-10-21 08:00:00,1.16478,1.16675,1.16192,1.16240,65189
2021-10-22 08:00:00,1.16197,1.16554,1.16194,1.16437,65172
2021-10-25 08:00:00,1.16380,1.16650,1.15907,1.16081,59725
2021-10-26 08:00:00,1.16076,1.16257,1.15850,1.15957,54975
2021-10-27 08:00:00,1.15955,1.16257,1.15848,1.16026,66553
2021-10-28 08:00:00,1.16023,1.16920,1.15824,1.16801,82814
2021-10-29 08:00:00,1.16781,1.16901,1.15353,1.15620,82169
2021-11-01 08:00:00,1.15626,1.16090,1.15460,1.16041,51339
2021-11-02 08:00:00,1.16028,1.16132,1.15747,1.15780,56326
2021-11-03 08:00:00,1.15770,1.16161,1.15621,1.16131,69529
2021-11-04 08:00:00,1.16110,1.16162,1.15284,1.15539,65259
2021-11-05 08:00:00,1.15537,1.15730,1.15134,1.15665,68123
2021-11-08 08:00:00,1.15597,1.15950,1.15503,1.15864,54555
2021-11-09 08:00:00,1.15840,1.16086,1.15697,1.15929,67294
2021-11-10 08:00:00,1.15908,1.15953,1.14756,1.14783,85955
2021-11-11 08:00:00,1.14774,1.14876,1.14429,1.14495,53727
2021-11-12 08:00:00,1.14484,1.14623,1.14328,1.14427,57609
2021-11-15 08:00:00,1.14456,1.14641,1.13562,1.13672,64282
2021-11-16 08:00:00,1.13666,1.13855,1.13088,1.13194,75709
2021-11-17 08:00:00,1.13184,1.13324,1.12632,1.13187,76999
2021-11-18 08:00:00,1.13177,1.13741,1.13138,1.13704,69758
2021-11-19 08:00:00,1.13686,1.13724,1.12498,1.12829,90206
2021-11-22 08:00:00,1.12884,1.12901,1.12307,1.12364,81667
2021-11-23 08:00:00,1.12362,1.12750,1.12260,1.12474,81541
2021-11-24 08:00:00,1.12461,1.12554,1.11861,1.11982,86483
2021-11-25 08:00:00,1.11960,1.12299,1.11954,1.12083,48236
2021-11-26 08:00:00,1.12060,1.13303,1.12044,1.13215,113571
2021-11-29 08:00:00,1.13002,1.13112,1.12584,1.12902,75004
2021-11-30 08:00:00,1.12883,1.13830,1.12354,1.13380,108745
2021-12-01 08:00:00,1.13350,1.13597,1.13025,1.13193,89859
2021-12-02 08:00:00,1.13176,1.13478,1.12952,1.13006,75866
2021-12-03 08:00:00,1.12996,1.13335,1.12666,1.13083,86551
2021-12-06 08:00:00,1.12995,1.13104,1.12665,1.12847,57613
2021-12-07 08:00:00,1.12821,1.12983,1.12274,1.12671,59940
2021-12-08 08:00:00,1.12658,1.13549,1.12633,1.13417,71543
2021-12-09 08:00:00,1.13418,1.13449,1.12784,1.12924,61604
2021-12-10 08:00:00,1.12919,1.13243,1.12649,1.13162,59302
2021-12-13 08:00:00,1.13077,1.13190,1.12599,1.12842,54396
2021-12-14 08:00:00,1.12807,1.13237,1.12537,1.12583,54577
2021-12-15 08:00:00,1.12575,1.12992,1.12217,1.12919,71257
2021-12-16 08:00:00,1.12905,1.13602,1.12811,1.13296,72728
2021-12-17 08:00:00,1.13296,1.13489,1.12344,1.12372,63293
2021-12-20 08:00:00,1.12356,1.13040,1.12341,1.12769,60766
2021-12-21 08:00:00,1.12743,1.13027,1.12609,1.12822,54441
2021-12-22 08:00:00,1.12820,1.13423,1.12642,1.13258,52866
2021-12-23 08:00:00,1.13246,1.13422,1.12902,1.13263,49430
2021-12-24 08:00:00,1.13260,1.13435,1.13044,1.13197,53499
2021-12-27 08:00:00,1.13023,1.13342,1.13023,1.13264,37691
2021-12-28 08:00:00,1.13260,1.13330,1.12894,1.13079,40037
2021-12-29 08:00:00,1.13079,1.13687,1.12732,1.13477,51231
2021-12-30 08:00:00,1.13445,1.13599,1.12988,1.13256,50314
2021-12-31 08:00:00,1.13244,1.13861,1.13033,1.13755,39263
2022-01-03 08:00:00,1.13693,1.13778,1.12795,1.12971,53813
2022-01-04 08:00:00,1.12961,1.13226,1.12723,1.12862,62525
2022-01-05 08:00:00,1.12852,1.13466,1.12765,1.13135,61289
2022-01-06 08:00:00,1.13111,1.13316,1.12846,1.12976,67251
2022-01-07 08:00:00,1.12960,1.13647,1.12901,1.13590,49836
2022-01-10 08:00:00,1.13550,1.13599,1.12853,1.13252,53457
2022-01-11 08:00:00,1.13230,1.13753,1.13131,1.13666,49386
2022-01-12 08:00:00,1.13655,1.14528,1.13545,1.14411,51872
2022-01-13 08:00:00,1.14402,1.14817,1.14357,1.14539,53078
2022-01-14 08:00:00,1.14531,1.14829,1.13987,1.14151,59882
2022-01-17 08:00:00,1.14117,1.14342,1.13915,1.14062,34611
2022-01-18 08:00:00,1.14062,1.14216,1.13147,1.13258,68363
2022-01-19 08:00:00,1.13249,1.13569,1.13163,1.13420,58174
2022-01-20 08:00:00,1.13393,1.13689,1.13031,1.13108,59448
2022-01-21 08:00:00,1.13092,1.13597,1.13010,1.13421,60447
2022-01-24 08:00:00,1.13371,1.13447,1.12906,1.13254,70762
2022-01-25 08:00:00,1.13226,1.13280,1.12632,1.13006,63243
2022-01-26 08:00:00,1.12991,1.13108,1.12354,1.12405,75069
2022-01-27 08:00:00,1.12404,1.12431,1.11313,1.11444,83832
2022-01-28 08:00:00,1.11428,1.11737,1.11214,1.11469,78407
2022-01-31 08:00:00,1.11406,1.12477,1.11378,1.12333,74328
2022-02-01 08:00:00,1.12315,1.12786,1.12208,1.12718,72903
2022-02-02 08:00:00,1.12715,1.13301,1.12667,1.13035,61143
2022-02-03 08:00:00,1.13018,1.14513,1.12665,1.14392,97250
2022-02-04 08:00:00,1.14389,1.14836,1.14116,1.14514,96664
2022-02-07 08:00:00,1.14573,1.14614,1.14151,1.14419,76500
2022-02-08 08:00:00,1.14411,1.14486,1.13958,1.14163,67506
2022-02-09 08:00:00,1.14127,1.14479,1.14025,1.14233,59971
2022-02-10 08:00:00,1.14210,1.14950,1.13748,1.14275,98683
2022-02-11 08:00:00,1.14263,1.14291,1.13297,1.13477,110096
2022-02-14 08:00:00,1.13376,1.13688,1.12800,1.13058,108728
2022-02-15 08:00:00,1.13032,1.13683,1.12990,1.13582,87080
2022-02-16 08:00:00,1.13568,1.13955,1.13448,1.13722,77435
2022-02-17 08:00:00,1.13713,1.13857,1.13229,1.13608,98839
2022-02-18 08:00:00,1.13580,1.13769,1.13139,1.13227,76510
2022-02-21 08:00:00,1.13145,1.13907,1.13064,1.13093,55985
2022-02-22 08:00:00,1.13070,1.13670,1.12878,1.13241,102907
2022-02-23 08:00:00,1.13246,1.13588,1.13012,1.13051,64439
2022-02-24 08:00:00,1.13023,1.13086,1.11063,1.11919,171175
2022-02-25 08:00:00,1.11908,1.12735,1.11659,1.12716,113512
2022-02-28 08:00:00,1.11295,1.12464,1.11245,1.12178,138468
2022-03-01 08:00:00,1.12177,1.12331,1.10897,1.11229,114181
2022-03-02 08:00:00,1.11248,1.11434,1.10574,1.11184,129648
2022-03-03 08:00:00,1.11160,1.11205,1.10332,1.10659,99725
2022-03-04 08:00:00,1.10651,1.10679,1.08852,1.09305,129366
2022-03-07 08:00:00,1.09255,1.09324,1.08060,1.08533,166436
2022-03-08 08:00:00,1.08511,1.09583,1.08471,1.09014,158841
2022-03-09 08:00:00,1.08960,1.10961,1.08896,1.10750,116644
2022-03-10 08:00:00,1.10729,1.11213,1.09758,1.09859,125689
2022-03-11 08:00:00,1.09845,1.10434,1.09021,1.09137,113278
2022-03-14 08:00:00,1.09155,1.09938,1.09004,1.09447,103181
2022-03-15 08:00:00,1.09416,1.10200,1.09260,1.09489,112133
2022-03-16 08:00:00,1.09491,1.10470,1.09491,1.10310,128099
2022-03-17 08:00:00,1.10305,1.11376,1.10071,1.10901,85724
2022-03-18 08:00:00,1.10890,1.11186,1.10031,1.10503,91467
2022-03-21 08:00:00,1.10504,1.10702,1.10102,1.10188,69638
2022-03-22 08:00:00,1.10176,1.10458,1.09610,1.10294,85754
2022-03-23 08:00:00,1.10279,1.10427,1.09641,1.10066,77335
2022-03-24 08:00:00,1.10052,1.10135,1.09658,1.09982,83700
2022-03-25 08:00:00,1.09959,1.10380,1.09809,1.09854,82996
2022-03-28 08:00:00,1.09842,1.09997,1.09447,1.09859,104188
2022-03-29 08:00:00,1.09834,1.11371,1.09690,1.10858,126457
2022-03-30 08:00:00,1.10851,1.11710,1.10792,1.11575,109745
2022-03-31 08:00:00,1.11579,1.11848,1.10613,1.10665,110897
2022-04-01 08:00:00,1.10656,1.10757,1.10283,1.10447,85774
2022-04-04 08:00:00,1.10336,1.10543,1.09608,1.09715,69321
2022-04-05 08:00:00,1.09688,1.09886,1.09000,1.09041,74904
2022-04-06 08:00:00,1.09029,1.09381,1.08741,1.08956,97599
2022-04-07 08:00:00,1.08956,1.09382,1.08649,1.08777,88265
2022-04-08 08:00:00,1.08764,1.08921,1.08364,1.08747,77188
2022-04-11 08:00:00,1.09159,1.09333,1.08729,1.08829,77468
2022-04-12 08:00:00,1.08825,1.09035,1.08216,1.08269,98342
2022-04-13 08:00:00,1.08256,1.08942,1.08090,1.08902,83973
2022-04-14 08:00:00,1.08897,1.09233,1.07576,1.08286,100620
2022-04-15 08:00:00,1.08278,1.08303,1.07961,1.08113,56635
2022-04-18 08:00:00,1.07994,1.08213,1.07702,1.07810,52965
2022-04-19 08:00:00,1.07805,1.08141,1.07612,1.07877,81502
2022-04-20 08:00:00,1.07876,1.08667,1.07827,1.08539,88292
2022-04-21 08:00:00,1.08496,1.09364,1.08239,1.08336,99031
2022-04-22 08:00:00,1.08368,1.08519,1.07707,1.08009,94056
2022-04-25 08:00:00,1.08071,1.08145,1.06965,1.07125,122270
2022-04-26 08:00:00,1.07106,1.07388,1.06353,1.06372,95470
2022-04-27 08:00:00,1.06363,1.06547,1.05144,1.05573,117332
2022-04-28 08:00:00,1.05571,1.05646,1.04709,1.04983,134090
2022-04-29 08:00:00,1.04976,1.05927,1.04906,1.05460,111385
2022-05-02 08:00:00,1.05421,1.05681,1.04902,1.05072,91871
2022-05-03 08:00:00,1.05070,1.05775,1.04922,1.05202,89550
2022-05-04 08:00:00,1.05186,1.06306,1.05060,1.06219,109807
2022-05-05 08:00:00,1.06196,1.06419,1.04928,1.05410,130526
2022-05-06 08:00:00,1.05413,1.05987,1.04828,1.05439,146857
2022-05-09 08:00:00,1.05387,1.05925,1.04954,1.05570,123650
2022-05-10 08:00:00,1.05570,1.05851,1.05257,1.05281,127047
2022-05-11 08:00:00,1.05281,1.05770,1.05017,1.05092,134397
2022-05-12 08:00:00,1.05092,1.05291,1.03540,1.03779,139403
2022-05-13 08:00:00,1.03779,1.04196,1.03494,1.04077,97846
2022-05-16 08:00:00,1.03959,1.04430,1.03887,1.04311,81470
2022-05-17 08:00:00,1.04310,1.05560,1.04276,1.05465,95987
2022-05-18 08:00:00,1.05465,1.05639,1.04599,1.04609,87927
2022-05-19 08:00:00,1.04609,1.06073,1.04590,1.05854,115331
2022-05-20 08:00:00,1.05816,1.05990,1.05328,1.05582,93700
2022-05-23 08:00:00,1.05601,1.06975,1.05561,1.06881,89168
2022-05-24 08:00:00,1.06878,1.07489,1.06611,1.07333,96527
2022-05-25 08:00:00,1.07329,1.07382,1.06418,1.06790,96798
2022-05-26 08:00:00,1.06775,1.07310,1.06627,1.07239,84272
2022-05-27 08:00:00,1.07239,1.07651,1.06974,1.07309,76770
2022-05-30 08:00:00,1.07326,1.07869,1.07243,1.07780,55023
2022-05-31 08:00:00,1.07756,1.07788,1.06791,1.07326,105538
2022-06-01 08:00:00,1.07320,1.07390,1.06272,1.06484,91956
2022-06-02 08:00:00,1.06453,1.07499,1.06405,1.07463,73854
2022-06-03 08:00:00,1.07443,1.07638,1.07039,1.07165,72795
2022-06-06 08:00:00,1.07146,1.07516,1.06841,1.06955,60295
2022-06-07 08:00:00,1.06950,1.07143,1.06523,1.07049,88256
2022-06-08 08:00:00,1.07036,1.07485,1.06715,1.07157,81423
2022-06-09 08:00:00,1.07154,1.07739,1.06107,1.06159,108517
2022-06-10 08:00:00,1.06142,1.06424,1.05060,1.05207,109524
2022-06-13 08:00:00,1.05137,1.05195,1.03996,1.04076,125903
2022-06-14 08:00:00,1.04078,1.04848,1.03969,1.04151,137053
2022-06-15 08:00:00,1.04140,1.05076,1.03591,1.04430,173126
2022-06-16 08:00:00,1.04412,1.06009,1.03811,1.05483,177338
2022-06-17 08:00:00,1.05454,1.05602,1.04447,1.04962,150391
2022-06-20 08:00:00,1.04747,1.05457,1.04727,1.05104,82940
2022-06-21 08:00:00,1.05104,1.05824,1.05053,1.05318,98780
2022-06-22 08:00:00,1.05299,1.06054,1.04691,1.05678,117792
2022-06-23 08:00:00,1.05631,1.05812,1.04827,1.05215,147534
2022-06-24 08:00:00,1.05225,1.05711,1.05119,1.05534,103535
2022-06-27 08:00:00,1.05456,1.06149,1.05456,1.05829,109352
2022-06-28 08:00:00,1.05817,1.06058,1.05033,1.05180,121778
2022-06-29 08:00:00,1.05170,1.05353,1.04352,1.04411,128083
2022-06-30 08:00:00,1.04394,1.04891,1.03823,1.04827,134494
2022-07-01 08:00:00,1.04826,1.04854,1.03657,1.04261,138542
2022-07-04 08:00:00,1.04146,1.04627,1.04146,1.04221,82163
2022-07-05 08:00:00,1.04198,1.04488,1.02349,1.02656,140314
2022-07-06 08:00:00,1.02641,1.02769,1.01618,1.01810,157888
2022-07-07 08:00:00,1.01797,1.02213,1.01441,1.01587,126061
2022-07-08 08:00:00,1.01564,1.01912,1.00717,1.01831,131701
2022-07-11 08:00:00,1.01696,1.01831,1.00337,1.00396,119721
2022-07-12 08:00:00,1.00396,1.00739,0.99996,1.00365,139938
2022-07-13 08:00:00,1.00346,1.01222,0.99977,1.00574,150092
2022-07-14 08:00:00,1.00551,1.00598,0.99522,1.00178,165084
2022-07-15 08:00:00,1.00154,1.00981,1.00070,1.00854,121685
2022-07-18 08:00:00,1.00816,1.02014,1.00734,1.01418,117254
2022-07-19 08:00:00,1.01408,1.02694,1.01193,1.02247,135544
2022-07-20 08:00:00,1.02245,1.02729,1.01552,1.01803,124235
2022-07-21 08:00:00,1.01766,1.02783,1.01535,1.02300,156314
2022-07-22 08:00:00,1.02282,1.02553,1.01299,1.02109,147879
2022-07-25 08:00:00,1.02116,1.02580,1.01785,1.02188,125820
2022-07-26 08:00:00,1.02185,1.02502,1.01077,1.01155,114344
2022-07-27 08:00:00,1.01134,1.02210,1.00964,1.01975,124371
2022-07-28 08:00:00,1.02003,1.02344,1.01142,1.01963,141998
2022-07-29 08:00:00,1.01956,1.02542,1.01461,1.02258,131205
2022-08-01 08:00:00,1.02075,1.02752,1.02052,1.02617,121566
2022-08-02 08:00:00,1.02603,1.02936,1.01630,1.01655,149083
2022-08-03 08:00:00,1.01653,1.02104,1.01229,1.01661,130497
2022-08-04 08:00:00,1.01672,1.02539,1.01539,1.02447,119698
2022-08-05 08:00:00,1.02437,1.02518,1.01416,1.01776,109082
2022-08-08 08:00:00,1.01711,1.02219,1.01594,1.01943,93730
2022-08-09 08:00:00,1.01945,1.02475,1.01884,1.02126,78664
2022-08-10 08:00:00,1.02122,1.03688,1.02021,1.02988,116880
2022-08-11 08:00:00,1.02983,1.03645,1.02757,1.03194,126227
2022-08-12 08:00:00,1.03174,1.03273,1.02385,1.02560,98414
2022-08-15 08:00:00,1.02545,1.02684,1.01544,1.01596,91347
2022-08-16 08:00:00,1.01579,1.01949,1.01224,1.01702,99378
2022-08-17 08:00:00,1.01698,1.02031,1.01457,1.01807,118800
2022-08-18 08:00:00,1.01776,1.01930,1.00792,1.00875,103690
2022-08-19 08:00:00,1.00866,1.00955,1.00321,1.00393,88910
2022-08-22 08:00:00,1.00348,1.00466,0.99263,0.99430,97175
2022-08-23 08:00:00,0.99423,1.00179,0.99004,0.99695,119064
2022-08-24 08:00:00,0.99682,0.99990,0.99101,0.99662,105281
2022-08-25 08:00:00,0.99640,1.00334,0.99491,0.99743,106438
2022-08-26 08:00:00,0.99724,1.00901,0.99465,0.99646,121343
2022-08-29 08:00:00,0.99645,1.00293,0.99143,0.99972,118481
2022-08-30 08:00:00,0.99927,1.00549,0.99820,1.00137,122280
2022-08-31 08:00:00,1.00122,1.00790,0.99714,1.00545,124887
2022-09-01 08:00:00,1.00510,1.00545,0.99110,0.99442,125174
2022-09-02 08:00:00,0.99442,1.00338,0.99404,0.99571,123370
2022-09-05 08:00:00,0.99282,0.99443,0.98778,0.99310,91907
2022-09-06 08:00:00,0.99245,0.99865,0.98640,0.99031,140363
2022-09-07 08:00:00,0.99031,1.00107,0.98756,1.00057,118654
2022-09-08 08:00:00,0.99969,1.00300,0.99308,0.99983,140456
2022-09-09 08:00:00,0.99983,1.01134,0.99915,1.00455,110425
2022-09-12 08:00:00,1.01017,1.01979,1.00597,1.01211,114623
2022-09-13 08:00:00,1.01207,1.01873,0.99663,0.99686,118597
2022-09-14 08:00:00,0.99674,1.00236,0.99551,0.99814,132052
2022-09-15 08:00:00,0.99781,1.00181,0.99556,0.99966,89766
2022-09-16 08:00:00,0.99975,1.00367,0.99444,1.00129,102107
2022-09-19 08:00:00,1.00043,1.00291,0.99659,1.00240,78601
2022-09-20 08:00:00,1.00197,1.00506,0.99549,0.99711,100195
2022-09-21 08:00:00,0.99697,0.99753,0.98127,0.98372,125311
2022-09-22 08:00:00,0.98362,0.99074,0.98075,0.98395,153924
2022-09-23 08:00:00,0.98283,0.98520,0.96678,0.96880,127176
2022-09-26 08:00:00,0.96714,0.97090,0.95524,0.96087,197260
2022-09-27 08:00:00,0.96084,0.96711,0.95691,0.95924,153881
2022-09-28 08:00:00,0.95923,0.97509,0.95357,0.97347,187873
2022-09-29 08:00:00,0.97315,0.98151,0.96355,0.98147,172293
2022-09-30 08:00:00,0.98144,0.98539,0.97348,0.97990,174658
2022-10-03 08:00:00,0.97747,0.98447,0.97526,0.98246,150501
2022-10-04 08:00:00,0.98239,0.99996,0.98060,0.99842,144182
2022-10-05 08:00:00,0.99835,0.99949,0.98345,0.98752,136992
2022-10-06 08:00:00,0.98747,0.99263,0.97881,0.97911,160911
2022-10-07 08:00:00,0.97879,0.98168,0.97259,0.97381,137073
2022-10-10 08:00:00,0.97312,0.97533,0.96819,0.97029,138307
2022-10-11 08:00:00,0.97005,0.97747,0.96706,0.97075,168526
2022-10-12 08:00:00,0.97050,0.97343,0.96678,0.97023,158689
2022-10-13 08:00:00,0.97010,0.98061,0.96314,0.97774,181004
2022-10-14 08:00:00,0.97717,0.98082,0.97070,0.97234,160630
2022-10-17 08:00:00,0.97184,0.98522,0.97176,0.98408,145729
2022-10-18 08:00:00,0.98387,0.98757,0.98127,0.98576,156689
2022-10-19 08:00:00,0.98545,0.98724,0.97574,0.97722,145621
2022-10-20 08:00:00,0.97713,0.98456,0.97544,0.97862,160310
2022-10-21 08:00:00,0.97843,0.98692,0.97050,0.98626,195334
2022-10-24 08:00:00,0.98619,0.98992,0.98070,0.98737,188722
2022-10-25 08:00:00,0.98712,0.99769,0.98482,0.99644,144531
2022-10-26 08:00:00,0.99620,1.00889,0.99433,1.00826,155881
2022-10-27 08:00:00,1.00746,1.00933,0.99574,0.99634,147016
2022-10-28 08:00:00,0.99631,0.99981,0.99265,0.99657,134027
2022-10-31 08:00:00,0.99554,0.99659,0.98711,0.98827,108231
2022-11-01 08:00:00,0.98827,0.99540,0.98531,0.98748,131555
2022-11-02 08:00:00,0.98741,0.99761,0.98128,0.98169,133756
2022-11-03 08:00:00,0.98149,0.98398,0.97302,0.97491,135675
2022-11-04 08:00:00,0.97492,0.99667,0.97421,0.99594,155495
2022-11-07 08:00:00,0.99007,1.00341,0.98987,1.00217,138276
2022-11-08 08:00:00,1.00169,1.00964,0.99717,1.00729,114982
2022-11-09 08:00:00,1.00715,1.00882,0.99927,1.00120,141815
2022-11-10 08:00:00,1.00094,1.02220,0.99355,1.02093,167643
2022-11-11 08:00:00,1.02062,1.03642,1.01629,1.03530,165035
2022-11-14 08:00:00,1.03393,1.03588,1.02714,1.03260,150622
2022-11-15 08:00:00,1.03256,1.04819,1.02801,1.03482,197137
2022-11-16 08:00:00,1.03466,1.04387,1.03305,1.03941,165765
2022-11-17 08:00:00,1.03933,1.04067,1.03053,1.03636,136029
2022-11-18 08:00:00,1.03583,1.03960,1.03134,1.03200,119710
2022-11-21 08:00:00,1.03195,1.03332,1.02228,1.02406,119083
2022-11-22 08:00:00,1.02384,1.03082,1.02375,1.03035,105456
2022-11-23 08:00:00,1.03012,1.04052,1.02963,1.03941,122807
2022-11-24 08:00:00,1.03941,1.04485,1.03819,1.04114,88953
2022-11-25 08:00:00,1.04067,1.04293,1.03548,1.03939,102115
2022-11-28 08:00:00,1.03664,1.04969,1.03302,1.03381,134196
2022-11-29 08:00:00,1.03368,1.03941,1.03199,1.03287,130776
2022-11-30 08:00:00,1.03276,1.04288,1.02899,1.04055,139665
2022-12-01 08:00:00,1.04080,1.05335,1.03930,1.05247,147704
2022-12-02 08:00:00,1.05194,1.05449,1.04281,1.05407,139751
2022-12-05 08:00:00,1.05306,1.05950,1.04803,1.04908,116575
2022-12-06 08:00:00,1.04914,1.05329,1.04593,1.04642,115966
2022-12-07 08:00:00,1.04641,1.05498,1.04431,1.05036,123100
2022-12-08 08:00:00,1.05031,1.05651,1.04895,1.05523,105367
2022-12-09 08:00:00,1.05536,1.05881,1.05043,1.05334,111315
2022-12-12 08:00:00,1.05276,1.05803,1.05058,1.05378,98661
2022-12-13 08:00:00,1.05351,1.06734,1.05280,1.06319,139941
2022-12-14 08:00:00,1.06319,1.06951,1.06190,1.06819,144441
2022-12-15 08:00:00,1.06811,1.07363,1.05922,1.06259,132918
2022-12-16 08:00:00,1.06236,1.06631,1.05849,1.05891,111112
2022-12-19 08:00:00,1.05812,1.06580,1.05756,1.06064,109130
2022-12-20 08:00:00,1.06031,1.06587,1.05788,1.06218,154901
2022-12-21 08:00:00,1.06232,1.06451,1.05904,1.06040,103142
2022-12-22 08:00:00,1.06028,1.06595,1.05733,1.05971,104107
2022-12-23 08:00:00,1.05948,1.06330,1.05865,1.06163,100227
2022-12-26 08:00:00,1.06282,1.06366,1.06141,1.06352,4866
2022-12-27 08:00:00,1.06356,1.06696,1.06116,1.06390,63342
2022-12-28 08:00:00,1.06389,1.06744,1.06063,1.06115,84350
2022-12-29 08:00:00,1.06091,1.06904,1.06055,1.06610,89359
2022-12-30 08:00:00,1.06607,1.07133,1.06386,1.06976,112019
2023-01-02 08:00:00,1.07016,1.07017,1.06499,1.06665,16741
2023-01-03 08:00:00,1.06642,1.06830,1.05196,1.05470,139201
2023-01-04 08:00:00,1.05465,1.06354,1.05402,1.06030,140651
2023-01-05 08:00:00,1.06015,1.06315,1.05150,1.05207,126223
2023-01-06 08:00:00,1.05205,1.06481,1.04832,1.06427,126014
2023-01-09 08:00:00,1.06394,1.07607,1.06360,1.07318,115286
2023-01-10 08:00:00,1.07293,1.07593,1.07121,1.07334,111859
2023-01-11 08:00:00,1.07329,1.07765,1.07252,1.07556,90213
2023-01-12 08:00:00,1.07535,1.08670,1.07302,1.08515,141238
2023-01-13 08:00:00,1.08497,1.08678,1.07805,1.08323,113853
2023-01-16 08:00:00,1.08295,1.08742,1.08016,1.08210,65771
2023-01-17 08:00:00,1.08197,1.08694,1.07745,1.07876,114006
2023-01-18 08:00:00,1.07879,1.08874,1.07661,1.07936,147787
2023-01-19 08:00:00,1.07903,1.08401,1.07822,1.08294,113010
2023-01-20 08:00:00,1.08291,1.08591,1.08024,1.08557,89418
2023-01-23 08:00:00,1.08622,1.09267,1.08464,1.08715,99279
2023-01-24 08:00:00,1.08705,1.08980,1.08352,1.08879,86692
2023-01-25 08:00:00,1.08856,1.09236,1.08574,1.09147,89198
2023-01-26 08:00:00,1.09152,1.09294,1.08506,1.08917,84384
2023-01-27 08:00:00,1.08909,1.09003,1.08378,1.08673,79737
2023-01-30 08:00:00,1.08618,1.09138,1.08393,1.08500,84809
2023-01-31 08:00:00,1.08480,1.08750,1.08017,1.08614,90834
2023-02-01 08:00:00,1.08607,1.10014,1.08523,1.09886,101648
2023-02-02 08:00:00,1.09870,1.10329,1.08853,1.09099,122316
2023-02-03 08:00:00,1.09081,1.09402,1.07923,1.07932,116247
2023-02-06 08:00:00,1.07800,1.07989,1.07095,1.07249,99074
2023-02-07 08:00:00,1.07242,1.07664,1.06692,1.07267,127157
2023-02-08 08:00:00,1.07233,1.07609,1.07094,1.07129,88155
2023-02-09 08:00:00,1.07095,1.07908,1.07083,1.07386,90671
2023-02-10 08:00:00,1.07361,1.07529,1.06664,1.06782,94108
2023-02-13 08:00:00,1.06803,1.07300,1.06555,1.07243,73312
2023-02-14 08:00:00,1.07188,1.08045,1.07068,1.07352,124125
2023-02-15 08:00:00,1.07360,1.07445,1.06606,1.06864,92966
2023-02-16 08:00:00,1.06862,1.07225,1.06546,1.06716,105502
2023-02-17 08:00:00,1.06720,1.06985,1.06128,1.06935,88032
2023-02-20 08:00:00,1.06848,1.07047,1.06704,1.06853,46733
2023-02-21 08:00:00,1.06837,1.06983,1.06375,1.06465,86898
2023-02-22 08:00:00,1.06445,1.06640,1.05992,1.06045,95621
2023-02-23 08:00:00,1.06036,1.06278,1.05771,1.05971,85675
2023-02-24 08:00:00,1.05926,1.06143,1.05362,1.05446,105630
2023-02-27 08:00:00,1.05459,1.06199,1.05330,1.06096,78958
2023-02-28 08:00:00,1.06084,1.06454,1.05739,1.05741,76441
2023-03-01 08:00:00,1.05751,1.06916,1.05654,1.06694,94532
2023-03-02 08:00:00,1.06683,1.06728,1.05765,1.05972,96540
2023-03-03 08:00:00,1.05966,1.06387,1.05884,1.06328,83347
2023-03-06 08:00:00,1.06228,1.06945,1.06217,1.06830,76290
2023-03-07 08:00:00,1.06819,1.06945,1.05460,1.05495,102510
2023-03-08 08:00:00,1.05485,1.05740,1.05244,1.05442,78974
2023-03-09 08:00:00,1.05434,1.05913,1.05380,1.05814,65698
2023-03-10 08:00:00,1.05815,1.07008,1.05740,1.06381,131346
2023-03-13 08:00:00,1.06934,1.07486,1.06504,1.07286,191578
2023-03-14 08:00:00,1.07274,1.07496,1.06790,1.07309,139807
2023-03-15 08:00:00,1.07310,1.07599,1.05160,1.05766,155778
2023-03-16 08:00:00,1.05757,1.06357,1.05507,1.06115,145541
2023-03-17 08:00:00,1.06115,1.06854,1.06081,1.06653,99112
2023-03-20 08:00:00,1.06830,1.07309,1.06313,1.07177,112944
2023-03-21 08:00:00,1.07177,1.07886,1.07041,1.07667,75277
2023-03-22 08:00:00,1.07667,1.09125,1.07592,1.08574,94444
2023-03-23 08:00:00,1.08574,1.09299,1.08242,1.08320,100584
2023-03-24 08:00:00,1.08320,1.08384,1.07124,1.07601,107212
2023-03-27 08:00:00,1.07706,1.08001,1.07451,1.07977,73682
2023-03-28 08:00:00,1.07974,1.08486,1.07934,1.08444,65412
2023-03-29 08:00:00,1.08454,1.08717,1.08178,1.08444,69762
2023-03-30 08:00:00,1.08432,1.09263,1.08237,1.09050,70017
2023-03-31 08:00:00,1.09044,1.09257,1.08363,1.08429,71293
2023-04-03 08:00:00,1.08398,1.09167,1.07882,1.09031,78371
2023-04-04 08:00:00,1.09015,1.09733,1.08830,1.09560,73385
2023-04-05 08:00:00,1.09547,1.09696,1.08911,1.09056,68562
2023-04-06 08:00:00,1.09063,1.09377,1.08846,1.09192,55836
2023-04-07 08:00:00,1.09198,1.09240,1.08757,1.08984,23716
2023-04-10 08:00:00,1.08953,1.09173,1.08313,1.08613,45051
2023-04-11 08:00:00,1.08599,1.09282,1.08458,1.09131,58069
2023-04-12 08:00:00,1.09122,1.10004,1.09060,1.09914,61907
2023-04-13 08:00:00,1.09903,1.10678,1.09766,1.10473,58269
2023-04-14 08:00:00,1.10462,1.10759,1.09724,1.09946,67756
2023-04-17 08:00:00,1.09886,1.09998,1.09093,1.09287,59290
2023-04-18 08:00:00,1.09269,1.09830,1.09202,1.09723,55761
2023-04-19 08:00:00,1.09728,1.09840,1.09174,1.09558,61815
2023-04-20 08:00:00,1.09545,1.09898,1.09335,1.09698,61734
2023-04-21 08:00:00,1.09698,1.09938,1.09379,1.09894,57227
2023-04-24 08:00:00,1.09885,1.10501,1.09659,1.10446,50008
2023-04-25 08:00:00,1.10457,1.10670,1.09641,1.09746,59695
2023-04-26 08:00:00,1.09730,1.10956,1.09604,1.10416,73836
2023-04-27 08:00:00,1.10382,1.10635,1.09922,1.10284,65397
2023-04-28 08:00:00,1.10281,1.10450,1.09624,1.10163,82558
2023-05-01 08:00:00,1.10119,1.10357,1.09644,1.09759,50698
2023-05-02 08:00:00,1.09755,1.10080,1.09422,1.09993,64726
2023-05-03 08:00:00,1.09983,1.10916,1.09969,1.10600,73928
2023-05-04 08:00:00,1.10606,1.10918,1.09862,1.10138,86213
2023-05-05 08:00:00,1.10105,1.10479,1.09667,1.10182,60430
2023-05-08 08:00:00,1.10226,1.10538,1.10001,1.10043,45944
2023-05-09 08:00:00,1.10033,1.10050,1.09411,1.09604,52387
2023-05-10 08:00:00,1.09606,1.10070,1.09417,1.09830,64984
2023-05-11 08:00:00,1.09818,1.09981,1.09002,1.09165,69456
2023-05-12 08:00:00,1.09149,1.09356,1.08478,1.08498,61242
2023-05-15 08:00:00,1.08530,1.08909,1.08454,1.08741,51089
2023-05-16 08:00:00,1.08736,1.09047,1.08549,1.08616,59097
2023-05-17 08:00:00,1.08617,1.08736,1.08103,1.08381,59646
2023-05-18 08:00:00,1.08377,1.08480,1.07625,1.07711,56757
2023-05-19 08:00:00,1.07686,1.08288,1.07599,1.08048,69159
2023-05-22 08:00:00,1.08045,1.08314,1.07956,1.08131,63834
2023-05-23 08:00:00,1.08110,1.08205,1.07602,1.07709,68646
2023-05-24 08:00:00,1.07693,1.08014,1.07482,1.07505,76729
2023-05-25 08:00:00,1.07486,1.07566,1.07074,1.07251,71253
2023-05-26 08:00:00,1.07242,1.07587,1.07018,1.07258,65979
2023-05-29 08:00:00,1.07178,1.07436,1.07055,1.07093,26812
2023-05-30 08:00:00,1.07082,1.07467,1.06726,1.07346,72119
2023-05-31 08:00:00,1.07330,1.07356,1.06353,1.06885,77074
2023-06-01 08:00:00,1.06872,1.07686,1.06619,1.07615,66325
2023-06-02 08:00:00,1.07617,1.07791,1.07052,1.07060,59141
2023-06-05 08:00:00,1.07071,1.07225,1.06747,1.07125,61925
2023-06-06 08:00:00,1.07109,1.07329,1.06671,1.06923,50815
2023-06-07 08:00:00,1.06915,1.07398,1.06683,1.06982,53385
2023-06-08 08:00:00,1.06975,1.07871,1.06913,1.07814,53287
2023-06-09 08:00:00,1.07823,1.07851,1.07430,1.07495,48339
2023-06-12 08:00:00,1.07448,1.07902,1.07330,1.07579,53350
2023-06-13 08:00:00,1.07567,1.08236,1.07509,1.07925,63916
2023-06-14 08:00:00,1.07923,1.08640,1.07740,1.08308,62307
2023-06-15 08:00:00,1.08303,1.09528,1.08039,1.09454,61404
2023-06-16 08:00:00,1.09425,1.09706,1.09176,1.09406,58638
2023-06-19 08:00:00,1.09273,1.09463,1.09073,1.09225,39494
2023-06-20 08:00:00,1.09197,1.09463,1.08918,1.09178,61768
2023-06-21 08:00:00,1.09176,1.09908,1.09056,1.09856,64901
2023-06-22 08:00:00,1.09856,1.10122,1.09486,1.09551,59803
2023-06-23 08:00:00,1.09551,1.09586,1.08444,1.08898,67374
2023-06-26 08:00:00,1.09047,1.09202,1.08873,1.09053,58682
2023-06-27 08:00:00,1.09052,1.09769,1.09018,1.09599,74820
2023-06-28 08:00:00,1.09603,1.09626,1.08968,1.09124,74325
2023-06-29 08:00:00,1.09123,1.09415,1.08602,1.08631,86189
2023-06-30 08:00:00,1.08632,1.09319,1.08354,1.09092,71133
2023-07-03 08:00:00,1.09090,1.09340,1.08702,1.09103,54133
2023-07-04 08:00:00,1.09102,1.09163,1.08767,1.08784,31628
2023-07-05 08:00:00,1.08790,1.09079,1.08510,1.08534,54500
2023-07-06 08:00:00,1.08533,1.09007,1.08336,1.08883,74118
2023-07-07 08:00:00,1.08853,1.09734,1.08671,1.09680,74702
2023-07-10 08:00:00,1.09590,1.10015,1.09436,1.10007,48487
2023-07-11 08:00:00,1.10008,1.10270,1.09769,1.10079,51314
2023-07-12 08:00:00,1.10074,1.11404,1.09972,1.11292,75485
2023-07-13 08:00:00,1.11251,1.12279,1.11251,1.12252,73456
2023-07-14 08:00:00,1.12257,1.12450,1.12028,1.12303,63734
2023-07-17 08:00:00,1.12288,1.12488,1.12033,1.12314,46415
2023-07-18 08:00:00,1.12314,1.12758,1.12089,1.12280,76344
2023-07-19 08:00:00,1.12263,1.12402,1.11744,1.11986,69164
2023-07-20 08:00:00,1.11991,1.12290,1.11185,1.11290,67690
2023-07-21 08:00:00,1.11291,1.11449,1.11080,1.11246,57028
2023-07-24 08:00:00,1.11213,1.11470,1.10603,1.10641,67541
2023-07-25 08:00:00,1.10636,1.10869,1.10206,1.10497,60015
2023-07-26 08:00:00,1.10500,1.11065,1.10378,1.10852,76916
2023-07-27 08:00:00,1.10856,1.11497,1.09659,1.09765,110742
2023-07-28 08:00:00,1.09762,1.10477,1.09437,1.10141,106941
2023-07-31 08:00:00,1.10230,1.10459,1.09932,1.09964,63873
2023-08-01 08:00:00,1.09966,1.10029,1.09525,1.09842,63981
2023-08-02 08:00:00,1.09816,1.10187,1.09178,1.09379,77015
2023-08-03 08:00:00,1.09371,1.09628,1.09124,1.09480,80559
2023-08-04 08:00:00,1.09490,1.10421,1.09293,1.10055,78356
2023-08-07 08:00:00,1.10111,1.10160,1.09655,1.10021,52824
2023-08-08 08:00:00,1.10026,1.10112,1.09292,1.09556,61011
2023-08-09 08:00:00,1.09556,1.09954,1.09445,1.09734,49227
2023-08-10 08:00:00,1.09739,1.10653,1.09651,1.09805,92544
2023-08-11 08:00:00,1.09799,1.10049,1.09431,1.09451,66144
2023-08-14 08:00:00,1.09492,1.09602,1.08744,1.09052,70515
2023-08-15 08:00:00,1.09028,1.09525,1.08967,1.09043,86676
2023-08-16 08:00:00,1.09042,1.09346,1.08716,1.08788,69353
2023-08-17 08:00:00,1.08789,1.09185,1.08561,1.08717,91669
2023-08-18 08:00:00,1.08716,1.08938,1.08451,1.08696,83896
2023-08-21 08:00:00,1.08671,1.09137,1.08634,1.08949,75631
2023-08-22 08:00:00,1.08949,1.09305,1.08329,1.08452,75116
2023-08-23 08:00:00,1.08448,1.08715,1.08026,1.08627,78253
2023-08-24 08:00:00,1.08631,1.08767,1.08050,1.08096,60671
2023-08-25 08:00:00,1.08086,1.08420,1.07656,1.07944,86091
2023-08-28 08:00:00,1.07958,1.08223,1.07928,1.08182,52427
2023-08-29 08:00:00,1.08186,1.08920,1.07822,1.08793,80309
2023-08-30 08:00:00,1.08796,1.09455,1.08551,1.09227,85044
2023-08-31 08:00:00,1.09228,1.09394,1.08353,1.08427,88395
2023-09-01 08:00:00,1.08428,1.08818,1.07715,1.07728,103994
2023-09-04 08:00:00,1.07738,1.08089,1.07712,1.07934,35955
2023-09-05 08:00:00,1.07961,1.07983,1.07062,1.07209,85366
2023-09-06 08:00:00,1.07220,1.07489,1.07024,1.07268,83401
2023-09-07 08:00:00,1.07233,1.07318,1.06861,1.06948,72783
2023-09-08 08:00:00,1.06965,1.07438,1.06924,1.06993,69538
2023-09-11 08:00:00,1.07147,1.07594,1.06980,1.07500,65836
2023-09-12 08:00:00,1.07427,1.07688,1.07055,1.07529,61037
2023-09-13 08:00:00,1.07538,1.07647,1.07107,1.07283,87189
2023-09-14 08:00:00,1.07281,1.07522,1.06319,1.06420,100373
2023-09-15 08:00:00,1.06426,1.06879,1.06314,1.06591,72822
2023-09-18 08:00:00,1.06587,1.06989,1.06546,1.06907,53916
2023-09-19 08:00:00,1.06913,1.07181,1.06691,1.06790,57943
2023-09-20 08:00:00,1.06775,1.07370,1.06501,1.06608,80266
2023-09-21 08:00:00,1.06597,1.06736,1.06164,1.06604,89987
2023-09-22 08:00:00,1.06580,1.06718,1.06149,1.06428,51569
2023-09-25 08:00:00,1.06498,1.06552,1.05753,1.05919,35702
2023-09-26 08:00:00,1.05928,1.06091,1.05618,1.05719,38537
2023-09-27 08:00:00,1.05682,1.05740,1.04881,1.05015,47779
2023-09-28 08:00:00,1.05009,1.05790,1.04909,1.05640,58724
2023-09-29 08:00:00,1.05646,1.06170,1.05544,1.05735,57689
2023-10-02 08:00:00,1.05651,1.05917,1.04768,1.04768,52023
2023-10-03 08:00:00,1.04770,1.04934,1.04480,1.04655,68335
2023-10-04 08:00:00,1.04665,1.05323,1.04514,1.05037,57780
2023-10-05 08:00:00,1.05061,1.05517,1.05002,1.05489,79048
2023-10-06 08:00:00,1.05399,1.06002,1.04822,1.05852,92710
2023-10-09 08:00:00,1.05491,1.05744,1.05196,1.05657,78178
2023-10-10 08:00:00,1.05605,1.06199,1.05545,1.06052,89212
2023-10-11 08:00:00,1.05952,1.06348,1.05809,1.06182,90049
2023-10-12 08:00:00,1.06198,1.06398,1.05258,1.05272,92478
2023-10-13 08:00:00,1.05280,1.05586,1.04954,1.05070,79019
2023-10-16 08:00:00,1.05084,1.05627,1.05023,1.05592,63448
2023-10-17 08:00:00,1.05599,1.05947,1.05327,1.05769,73521
2023-10-18 08:00:00,1.05765,1.05940,1.05229,1.05354,69966
2023-10-19 08:00:00,1.05363,1.06164,1.05281,1.05814,96807
2023-10-20 08:00:00,1.05795,1.06033,1.05647,1.05931,65699
2023-10-23 08:00:00,1.05918,1.06778,1.05714,1.06693,67580
2023-10-24 08:00:00,1.06686,1.06947,1.05829,1.05886,74478
2023-10-25 08:00:00,1.05895,1.06065,1.05653,1.05664,70244
2023-10-26 08:00:00,1.05668,1.05690,1.05218,1.05615,75095
2023-10-27 08:00:00,1.05564,1.05969,1.05353,1.05640,65534
2023-10-30 08:00:00,1.05647,1.06250,1.05470,1.06140,55419
2023-10-31 08:00:00,1.06140,1.06749,1.05575,1.05752,84404
2023-11-01 08:00:00,1.05769,1.05804,1.05166,1.05687,96115
2023-11-02 08:00:00,1.05683,1.06675,1.05683,1.06200,73975
2023-11-03 08:00:00,1.06200,1.07466,1.06145,1.07292,79024
2023-11-06 08:00:00,1.07215,1.07561,1.07157,1.07168,42421
2023-11-07 08:00:00,1.07172,1.07221,1.06640,1.06993,44696
2023-11-08 08:00:00,1.06992,1.07159,1.06593,1.07083,42016
2023-11-09 08:00:00,1.07060,1.07253,1.06599,1.06674,53055
2023-11-10 08:00:00,1.06674,1.06926,1.06560,1.06845,52644
2023-11-13 08:00:00,1.06751,1.07060,1.06648,1.06981,47554
2023-11-14 08:00:00,1.06916,1.08872,1.06916,1.08782,79728
2023-11-15 08:00:00,1.08784,1.08855,1.08314,1.08461,73551
2023-11-16 08:00:00,1.08462,1.08953,1.08299,1.08513,54528
2023-11-17 08:00:00,1.08519,1.09137,1.08247,1.09128,49504
2023-11-20 08:00:00,1.09008,1.09517,1.08973,1.09396,45170
2023-11-21 08:00:00,1.09398,1.09649,1.09000,1.09101,49286
2023-11-22 08:00:00,1.09067,1.09227,1.08522,1.08882,52654
2023-11-23 08:00:00,1.08882,1.09304,1.08809,1.09018,21444
2023-11-24 08:00:00,1.08996,1.09485,1.08948,1.09362,26523
2023-11-27 08:00:00,1.09386,1.09590,1.09249,1.09534,30707
2023-11-28 08:00:00,1.09535,1.10087,1.09343,1.09922,38164
2023-11-29 08:00:00,1.09903,1.10169,1.09600,1.09686,40007
2023-11-30 08:00:00,1.09690,1.09837,1.08793,1.08866,56147
2023-12-01 08:00:00,1.08845,1.09128,1.08289,1.08823,55043
2023-12-04 08:00:00,1.08738,1.08944,1.08040,1.08351,52465
2023-12-05 08:00:00,1.08353,1.08474,1.07782,1.07956,53058
2023-12-06 08:00:00,1.07957,1.08048,1.07587,1.07636,47080
2023-12-07 08:00:00,1.07628,1.08175,1.07552,1.07934,56174
2023-12-08 08:00:00,1.07920,1.08006,1.07235,1.07573,55248
2023-12-11 08:00:00,1.07583,1.07789,1.07415,1.07642,42198
2023-12-12 08:00:00,1.07643,1.08282,1.07548,1.07938,45983
2023-12-13 08:00:00,1.07940,1.08966,1.07732,1.08741,51636
2023-12-14 08:00:00,1.08736,1.10092,1.08660,1.09917,69160
2023-12-15 08:00:00,1.09918,1.10039,1.08885,1.08939,190459
2023-12-18 08:00:00,1.08968,1.09312,1.08918,1.09228,176756
2023-12-19 08:00:00,1.09235,1.09876,1.09108,1.09798,198996
2023-12-20 08:00:00,1.09803,1.09833,1.09290,1.09397,205189
2023-12-21 08:00:00,1.09382,1.10121,1.09348,1.10098,216971
2023-12-22 08:00:00,1.10101,1.10405,1.09838,1.10132,198705
2023-12-25 08:00:00,1.10119,1.10162,1.10119,1.10135,624
2023-12-26 08:00:00,1.10028,1.10451,1.09998,1.10415,97243
2023-12-27 08:00:00,1.10414,1.11229,1.10284,1.11043,163798
2023-12-28 08:00:00,1.11050,1.11396,1.10550,1.10609,181168
2023-12-29 08:00:00,1.10602,1.10847,1.10334,1.10360,187896
2024-01-02 08:00:00,1.10437,1.10451,1.09374,1.09407,205171
2024-01-03 08:00:00,1.09425,1.09655,1.08925,1.09212,234801
2024-01-04 08:00:00,1.09205,1.09723,1.09056,1.09435,195260
2024-01-05 08:00:00,1.09443,1.09988,1.08769,1.09408,263575
2024-01-08 08:00:00,1.09331,1.09789,1.09225,1.09496,183411
2024-01-09 08:00:00,1.09525,1.09664,1.09101,1.09305,202308
2024-01-10 08:00:00,1.09305,1.09730,1.09228,1.09718,174563
2024-01-11 08:00:00,1.09716,1.10004,1.09299,1.09716,269658
2024-01-12 08:00:00,1.09620,1.09871,1.09358,1.09497,216019
2024-01-15 08:00:00,1.09472,1.09675,1.09335,1.09482,128464
2024-01-16 08:00:00,1.09468,1.09510,1.08619,1.08748,251472
2024-01-17 08:00:00,1.08743,1.08846,1.08444,1.08823,222523
2024-01-18 08:00:00,1.08814,1.09069,1.08465,1.08757,215990
2024-01-19 08:00:00,1.08760,1.08974,1.08591,1.08968,172794
2024-01-22 08:00:00,1.08898,1.09096,1.08797,1.08820,165908
2024-01-23 08:00:00,1.08816,1.09162,1.08215,1.08542,207822
2024-01-24 08:00:00,1.08547,1.09325,1.08410,1.08840,212695
2024-01-25 08:00:00,1.08840,1.09021,1.08213,1.08455,236632
2024-01-26 08:00:00,1.08455,1.08857,1.08128,1.08533,184258
2024-01-29 08:00:00,1.08440,1.08502,1.07957,1.08321,168740
2024-01-30 08:00:00,1.08314,1.08575,1.08116,1.08451,193552
2024-01-31 08:00:00,1.08451,1.08876,1.07945,1.08174,321617
2024-02-01 08:00:00,1.08173,1.08749,1.07799,1.08709,261954
2024-02-02 08:00:00,1.08710,1.08976,1.07803,1.07858,213182
2024-02-05 08:00:00,1.07818,1.07863,1.07231,1.07421,199757
2024-02-06 08:00:00,1.07408,1.07625,1.07225,1.07539,141204
2024-02-07 08:00:00,1.07536,1.07841,1.07468,1.07711,119518
2024-02-08 08:00:00,1.07711,1.07889,1.07414,1.07769,114675
2024-02-09 08:00:00,1.07771,1.07953,1.07622,1.07844,109641
2024-02-12 08:00:00,1.07785,1.08058,1.07557,1.07695,123716
2024-02-13 08:00:00,1.07712,1.07977,1.07002,1.07084,146193
2024-02-14 08:00:00,1.07083,1.07347,1.06945,1.07257,124709
2024-02-15 08:00:00,1.07241,1.07850,1.07229,1.07714,126671
2024-02-16 08:00:00,1.07705,1.07874,1.07319,1.07769,124752
2024-02-19 08:00:00,1.07722,1.07894,1.07618,1.07782,84124
2024-02-20 08:00:00,1.07785,1.08389,1.07613,1.08068,131771
2024-02-21 08:00:00,1.08064,1.08245,1.07897,1.08180,126403
2024-02-22 08:00:00,1.08181,1.08884,1.08027,1.08220,143407
2024-02-23 08:00:00,1.08222,1.08396,1.08116,1.08184,114073
2024-02-26 08:00:00,1.08309,1.08597,1.08125,1.08484,119123
2024-02-27 08:00:00,1.08502,1.08661,1.08328,1.08431,117059
2024-02-28 08:00:00,1.08432,1.08468,1.07963,1.08369,129079
2024-02-29 08:00:00,1.08372,1.08560,1.07957,1.08038,151207
2024-03-01 08:00:00,1.08045,1.08433,1.07963,1.08387,127274
2024-03-04 08:00:00,1.08400,1.08670,1.08290,1.08530,122146
2024-03-05 08:00:00,1.08548,1.08765,1.08401,1.08545,126194
2024-03-06 08:00:00,1.08560,1.09154,1.08417,1.08973,142457
2024-03-07 08:00:00,1.08975,1.09493,1.08676,1.09465,137628
2024-03-08 08:00:00,1.09472,1.09813,1.09183,1.09370,142376
2024-03-11 08:00:00,1.09388,1.09483,1.09144,1.09249,109373
2024-03-12 08:00:00,1.09249,1.09436,1.09022,1.09261,65017
2024-03-13 08:00:00,1.09261,1.09637,1.09201,1.09473,37052
2024-03-14 08:00:00,1.09475,1.09547,1.08792,1.08845,41942
2024-03-15 08:00:00,1.08845,1.08996,1.08729,1.08872,34272
2024-03-18 08:00:00,1.08881,1.09060,1.08661,1.08728,30867
2024-03-19 08:00:00,1.08708,1.08765,1.08347,1.08645,39537
2024-03-20 08:00:00,1.08642,1.09227,1.08364,1.09205,40642
2024-03-21 08:00:00,1.09196,1.09426,1.08528,1.08596,45886
2024-03-22 08:00:00,1.08596,1.08679,1.08017,1.08062,36766
2024-03-25 08:00:00,1.08062,1.08423,1.08022,1.08355,29143
2024-03-26 08:00:00,1.08355,1.08643,1.08243,1.08312,35376
2024-03-27 08:00:00,1.08312,1.08391,1.08107,1.08262,36081
2024-03-28 08:00:00,1.08261,1.08265,1.07750,1.07881,40574
2024-03-29 08:00:00,1.07872,1.08052,1.07678,1.07917,21957
2024-04-01 08:00:00,1.07870,1.07987,1.07309,1.07422,30356
2024-04-02 08:00:00,1.07423,1.07790,1.07246,1.07687,37828
2024-04-03 08:00:00,1.07685,1.08369,1.07640,1.08355,39180
2024-04-04 08:00:00,1.08352,1.08764,1.08292,1.08362,33917
2024-04-05 08:00:00,1.08361,1.08479,1.07912,1.08363,43220
2024-04-08 08:00:00,1.08370,1.08622,1.08209,1.08585,35521
2024-04-09 08:00:00,1.08582,1.08850,1.08471,1.08563,31556
2024-04-10 08:00:00,1.08558,1.08664,1.07287,1.07416,48832
2024-04-11 08:00:00,1.07415,1.07563,1.06992,1.07252,50094
2024-04-12 08:00:00,1.07251,1.07289,1.06225,1.06406,46114
2024-04-15 08:00:00,1.06360,1.06651,1.06203,1.06237,52069
2024-04-16 08:00:00,1.06234,1.06536,1.06011,1.06181,56286
2024-04-17 08:00:00,1.06180,1.06796,1.06061,1.06720,51050
2024-04-18 08:00:00,1.06702,1.06900,1.06408,1.06425,48750
2024-04-19 08:00:00,1.06424,1.06775,1.06104,1.06557,66176
2024-04-22 08:00:00,1.06526,1.06706,1.06240,1.06539,32700
2024-04-23 08:00:00,1.06521,1.07112,1.06385,1.07006,33404
2024-04-24 08:00:00,1.07006,1.07141,1.06779,1.06980,29785
2024-04-25 08:00:00,1.06982,1.07402,1.06784,1.07290,34908
2024-04-26 08:00:00,1.07283,1.07527,1.06740,1.06922,33357
2024-04-29 08:00:00,1.06940,1.07337,1.06865,1.07200,38304
2024-04-30 08:00:00,1.07197,1.07353,1.06630,1.06655,36356
2024-05-01 08:00:00,1.06650,1.07327,1.06494,1.07089,34352
2024-05-02 08:00:00,1.07096,1.07302,1.06742,1.07245,38832
2024-05-03 08:00:00,1.07220,1.08120,1.07192,1.07611,36956
2024-05-06 08:00:00,1.07630,1.07908,1.07552,1.07676,26333
2024-05-07 08:00:00,1.07678,1.07874,1.07479,1.07538,30765
2024-05-08 08:00:00,1.07534,1.07574,1.07350,1.07476,26124
2024-05-09 08:00:00,1.07476,1.07843,1.07239,1.07816,29304
2024-05-10 08:00:00,1.07812,1.07901,1.07603,1.07694,29446
2024-05-13 08:00:00,1.07686,1.08068,1.07648,1.07893,25002
2024-05-14 08:00:00,1.07882,1.08256,1.07664,1.08182,27034
2024-05-15 08:00:00,1.08172,1.08857,1.08131,1.08837,32000
2024-05-16 08:00:00,1.08837,1.08949,1.08544,1.08663,31296
2024-05-17 08:00:00,1.08662,1.08783,1.08358,1.08685,26821
2024-05-20 08:00:00,1.08670,1.08845,1.08535,1.08561,26875
2024-05-21 08:00:00,1.08557,1.08748,1.08429,1.08532,30456
2024-05-22 08:00:00,1.08518,1.08634,1.08174,1.08221,31390
2024-05-23 08:00:00,1.08214,1.08610,1.08047,1.08144,35204
2024-05-24 08:00:00,1.08141,1.08578,1.08054,1.08457,30316
2024-05-27 08:00:00,1.08480,1.08674,1.08409,1.08581,18390
2024-05-28 08:00:00,1.08564,1.08890,1.08506,1.08559,33911
2024-05-29 08:00:00,1.08555,1.08588,1.07994,1.08003,33542
2024-05-30 08:00:00,1.08003,1.08451,1.07885,1.08313,35848
2024-05-31 08:00:00,1.08309,1.08822,1.08112,1.08474,38906
2024-06-03 08:00:00,1.08500,1.09039,1.08278,1.09036,37488
2024-06-04 08:00:00,1.09029,1.09160,1.08593,1.08785,40693
2024-06-05 08:00:00,1.08781,1.08917,1.08544,1.08678,33307
2024-06-06 08:00:00,1.08677,1.09020,1.08622,1.08870,33441
2024-06-07 08:00:00,1.08857,1.09019,1.07992,1.07994,39246
2024-06-10 08:00:00,1.07740,1.07816,1.07327,1.07644,34550
2024-06-11 08:00:00,1.07643,1.07735,1.07196,1.07396,34599
2024-06-12 08:00:00,1.07365,1.08523,1.07330,1.08081,41931
2024-06-13 08:00:00,1.08081,1.08165,1.07330,1.07363,38194
2024-06-14 08:00:00,1.07358,1.07449,1.06676,1.07018,42292
2024-06-17 08:00:00,1.07035,1.07378,1.06863,1.07326,36932
2024-06-18 08:00:00,1.07336,1.07614,1.07099,1.07393,37702
2024-06-19 08:00:00,1.07393,1.07533,1.07248,1.07416,24414
2024-06-20 08:00:00,1.07419,1.07488,1.07009,1.07011,35294
2024-06-21 08:00:00,1.07012,1.07205,1.06710,1.06915,35880
2024-06-24 08:00:00,1.06850,1.07464,1.06835,1.07313,32499
2024-06-25 08:00:00,1.07314,1.07442,1.06908,1.07132,30817
2024-06-26 08:00:00,1.07116,1.07179,1.06659,1.06797,33720
2024-06-27 08:00:00,1.06787,1.07264,1.06740,1.07032,34481
2024-06-28 08:00:00,1.06999,1.07248,1.06853,1.07116,38432
2024-07-01 08:00:00,1.07450,1.07762,1.07197,1.07397,38290
2024-07-02 08:00:00,1.07384,1.07417,1.07120,1.07202,13018
2024-07-03 08:00:00,1.07444,1.08168,1.07360,1.07810,30939
2024-07-04 08:00:00,1.07804,1.08138,1.07778,1.08100,22237
2024-07-05 08:00:00,1.08089,1.08425,1.08026,1.08397,32949
2024-07-08 08:00:00,1.08020,1.08449,1.08002,1.08232,33432
2024-07-09 08:00:00,1.08223,1.08333,1.08055,1.08131,30378
2024-07-10 08:00:00,1.08115,1.08299,1.08092,1.08296,28761
2024-07-11 08:00:00,1.08284,1.08995,1.08249,1.08677,37399
2024-07-12 08:00:00,1.08676,1.09113,1.08598,1.09055,37757
2024-07-15 08:00:00,1.08860,1.09222,1.08818,1.08937,37366
2024-07-16 08:00:00,1.08884,1.09055,1.08715,1.08987,34217
2024-07-17 08:00:00,1.08968,1.09480,1.08950,1.09388,39459
2024-07-18 08:00:00,1.09380,1.09410,1.08936,1.08959,38237
2024-07-19 08:00:00,1.08955,1.09017,1.08754,1.08839,37554
2024-07-22 08:00:00,1.08880,1.09025,1.08731,1.08902,34953
2024-07-23 08:00:00,1.08887,1.08967,1.08437,1.08530,33815
2024-07-24 08:00:00,1.08514,1.08665,1.08257,1.08393,37830
2024-07-25 08:00:00,1.08392,1.08699,1.08282,1.08446,45357
2024-07-26 08:00:00,1.08448,1.08682,1.08421,1.08552,34860
2024-07-29 08:00:00,1.08570,1.08698,1.08026,1.08206,33114
2024-07-30 08:00:00,1.08198,1.08356,1.07984,1.08141,35053
2024-07-31 08:00:00,1.08140,1.08493,1.08018,1.08247,46488
2024-08-01 08:00:00,1.08238,1.08352,1.07773,1.07909,45718
2024-08-02 08:00:00,1.07905,1.09265,1.07816,1.09102,53114
2024-08-05 08:00:00,1.09221,1.10084,1.08925,1.09504,77556
2024-08-06 08:00:00,1.09512,1.09630,1.09036,1.09284,61003
2024-08-07 08:00:00,1.09303,1.09366,1.09054,1.09203,50149
2024-08-08 08:00:00,1.09203,1.09450,1.08813,1.09177,45670
2024-08-09 08:00:00,1.09177,1.09312,1.09090,1.09151,33649
2024-08-12 08:00:00,1.09146,1.09393,1.09100,1.09305,29494
2024-08-13 08:00:00,1.09292,1.09996,1.09136,1.09919,32423
2024-08-14 08:00:00,1.09900,1.10471,1.09793,1.10112,33950
2024-08-15 08:00:00,1.10109,1.10154,1.09493,1.09712,30373
2024-08-16 08:00:00,1.09709,1.10293,1.09662,1.10271,28288
2024-08-19 08:00:00,1.10268,1.10861,1.10220,1.10841,32211
2024-08-20 08:00:00,1.10833,1.11301,1.10717,1.11280,33368
2024-08-21 08:00:00,1.11270,1.11739,1.10995,1.11486,37018
2024-08-22 08:00:00,1.11479,1.11653,1.10979,1.11112,34204
2024-08-23 08:00:00,1.11087,1.12009,1.11036,1.11921,36513
2024-08-26 08:00:00,1.11880,1.12014,1.11500,1.11601,35873
2024-08-27 08:00:00,1.11596,1.11904,1.11503,1.11828,32990
2024-08-28 08:00:00,1.11826,1.11851,1.11047,1.11189,36344
2024-08-29 08:00:00,1.11180,1.11397,1.10555,1.10762,38208
2024-08-30 08:00:00,1.10765,1.10948,1.10434,1.10465,36403
2024-09-02 08:00:00,1.10461,1.10773,1.10418,1.10701,23546
2024-09-03 08:00:00,1.10692,1.10726,1.10262,1.10422,37545
2024-09-04 08:00:00,1.10426,1.10951,1.10310,1.10815,37351
2024-09-05 08:00:00,1.10808,1.11195,1.10746,1.11092,39191
2024-09-06 08:00:00,1.11090,1.11543,1.10655,1.10850,46100
2024-09-09 08:00:00,1.10793,1.10909,1.10326,1.10332,38676
2024-09-10 08:00:00,1.10334,1.10496,1.10150,1.10186,32063
2024-09-11 08:00:00,1.10184,1.10546,1.10018,1.10114,40252
2024-09-12 08:00:00,1.10100,1.10749,1.10054,1.10737,35670
2024-09-13 08:00:00,1.10734,1.11016,1.10684,1.10753,35555
2024-09-16 08:00:00,1.10755,1.11375,1.10743,1.11316,32506
2024-09-17 08:00:00,1.11312,1.11461,1.11103,1.11124,37251
2024-09-18 08:00:00,1.11116,1.11890,1.10966,1.11176,40980
2024-09-19 08:00:00,1.11174,1.11786,1.10684,1.11605,49376
2024-09-20 08:00:00,1.11613,1.11817,1.11359,1.11629,41056
2024-09-23 08:00:00,1.11615,1.11671,1.10831,1.11099,40198
2024-09-24 08:00:00,1.11152,1.11807,1.11030,1.11785,38680
2024-09-25 08:00:00,1.11765,1.12140,1.11214,1.11321,38325
2024-09-26 08:00:00,1.11306,1.11890,1.11257,1.11756,41201
2024-09-27 08:00:00,1.11746,1.12028,1.11247,1.11629,44981
2024-09-30 08:00:00,1.11600,1.12087,1.11136,1.11341,42538
2024-10-01 08:00:00,1.11334,1.11439,1.10457,1.10669,44188
2024-10-02 08:00:00,1.10628,1.10827,1.10326,1.10432,38465
2024-10-03 08:00:00,1.10429,1.10491,1.10080,1.10306,40294
2024-10-04 08:00:00,1.10334,1.10396,1.09512,1.09737,38964
2024-10-07 08:00:00,1.09633,1.09867,1.09541,1.09739,39848
2024-10-08 08:00:00,1.09743,1.09970,1.09581,1.09721,36375
2024-10-09 08:00:00,1.09770,1.09809,1.09360,1.09372,34077
2024-10-10 08:00:00,1.09379,1.09548,1.09000,1.09346,39054
2024-10-11 08:00:00,1.09249,1.09537,1.09095,1.09362,29090
2024-10-14 08:00:00,1.09300,1.09365,1.08879,1.09081,27823
2024-10-15 08:00:00,1.09045,1.09165,1.08817,1.08907,32951
2024-10-16 08:00:00,1.08890,1.09013,1.08533,1.08605,29788
2024-10-17 08:00:00,1.08556,1.08754,1.08109,1.08300,34606
2024-10-18 08:00:00,1.08302,1.08694,1.08252,1.08666,29728
2024-10-21 08:00:00,1.08610,1.08717,1.08109,1.08147,28407
2024-10-22 08:00:00,1.08128,1.08380,1.07925,1.07988,29272
2024-10-23 08:00:00,1.07992,1.08065,1.07611,1.07811,30687
2024-10-24 08:00:00,1.07808,1.08297,1.07706,1.08266,32503
2024-10-25 08:00:00,1.08271,1.08391,1.07930,1.07952,29319
2024-10-28 08:00:00,1.07937,1.08275,1.07819,1.08135,31281
2024-10-29 08:00:00,1.08135,1.08262,1.07687,1.08136,35336
2024-10-30 08:00:00,1.08133,1.08712,1.08081,1.08554,36592
2024-10-31 08:00:00,1.08554,1.08879,1.08441,1.08817,40087
2024-11-01 08:00:00,1.08817,1.09054,1.08318,1.08330,35459
2024-11-04 08:00:00,1.08755,1.09147,1.08698,1.08767,36469
2024-11-05 08:00:00,1.08768,1.09363,1.08723,1.09263,28765
2024-11-06 08:00:00,1.09274,1.09369,1.06825,1.07254,76065
2024-11-07 08:00:00,1.07220,1.08246,1.07128,1.08034,49070
2024-11-08 08:00:00,1.08035,1.08047,1.06868,1.07179,43905
2024-11-11 08:00:00,1.07080,1.07277,1.06286,1.06509,36408
2024-11-12 08:00:00,1.06508,1.06630,1.05949,1.06200,42334
2024-11-13 08:00:00,1.06202,1.06533,1.05556,1.05618,44860
2024-11-14 08:00:00,1.05626,1.05824,1.04961,1.05298,48068
2024-11-15 08:00:00,1.05306,1.05926,1.05163,1.05389,46135
2024-11-18 08:00:00,1.05300,1.06070,1.05290,1.05974,39816
2024-11-19 08:00:00,1.05964,1.06006,1.05238,1.05931,44879
2024-11-20 08:00:00,1.05898,1.06097,1.05068,1.05431,38714
2024-11-21 08:00:00,1.05431,1.05548,1.04621,1.04734,42696
2024-11-22 08:00:00,1.04732,1.04979,1.03313,1.04178,48855
2024-11-25 08:00:00,1.04799,1.05300,1.04490,1.04928,49321
2024-11-26 08:00:00,1.04889,1.05446,1.04250,1.04811,53087
2024-11-27 08:00:00,1.04810,1.05875,1.04743,1.05643,48330
2024-11-28 08:00:00,1.05645,1.05690,1.05275,1.05469,32443
2024-11-29 08:00:00,1.05477,1.05970,1.05414,1.05755,44623
2024-12-02 08:00:00,1.05700,1.05719,1.04606,1.04960,52817
2024-12-03 08:00:00,1.04968,1.05349,1.04807,1.05049,45773
2024-12-04 08:00:00,1.05052,1.05439,1.04722,1.05060,49423
2024-12-05 08:00:00,1.05051,1.05895,1.05051,1.05824,42154
2024-12-06 08:00:00,1.05823,1.06296,1.05421,1.05665,42953
2024-12-09 08:00:00,1.05557,1.05943,1.05321,1.05496,39543
2024-12-10 08:00:00,1.05510,1.05680,1.04985,1.05235,40733
2024-12-11 08:00:00,1.05256,1.05393,1.04801,1.04917,44796
2024-12-12 08:00:00,1.04887,1.05309,1.04622,1.04641,46790
2024-12-13 08:00:00,1.04674,1.05241,1.04532,1.05025,40548
2024-12-16 08:00:00,1.04841,1.05245,1.04745,1.05088,37564
2024-12-17 08:00:00,1.05063,1.05342,1.04789,1.04883,39075
2024-12-18 08:00:00,1.04860,1.05126,1.03441,1.03496,44258
2024-12-19 08:00:00,1.03485,1.04222,1.03428,1.03620,53588
2024-12-20 08:00:00,1.03616,1.04473,1.03430,1.04287,47418
2024-12-23 08:00:00,1.04257,1.04451,1.03842,1.04021,34740
2024-12-24 08:00:00,1.04018,1.04098,1.03834,1.03897,23696
2024-12-25 08:00:00,1.03901,1.03963,1.03888,1.03961,18
2024-12-26 08:00:00,1.04021,1.04299,1.03903,1.04151,22669
2024-12-27 08:00:00,1.04147,1.04441,1.04050,1.04228,29312
2024-12-30 08:00:00,1.04251,1.04582,1.03715,1.04030,35137
2024-12-31 08:00:00,1.04039,1.04243,1.03438,1.03493,35610
2025-01-02 08:00:00,1.03515,1.03757,1.02239,1.02558,43527
2025-01-03 08:00:00,1.02556,1.03098,1.02513,1.03078,34961
2025-01-06 08:00:00,1.03018,1.04365,1.02955,1.03860,48771
2025-01-07 08:00:00,1.03864,1.04343,1.03364,1.03364,39477
2025-01-08 08:00:00,1.03371,1.03573,1.02732,1.03149,44772
2025-01-09 08:00:00,1.03155,1.03212,1.02836,1.02992,34433
2025-01-10 08:00:00,1.03011,1.03117,1.02128,1.02404,43656
2025-01-13 08:00:00,1.02310,1.02497,1.01772,1.02412,45769
2025-01-14 08:00:00,1.02424,1.03084,1.02370,1.03064,47308
2025-01-15 08:00:00,1.03064,1.03543,1.02579,1.02875,41603
2025-01-16 08:00:00,1.02854,1.03150,1.02599,1.02933,42892
2025-01-17 08:00:00,1.02965,1.03303,1.02651,1.02705,39736
2025-01-20 08:00:00,1.02731,1.04341,1.02663,1.04131,41058
2025-01-21 08:00:00,1.04133,1.04353,1.03420,1.04242,52777
2025-01-22 08:00:00,1.04259,1.04572,1.03925,1.04053,43121
2025-01-23 08:00:00,1.04053,1.04379,1.03721,1.04145,42474
2025-01-24 08:00:00,1.04109,1.05214,1.04108,1.04919,45187
2025-01-27 08:00:00,1.04751,1.05330,1.04539,1.04904,51216
2025-01-28 08:00:00,1.04905,1.04927,1.04138,1.04287,45063
2025-01-29 08:00:00,1.04238,1.04435,1.03822,1.04202,45860
2025-01-30 08:00:00,1.04176,1.04676,1.03861,1.03868,42690
2025-01-31 08:00:00,1.03810,1.04338,1.03496,1.03640,52422
2025-02-03 08:00:00,1.02509,1.03498,1.02111,1.03435,68577
2025-02-04 08:00:00,1.03402,1.03875,1.02717,1.03773,48493
2025-02-05 08:00:00,1.03739,1.04424,1.03687,1.04012,42871
2025-02-06 08:00:00,1.03993,1.04063,1.03525,1.03818,39651
2025-02-07 08:00:00,1.03809,1.04123,1.03051,1.03262,44060
2025-02-10 08:00:00,1.02966,1.03364,1.02779,1.03060,35343
2025-02-11 08:00:00,1.03024,1.03810,1.02920,1.03602,33226
2025-02-12 08:00:00,1.03604,1.04298,1.03170,1.03813,44164
2025-02-13 08:00:00,1.03772,1.04669,1.03728,1.04627,49652
2025-02-14 08:00:00,1.04589,1.05140,1.04470,1.04898,39793
2025-02-17 08:00:00,1.04845,1.05063,1.04670,1.04828,28523
2025-02-18 08:00:00,1.04762,1.04863,1.04350,1.04441,35024
2025-02-19 08:00:00,1.04412,1.04612,1.04006,1.04213,41984
2025-02-20 08:00:00,1.04157,1.05033,1.04143,1.05000,56568
2025-02-21 08:00:00,1.04936,1.05058,1.04492,1.04571,56864
2025-02-24 08:00:00,1.04684,1.05283,1.04528,1.04665,64290
2025-02-25 08:00:00,1.04662,1.05193,1.04560,1.05115,59318
2025-02-26 08:00:00,1.05095,1.05286,1.04749,1.04823,63965
2025-02-27 08:00:00,1.04767,1.04926,1.03957,1.03963,61593
2025-02-28 08:00:00,1.03927,1.04200,1.03597,1.03743,64841
2025-03-03 08:00:00,1.04025,1.05042,1.03885,1.04851,71468
2025-03-04 08:00:00,1.04854,1.06269,1.04709,1.06246,86576
2025-03-05 08:00:00,1.06192,1.07969,1.06020,1.07880,95542
2025-03-06 08:00:00,1.07878,1.08541,1.07655,1.07802,95005
2025-03-07 08:00:00,1.07795,1.08887,1.07758,1.08325,80007
2025-03-10 08:00:00,1.08373,1.08745,1.08050,1.08344,73909
2025-03-11 08:00:00,1.08342,1.09472,1.08326,1.09101,76138
2025-03-12 08:00:00,1.09120,1.09319,1.08757,1.08841,70362
2025-03-13 08:00:00,1.08874,1.08972,1.08224,1.08511,67802
2025-03-14 08:00:00,1.08510,1.09124,1.08305,1.08751,63596
2025-03-17 08:00:00,1.08780,1.09299,1.08684,1.09215,50277
2025-03-18 08:00:00,1.09214,1.09546,1.08924,1.09434,51508
2025-03-19 08:00:00,1.09437,1.09457,1.08601,1.09030,56946
2025-03-20 08:00:00,1.09041,1.09174,1.08148,1.08534,53019
2025-03-21 08:00:00,1.08530,1.08617,1.07964,1.08129,49270
2025-03-24 08:00:00,1.08184,1.08584,1.07811,1.07992,58234
2025-03-25 08:00:00,1.08008,1.08295,1.07765,1.07918,57583
2025-03-26 08:00:00,1.07914,1.08022,1.07343,1.07370,59580
2025-03-27 08:00:00,1.07367,1.08207,1.07327,1.07975,63715
2025-03-28 08:00:00,1.07975,1.08442,1.07642,1.08276,58886
2025-03-31 08:00:00,1.08203,1.08489,1.07836,1.08139,70004
2025-04-01 08:00:00,1.08130,1.08295,1.07779,1.07916,64344
2025-04-02 08:00:00,1.07863,1.09242,1.07796,1.08474,64944
2025-04-03 08:00:00,1.08436,1.11456,1.08044,1.10507,119095
2025-04-04 08:00:00,1.10499,1.11072,1.09241,1.09623,139554
2025-04-07 08:00:00,1.08890,1.10495,1.08778,1.09075,156044
2025-04-08 08:00:00,1.09012,1.09913,1.08884,1.09532,131118
2025-04-09 08:00:00,1.09574,1.10944,1.09130,1.09453,161600
2025-04-10 08:00:00,1.09449,1.12409,1.09425,1.11941,139174
2025-04-11 08:00:00,1.11978,1.14736,1.11806,1.13590,151045
2025-04-14 08:00:00,1.13103,1.14242,1.12953,1.13484,110580
2025-04-15 08:00:00,1.13493,1.13784,1.12635,1.12800,93117
2025-04-16 08:00:00,1.12795,1.14123,1.12768,1.13970,105299
2025-04-17 08:00:00,1.13919,1.14087,1.13352,1.13609,95544
2025-04-18 08:00:00,1.13608,1.13967,1.13519,1.13898,79392
2025-04-21 08:00:00,1.13964,1.15727,1.13844,1.15126,89370
2025-04-22 08:00:00,1.15097,1.15467,1.14162,1.14204,105433
2025-04-23 08:00:00,1.14159,1.14394,1.13074,1.13122,119157
2025-04-24 08:00:00,1.13089,1.13974,1.13075,1.13839,88946
2025-04-25 08:00:00,1.13844,1.13910,1.13151,1.13618,84359
2025-04-28 08:00:00,1.13640,1.14245,1.13290,1.14152,79138
2025-04-29 08:00:00,1.14140,1.14217,1.13696,1.13808,84338
2025-04-30 08:00:00,1.13811,1.13989,1.13166,1.13265,85574
2025-05-01 08:00:00,1.13259,1.13405,1.12654,1.12854,74920
2025-05-02 08:00:00,1.12858,1.13804,1.12739,1.12988,86461
2025-05-05 08:00:00,1.13042,1.13644,1.12921,1.13126,73941
2025-05-06 08:00:00,1.13128,1.13805,1.12795,1.13654,72914
2025-05-07 08:00:00,1.13662,1.13777,1.12913,1.12948,85320
2025-05-08 08:00:00,1.12948,1.13358,1.12115,1.12224,82893
2025-05-09 08:00:00,1.12224,1.12923,1.11963,1.12466,61598
2025-05-12 08:00:00,1.11948,1.12423,1.10650,1.10830,94271
2025-05-13 08:00:00,1.10811,1.11944,1.10802,1.11839,68299
2025-05-14 08:00:00,1.11794,1.12651,1.11640,1.11695,79317
2025-05-15 08:00:00,1.11667,1.12275,1.11629,1.11853,65808
2025-05-16 08:00:00,1.11835,1.12191,1.11306,1.11619,64159
2025-05-19 08:00:00,1.11756,1.12876,1.11620,1.12330,76117
2025-05-20 08:00:00,1.12342,1.12854,1.12176,1.12813,67939
2025-05-21 08:00:00,1.12811,1.13623,1.12774,1.13235,76957
2025-05-22 08:00:00,1.13238,1.13443,1.12553,1.12774,83037
2025-05-23 08:00:00,1.12773,1.13750,1.12755,1.13589,73965
2025-05-26 08:00:00,1.13630,1.14181,1.13597,1.13811,49785
2025-05-27 08:00:00,1.13809,1.14066,1.13227,1.13270,64627
2025-05-28 08:00:00,1.13263,1.13453,1.12833,1.12898,69932
2025-05-29 08:00:00,1.12900,1.13839,1.12099,1.13650,86458
2025-05-30 08:00:00,1.13644,1.13893,1.13120,1.13457,79591
2025-06-02 08:00:00,1.13460,1.14494,1.13398,1.14376,74434
2025-06-03 08:00:00,1.14339,1.14541,1.13635,1.13708,62698
2025-06-04 08:00:00,1.13700,1.14340,1.13566,1.14125,66925
2025-06-05 08:00:00,1.14113,1.14944,1.14041,1.14431,75946
2025-06-06 08:00:00,1.14429,1.14569,1.13712,1.13934,66059
2025-06-09 08:00:00,1.13955,1.14388,1.13860,1.14194,53089
2025-06-10 08:00:00,1.14200,1.14471,1.13725,1.14201,63127
2025-06-11 08:00:00,1.14208,1.14989,1.14048,1.14859,64678
2025-06-12 08:00:00,1.14865,1.16313,1.14816,1.15799,80447
2025-06-13 08:00:00,1.15795,1.16141,1.14882,1.15490,87657
2025-06-16 08:00:00,1.15272,1.16141,1.15211,1.15572,73333
2025-06-17 08:00:00,1.15574,1.15795,1.14741,1.14787,77620
2025-06-18 08:00:00,1.14769,1.15298,1.14603,1.14753,77823
2025-06-19 08:00:00,1.14738,1.14994,1.14458,1.14900,61635
2025-06-20 08:00:00,1.14872,1.15434,1.14861,1.15216,67526
2025-06-23 08:00:00,1.14516,1.15811,1.14516,1.15731,89306
2025-06-24 08:00:00,1.15727,1.16412,1.15709,1.16077,79952
2025-06-25 08:00:00,1.16043,1.16646,1.15895,1.16578,60076
2025-06-26 08:00:00,1.16550,1.17444,1.16514,1.16992,71966
2025-06-27 08:00:00,1.16936,1.17532,1.16800,1.17148,66661
2025-06-30 08:00:00,1.17280,1.17881,1.17073,1.17862,64213
2025-07-01 08:00:00,1.17849,1.18293,1.17608,1.18052,65453
2025-07-02 08:00:00,1.18014,1.18096,1.17463,1.17968,61534
2025-07-03 08:00:00,1.17970,1.18016,1.17168,1.17549,37402
2025-07-04 08:00:00,1.17553,1.17869,1.17503,1.17663,38721
2025-07-07 08:00:00,1.17804,1.17897,1.16863,1.17067,57741
2025-07-08 08:00:00,1.17047,1.17646,1.16821,1.17238,60128
2025-07-09 08:00:00,1.17227,1.17288,1.16891,1.17170,55507
2025-07-10 08:00:00,1.17157,1.17491,1.16621,1.16994,51433
2025-07-11 08:00:00,1.16981,1.17136,1.16642,1.16882,63105
2025-07-14 08:00:00,1.16590,1.16973,1.16538,1.16636,53624
2025-07-15 08:00:00,1.16627,1.16921,1.15924,1.16018,53562
2025-07-16 08:00:00,1.15954,1.17207,1.15620,1.16331,66691
2025-07-17 08:00:00,1.16291,1.16421,1.15563,1.15943,52528
2025-07-18 08:00:00,1.15934,1.16715,1.15896,1.16242,51427
2025-07-21 08:00:00,1.16223,1.17162,1.16141,1.16872,51689
2025-07-22 08:00:00,1.16873,1.17600,1.16783,1.17531,43639
2025-07-23 08:00:00,1.17522,1.17747,1.17104,1.17665,56617
2025-07-24 08:00:00,1.17648,1.17883,1.17302,1.17469,50443
2025-07-25 08:00:00,1.17507,1.17603,1.17027,1.17402,52977
2025-07-28 08:00:00,1.17519,1.17698,1.15847,1.15863,58940
2025-07-29 08:00:00,1.15854,1.15987,1.15185,1.15442,56173
2025-07-30 08:00:00,1.15421,1.15722,1.14002,1.14012,62845
2025-07-31 08:00:00,1.14008,1.14602,1.14002,1.14136,63107
2025-08-01 08:00:00,1.14119,1.15965,1.13910,1.15873,79817
2025-08-04 08:00:00,1.15892,1.15961,1.15495,1.15743,61177
2025-08-05 08:00:00,1.15679,1.15881,1.15276,1.15758,53966
2025-08-06 08:00:00,1.15711,1.16680,1.15640,1.16593,50670
2025-08-07 08:00:00,1.16538,1.16982,1.16105,1.16631,60658
2025-08-08 08:00:00,1.16594,1.16788,1.16282,1.16397,51126
2025-08-11 08:00:00,1.16436,1.16750,1.15896,1.16149,51928
2025-08-12 08:00:00,1.16068,1.16966,1.15982,1.16721,60979
2025-08-13 08:00:00,1.16696,1.17297,1.16676,1.17037,48750
2025-08-14 08:00:00,1.16999,1.17146,1.16305,1.16471,56488
2025-08-15 08:00:00,1.16470,1.17147,1.16451,1.17066,45142
2025-08-18 08:00:00,1.17096,1.17157,1.16555,1.16600,44672
2025-08-19 08:00:00,1.16590,1.16924,1.16386,1.16453,43122
2025-08-20 08:00:00,1.16393,1.16731,1.16218,1.16493,51149
2025-08-21 08:00:00,1.16486,1.16622,1.16007,1.16056,48656
2025-08-22 08:00:00,1.16012,1.17420,1.15824,1.17208,51271
2025-08-25 08:00:00,1.17199,1.17286,1.16024,1.16179,48171
2025-08-26 08:00:00,1.16158,1.16647,1.16017,1.16402,57563
2025-08-27 08:00:00,1.16402,1.16471,1.15736,1.16369,46863
2025-08-28 08:00:00,1.16331,1.16969,1.16286,1.16812,47099
2025-08-29 08:00:00,1.16800,1.17083,1.16504,1.16825,47800
2025-09-01 08:00:00,1.16943,1.17357,1.16846,1.17106,35933
2025-09-02 08:00:00,1.17061,1.17177,1.16125,1.16402,62513
2025-09-03 08:00:00,1.16339,1.16816,1.16077,1.16602,49568
2025-09-04 08:00:00,1.16584,1.16689,1.16302,1.16498,47981
2025-09-05 08:00:00,1.16459,1.17597,1.16427,1.17167,54564
2025-09-08 08:00:00,1.17089,1.17658,1.17027,1.17622,45558
2025-09-09 08:00:00,1.17588,1.17803,1.17034,1.17094,52443
2025-09-10 08:00:00,1.17027,1.17307,1.16826,1.16939,50529
2025-09-11 08:00:00,1.16930,1.17463,1.16604,1.17352,56279
2025-09-12 08:00:00,1.17307,1.17479,1.17011,1.17340,46318
2025-09-15 08:00:00,1.17269,1.17747,1.17160,1.17605,41717
2025-09-16 08:00:00,1.17593,1.18787,1.17570,1.18659,55731
2025-09-17 08:00:00,1.18588,1.19185,1.18069,1.18120,58800
2025-09-18 08:00:00,1.18102,1.18484,1.17503,1.17856,59883
2025-09-19 08:00:00,1.17828,1.17927,1.17286,1.17419,50589
2025-09-22 08:00:00,1.17338,1.18024,1.17258,1.18010,41539
2025-09-23 08:00:00,1.17913,1.18202,1.17789,1.18141,50736
2025-09-24 08:00:00,1.18117,1.18184,1.17279,1.17370,49073
2025-09-25 08:00:00,1.17358,1.17541,1.16452,1.16645,53211
2025-09-26 08:00:00,1.16570,1.17067,1.16510,1.16990,51867
2025-09-29 08:00:00,1.16993,1.17547,1.16978,1.17261,42442
2025-09-30 08:00:00,1.17238,1.17616,1.17119,1.17330,47101
2025-10-01 08:00:00,1.17339,1.17789,1.17152,1.17300,65014
2025-10-02 08:00:00,1.17279,1.17585,1.16830,1.17161,47910
2025-10-03 08:00:00,1.17123,1.17591,1.17115,1.17410,41493
2025-10-06 08:00:00,1.17141,1.17310,1.16520,1.17119,55520
2025-10-07 08:00:00,1.17088,1.17152,1.16468,1.16566,46611
2025-10-08 08:00:00,1.16528,1.16607,1.15981,1.16278,51692
2025-10-09 08:00:00,1.16231,1.16484,1.15418,1.15642,60093
2025-10-10 08:00:00,1.15531,1.16305,1.15435,1.16227,52868
2025-10-13 08:00:00,1.16112,1.16301,1.15574,1.15696,49123
2025-10-14 08:00:00,1.15649,1.16151,1.15427,1.16073,58213
2025-10-15 08:00:00,1.16041,1.16474,1.16017,1.16466,51927
2025-10-16 08:00:00,1.16418,1.16941,1.16362,1.16868,55544
2025-10-17 08:00:00,1.16823,1.17281,1.16495,1.16502,56901
2025-10-20 08:00:00,1.16622,1.16757,1.16384,1.16404,40467
2025-10-21 08:00:00,1.16389,1.16553,1.15975,1.15988,48570
2025-10-22 08:00:00,1.15965,1.16224,1.15768,1.16089,43718
2025-10-23 08:00:00,1.16079,1.16201,1.15852,1.16175,35507
2025-10-24 08:00:00,1.16152,1.16489,1.16008,1.16253,44280
2025-10-27 08:00:00,1.16290,1.16520,1.16175,1.16447,37510
2025-10-28 08:00:00,1.16467,1.16689,1.16254,1.16510,42467
2025-10-29 08:00:00,1.16519,1.16661,1.15774,1.16019,57302
2025-10-30 08:00:00,1.16016,1.16375,1.15470,1.15684,52517
2025-10-31 08:00:00,1.15683,1.15775,1.15211,1.15361,51014
2025-11-03 08:00:00,1.15291,1.15413,1.15049,1.15187,48048
2025-11-04 08:00:00,1.15158,1.15339,1.14728,1.14821,56355
2025-11-05 08:00:00,1.14803,1.14981,1.14688,1.14924,56319
2025-11-06 08:00:00,1.14895,1.15523,1.14893,1.15465,46859
2025-11-07 08:00:00,1.15357,1.15912,1.15293,1.15637,46381
2025-11-10 08:00:00,1.15545,1.15831,1.15408,1.15564,45278
2025-11-11 08:00:00,1.15531,1.16061,1.15464,1.15818,44598
2025-11-12 08:00:00,1.15809,1.15981,1.15627,1.15925,44919
2025-11-13 08:00:00,1.15907,1.16564,1.15789,1.16338,50392
2025-11-14 08:00:00,1.16296,1.16539,1.16062,1.16201,54483
2025-11-17 08:00:00,1.16109,1.16248,1.15822,1.15916,50338
2025-11-18 08:00:00,1.15890,1.16080,1.15712,1.15797,48063
2025-11-19 08:00:00,1.15737,1.15975,1.15181,1.15378,50166
2025-11-20 08:00:00,1.15365,1.15501,1.15013,1.15279,54439
2025-11-21 08:00:00,1.15243,1.15526,1.14909,1.15136,55629
2025-11-24 08:00:00,1.15097,1.15507,1.15021,1.15206,48438
2025-11-25 08:00:00,1.15180,1.15860,1.15114,1.15688,54915
2025-11-26 08:00:00,1.15675,1.16010,1.15469,1.15967,56351
2025-11-27 08:00:00,1.15887,1.16136,1.15764,1.15951,37206
2025-11-28 08:00:00,1.15923,1.16077,1.15553,1.15983,80747
2025-12-01 08:00:00,1.15891,1.16520,1.15891,1.16085,53498
2025-12-02 08:00:00,1.16060,1.16262,1.15914,1.16243,43829
2025-12-03 08:00:00,1.16178,1.16781,1.16178,1.16703,49118
2025-12-04 08:00:00,1.16650,1.16822,1.16403,1.16443,49924
2025-12-05 08:00:00,1.16388,1.16718,1.16279,1.16424,45789
2025-12-08 08:00:00,1.16332,1.16722,1.16162,1.16366,52377
2025-12-09 08:00:00,1.16314,1.16571,1.16149,1.16257,46374
2025-12-10 08:00:00,1.16260,1.16999,1.16187,1.16950,56306
2025-12-11 08:00:00,1.16934,1.17630,1.16789,1.17381,53865
2025-12-12 08:00:00,1.17353,1.17497,1.17193,1.17402,52361
2025-12-15 08:00:00,1.17276,1.17688,1.17237,1.17515,46495
2025-12-16 08:00:00,1.17506,1.18040,1.17346,1.17462,65157
2025-12-17 08:00:00,1.17462,1.17580,1.17030,1.17399,56858
2025-12-18 08:00:00,1.17398,1.17628,1.17122,1.17216,63471
2025-12-19 08:00:00,1.17210,1.17377,1.17026,1.17091,52746
2025-12-22 08:00:00,1.17120,1.17692,1.17060,1.17600,42841
2025-12-23 08:00:00,1.17600,1.18019,1.17552,1.17942,51711
2025-12-24 08:00:00,1.17941,1.18077,1.17726,1.17764,55551
2025-12-26 08:00:00,1.17769,1.17967,1.17615,1.17712,69962
2025-12-29 08:00:00,1.17631,1.17890,1.17494,1.17721,69209
2025-12-30 08:00:00,1.17714,1.17796,1.17432,1.17476,56394
2025-12-31 08:00:00,1.17476,1.17593,1.17199,1.17455,62225
2026-01-02 08:00:00,1.17486,1.17648,1.17131,1.17197,64850
2026-01-05 08:00:00,1.17181,1.17288,1.16589,1.17211,82408
2026-01-06 08:00:00,1.17211,1.17427,1.16838,1.16882,73182
2026-01-07 08:00:00,1.16883,1.17025,1.16729,1.16733,66583
2026-01-08 08:00:00,1.16733,1.16829,1.16425,1.16593,64439
2026-01-09 08:00:00,1.16593,1.16621,1.16180,1.16367,78485
2026-01-12 08:00:00,1.16253,1.16985,1.16214,1.16663,72464
2026-01-13 08:00:00,1.16663,1.16775,1.16341,1.16420,73018
2026-01-14 08:00:00,1.16420,1.16616,1.16352,1.16437,65261
2026-01-15 08:00:00,1.16438,1.16468,1.15929,1.16077,60846
2026-01-16 08:00:00,1.16077,1.16273,1.15843,1.15985,62630
2026-01-19 08:00:00,1.15818,1.16487,1.15775,1.16448,68581
2026-01-20 08:00:00,1.16448,1.17688,1.16325,1.17241,108726
2026-01-21 08:00:00,1.17241,1.17430,1.16762,1.16820,97103
2026-01-22 08:00:00,1.16820,1.17560,1.16697,1.17544,75582
2026-01-23 08:00:00,1.17544,1.18334,1.17282,1.18303,92978
2026-01-26 08:00:00,1.18632,1.19070,1.18349,1.18802,123609
2026-01-27 08:00:00,1.18802,1.20819,1.18502,1.20384,141633
2026-01-28 08:00:00,1.20384,1.20449,1.18956,1.19536,154158
2026-01-29 08:00:00,1.19536,1.19963,1.19060,1.19704,150707
2026-01-30 08:00:00,1.19704,1.19744,1.18497,1.18503,177802
2026-02-02 08:00:00,1.18491,1.18746,1.17758,1.17904,155138
2026-02-03 08:00:00,1.17904,1.18288,1.17799,1.18168,103914
2026-02-04 08:00:00,1.18168,1.18379,1.17904,1.18068,103172
2026-02-05 08:00:00,1.18069,1.18217,1.17747,1.17769,105431
2026-02-06 08:00:00,1.17764,1.18261,1.17656,1.18141,78570
2026-02-09 08:00:00,1.18095,1.19266,1.18078,1.19123,108085
2026-02-10 08:00:00,1.19123,1.19286,1.18866,1.18946,91338
2026-02-11 08:00:00,1.18946,1.19272,1.18328,1.18714,109663
2026-02-12 08:00:00,1.18708,1.18898,1.18515,1.18700,98895
2026-02-13 08:00:00,1.18700,1.18848,1.18468,1.18689,82888
2026-02-16 08:00:00,1.18642,1.18752,1.18423,1.18506,48881
2026-02-17 08:00:00,1.18507,1.18550,1.18040,1.18550,82397
2026-02-18 08:00:00,1.18550,1.18574,1.17800,1.17824,75163
2026-02-19 08:00:00,1.17822,1.18076,1.17418,1.17729,76545
2026-02-20 08:00:00,1.17721,1.18075,1.17432,1.17816,101532
2026-02-23 08:00:00,1.17905,1.18346,1.17744,1.17848,82450
2026-02-24 08:00:00,1.17847,1.17962,1.17659,1.17718,71658
2026-02-25 08:00:00,1.17718,1.18142,1.17709,1.18096,70923
2026-02-26 08:00:00,1.18096,1.18289,1.17738,1.17950,72648
2026-02-27 08:00:00,1.17974,1.18269,1.17887,1.18132,79286
2026-03-02 08:00:00,1.17713,1.17957,1.16716,1.16867,142794
2026-03-03 08:00:00,1.16865,1.17068,1.15301,1.16130,180285
2026-03-04 08:00:00,1.16134,1.16546,1.15745,1.16330,144065
2026-03-05 08:00:00,1.16330,1.16474,1.15587,1.16080,166979
2026-03-06 08:00:00,1.16079,1.16215,1.15460,1.16169,176085
2026-03-09 08:00:00,1.15465,1.16377,1.15070,1.16366,241498
2026-03-10 08:00:00,1.16366,1.16673,1.16053,1.16100,183027
2026-03-11 08:00:00,1.16100,1.16455,1.15608,1.15729,156593
2026-03-12 08:00:00,1.15729,1.15744,1.15086,1.15116,134860
2026-03-13 08:00:00,1.15116,1.15298,1.14108,1.14160,146825
2026-03-16 08:00:00,1.14275,1.15247,1.14140,1.15056,127355
2026-03-17 08:00:00,1.15056,1.15472,1.14658,1.15359,95155
2026-03-18 08:00:00,1.15359,1.15552,1.14488,1.14668,101698
2026-03-19 08:00:00,1.14667,1.16161,1.14428,1.15815,155928
2026-03-20 08:00:00,1.15815,1.15951,1.15242,1.15713,111460
2026-03-23 08:00:00,1.15416,1.16397,1.14835,1.16147,200157
2026-03-24 08:00:00,1.16145,1.16282,1.15570,1.16104,154613
2026-03-25 08:00:00,1.16104,1.16307,1.15547,1.15605,116938
2026-03-26 08:00:00,1.15604,1.15723,1.15178,1.15332,94017
2026-03-27 08:00:00,1.15332,1.15478,1.15014,1.15071,89987
2026-03-30 08:00:00,1.15008,1.15211,1.14428,1.14612,88211
2026-03-31 08:00:00,1.14667,1.15633,1.14462,1.15527,116443
2026-04-01 08:00:00,1.15519,1.16271,1.15417,1.15892,112694
2026-04-02 08:00:00,1.15878,1.16055,1.15087,1.15382,109074
2026-04-03 08:00:00,1.15382,1.15490,1.15019,1.15105,39011
2026-04-06 08:00:00,1.15195,1.15714,1.15050,1.15418,82587
2026-04-07 08:00:00,1.15403,1.16048,1.15242,1.15965,98627
2026-04-08 08:00:00,1.15937,1.17216,1.15883,1.16619,148842
2026-04-09 08:00:00,1.16620,1.17234,1.16498,1.16988,80059
2026-04-10 08:00:00,1.17009,1.17394,1.16765,1.17259,72565
2026-04-13 08:00:00,1.16701,1.17654,1.16635,1.17585,85534
2026-04-14 08:00:00,1.17572,1.18110,1.17531,1.17949,71128
2026-04-15 08:00:00,1.17946,1.18079,1.17715,1.17986,73152
2026-04-16 08:00:00,1.17986,1.18238,1.17666,1.17819,71184
2026-04-17 08:00:00,1.17791,1.18490,1.17603,1.17616,87807
2026-04-20 08:00:00,1.17355,1.17902,1.17289,1.17871,93971
2026-04-21 08:00:00,1.17874,1.17908,1.17186,1.17426,94493
2026-04-22 08:00:00,1.17411,1.17625,1.17020,1.17049,71069
2026-04-23 08:00:00,1.17044,1.17164,1.16687,1.16829,98421
2026-04-24 08:00:00,1.16821,1.17229,1.16716,1.17195,78371
2026-04-27 08:00:00,1.16935,1.17549,1.16852,1.17203,64599
2026-04-28 08:00:00,1.17204,1.17269,1.16773,1.17120,76233
2026-04-29 08:00:00,1.17108,1.17205,1.16600,1.16743,78780
2026-04-30 08:00:00,1.16775,1.17416,1.16543,1.17306,117215
2026-05-01 08:00:00,1.17316,1.17852,1.17152,1.17179,89130
2026-05-04 08:00:00,1.17439,1.17490,1.16807,1.16907,104326
2026-05-05 08:00:00,1.16915,1.17135,1.16761,1.16924,73419
2026-05-06 08:00:00,1.16914,1.17966,1.16876,1.17479,105905
2026-05-07 08:00:00,1.17459,1.17783,1.17226,1.17228,96768
2026-05-08 08:00:00,1.17245,1.17877,1.17230,1.17824,79131
2026-05-11 08:00:00,1.17461,1.17878,1.17393,1.17816,66976
2026-05-12 08:00:00,1.17780,1.17875,1.17210,1.17397,77903
2026-05-13 08:00:00,1.17366,1.17417,1.16948,1.17139,64568
2026-05-14 08:00:00,1.17090,1.17214,1.16649,1.16688,67234
2026-05-15 08:00:00,1.16685,1.16733,1.16167,1.16242,90870
2026-05-18 08:00:00,1.16175,1.16606,1.16074,1.16554,99745
2026-05-19 08:00:00,1.16567,1.16614,1.15909,1.16061,89346
2026-05-20 08:00:00,1.16032,1.16452,1.15814,1.16250,91715
2026-05-21 08:00:00,1.16221,1.16354,1.15763,1.16173,92484
2026-05-22 08:00:00,1.16177,1.16224,1.15881,1.16032,52999
2026-05-25 08:00:00,1.16373,1.16527,1.16295,1.16432,32635
2026-05-26 08:00:00,1.16426,1.16451,1.16162,1.16319,43983
2026-05-27 08:00:00,1.16275,1.16614,1.16221,1.16255,57676
2026-05-28 08:00:00,1.16285,1.16611,1.15862,1.16494,61618
2026-05-29 08:00:00,1.16509,1.16858,1.16249,1.16606,57278
2026-06-01 08:00:00,1.16520,1.16647,1.16068,1.16313,57933
2026-06-02 08:00:00,1.16308,1.16556,1.16134,1.16309,39624
2026-06-03 08:00:00,1.16314,1.16333,1.15947,1.15978,56598
2026-06-04 08:00:00,1.15970,1.16453,1.15945,1.16102,50248
2026-06-05 08:00:00,1.16091,1.16443,1.15169,1.15199,78026
2026-06-08 08:00:00,1.15085,1.15547,1.14991,1.15322,95264
2026-06-09 08:00:00,1.15340,1.15779,1.15257,1.15425,88196
2026-06-10 08:00:00,1.15419,1.15730,1.15324,1.15351,94905
2026-06-11 08:00:00,1.15349,1.15897,1.15015,1.15779,109550
2026-06-12 08:00:00,1.15775,1.15895,1.15565,1.15660,174372
2026-06-15 08:00:00,1.15746,1.16222,1.15730,1.15886,233514
2026-06-16 08:00:00,1.15894,1.16199,1.15746,1.16080,227699
2026-06-17 08:00:00,1.16072,1.16167,1.14779,1.15010,285634
2026-06-18 08:00:00,1.15010,1.15284,1.14508,1.14574,319016
2026-06-19 08:00:00,1.14567,1.14809,1.14177,1.14650,203979
2026-06-22 08:00:00,1.14519,1.14738,1.14190,1.14281,243694
2026-06-23 08:00:00,1.14273,1.14392,1.13752,1.13808,242052
2026-06-24 08:00:00,1.13808,1.13840,1.13240,1.13581,292321
2026-06-25 08:00:00,1.13570,1.13882,1.13333,1.13698,262724
2026-06-26 08:00:00,1.13698,1.14341,1.13480,1.13835,273837
2026-06-29 08:00:00,1.13877,1.14307,1.13788,1.14229,257681
2026-06-30 08:00:00,1.14229,1.14368,1.13825,1.14214,248166
2026-07-01 08:00:00,1.14209,1.14232,1.13616,1.13767,277142
2026-07-02 08:00:00,1.13762,1.14729,1.13744,1.14320,320894
2026-07-03 08:00:00,1.14307,1.14624,1.14083,1.14355,190408
2026-07-06 08:00:00,1.14373,1.14451,1.14082,1.14411,222785
2026-07-07 08:00:00,1.14411,1.14483,1.14081,1.14115,239835
2026-07-08 08:00:00,1.14115,1.14317,1.13912,1.14167,307865
2026-07-09 08:00:00,1.14167,1.14495,1.13987,1.14299,221087
2026-07-10 08:00:00,1.14288,1.14609,1.14104,1.14140,248291
2026-07-13 08:00:00,1.14004,1.14460,1.13774,1.13798,281684
2026-07-14 08:00:00,1.13809,1.14625,1.13782,1.14206,316067
2026-07-15 08:00:00,1.14206,1.14827,1.14060,1.14630,266611
2026-07-16 08:00:00,1.14630,1.14765,1.14311,1.14428,238255
2026-07-17 08:00:00,1.14418,1.14523,1.14244,1.14381,228493
2026-07-20 08:00:00,1.14269,1.14497,1.14024,1.14141,213357
2026-07-21 08:00:00,1.14136,1.14287,1.13972,1.13978,183301
2026-07-22 08:00:00,1.13978,1.14218,1.13959,1.14117,188382
2026-07-23 08:00:00,1.14108,1.14358,1.13639,1.13769,231146
2026-07-24 08:00:00,1.13750,1.14011,1.13648,1.13705,207003
2026-07-27 08:00:00,1.13885,1.14185,1.13669,1.13673,217049
2026-07-28 08:00:00,1.13675,1.14053,1.13533,1.13862,186602
2026-07-29 08:00:00,1.13862,1.14710,1.13746,1.14680,262270
2026-07-30 08:00:00,1.14653,1.15372,1.14343,1.15283,295484
2026-07-31 08:00:00,1.15283,1.15472,1.14552,1.15267,327221
2026-08-03 08:00:00,1.15446,1.15590,1.15004,1.15084,283411
2026-08-04 08:00:00,1.15075,1.15340,1.15022,1.15320,228893
2026-08-05 08:00:00,1.15320,1.15596,1.15267,1.15532,250755
2026-08-06 08:00:00,1.15532,1.15598,1.15147,1.15237,206469
2026-08-07 08:00:00,1.15237,1.15794,1.15177,1.15571,226973
2026-08-10 08:00:00,1.15620,1.15672,1.15400,1.15424,194646
2026-08-11 08:00:00,1.15427,1.15499,1.15313,1.15420,188035
2026-08-12 08:00:00,1.15403,1.15631,1.15198,1.15247,178020
2026-08-13 08:00:00,1.15240,1.15456,1.15118,1.15288,144536
2026-08-14 08:00:00,1.15288,1.15854,1.15247,1.15704,136208
2026-08-17 08:00:00,1.15619,1.16141,1.15614,1.15788,125963
2026-08-18 08:00:00,1.15819,1.15884,1.15666,1.15748,113748
2026-08-19 08:00:00,1.15748,1.16792,1.15701,1.16771,174216
2026-08-20 08:00:00,1.16771,1.17106,1.16692,1.16781,184342
2026-08-21 08:00:00,1.16781,1.17115,1.16688,1.16750,140071
2026-08-24 08:00:00,1.16758,1.16873,1.16552,1.16635,150023
2026-08-25 08:00:00,1.16627,1.16797,1.16510,1.16734,133042
2026-08-26 08:00:00,1.16734,1.16775,1.16420,1.16526,114786
2026-08-27 08:00:00,1.16516,1.16599,1.16364,1.16519,113466
2026-08-28 08:00:00,1.16516,1.16595,1.15778,1.15830,155389
2026-08-31 08:00:00,1.15763,1.16208,1.15763,1.16171,126773
2026-09-01 08:00:00,1.16171,1.16245,1.15849,1.15926,122693
2026-09-02 08:00:00,1.15922,1.16093,1.15663,1.15885,162360
2026-09-03 08:00:00,1.15882,1.16413,1.15835,1.16258,173510
2026-09-04 08:00:00,1.16255,1.16331,1.15849,1.16132,149789