time,open,high,low,close,volume
2015-01-02 08:00:00,1.55440,1.55467,1.53242,1.53244,70780
2015-01-05 08:00:00,1.52995,1.53184,1.51718,1.52483,108979
2015-01-06 08:00:00,1.52482,1.52729,1.51404,1.51485,107006
2015-01-07 08:00:00,1.51485,1.51546,1.50543,1.51084,111304
2015-01-08 08:00:00,1.51083,1.51166,1.50336,1.50882,94075
2015-01-09 08:00:00,1.50882,1.51738,1.50764,1.51571,104093
2015-01-12 08:00:00,1.51768,1.51929,1.50982,1.51694,93714
2015-01-13 08:00:00,1.51697,1.51908,1.50769,1.51582,110581
2015-01-14 08:00:00,1.51582,1.52678,1.51443,1.52320,114133
2015-01-15 08:00:00,1.52321,1.52665,1.51494,1.51805,127237
2015-01-16 08:00:00,1.51813,1.52336,1.50745,1.51450,125329
2015-01-19 08:00:00,1.51274,1.51780,1.51079,1.51098,51772
2015-01-20 08:00:00,1.51107,1.51985,1.50577,1.51417,40874
2015-01-21 08:00:00,1.51421,1.51779,1.50751,1.51399,50415
2015-01-22 08:00:00,1.51397,1.52114,1.49714,1.50076,57253
2015-01-23 08:00:00,1.50087,1.50346,1.49503,1.49876,59924
2015-01-26 08:00:00,1.50079,1.51026,1.49858,1.50758,47625
2015-01-27 08:00:00,1.50751,1.52227,1.50590,1.51958,70437
2015-01-28 08:00:00,1.51919,1.52185,1.51302,1.51364,83169
2015-01-29 08:00:00,1.51349,1.51616,1.50176,1.50642,46843
2015-01-30 08:00:00,1.50626,1.50950,1.49882,1.50619,47062
2015-02-02 08:00:00,1.50933,1.50982,1.50048,1.50373,77250
2015-02-03 08:00:00,1.50380,1.51969,1.49883,1.51650,86690
2015-02-04 08:00:00,1.51650,1.52499,1.51382,1.51801,73098
2015-02-05 08:00:00,1.51805,1.53427,1.51642,1.53264,81400
2015-02-06 08:00:00,1.53263,1.53516,1.52103,1.52250,70972
2015-02-09 08:00:00,1.52265,1.52662,1.52000,1.52136,73909
2015-02-10 08:00:00,1.52134,1.52746,1.51959,1.52530,73791
2015-02-11 08:00:00,1.52530,1.52988,1.52184,1.52358,72072
2015-02-12 08:00:00,1.52351,1.54127,1.52088,1.53825,79397
2015-02-13 08:00:00,1.53824,1.54215,1.53705,1.53928,73170
2015-02-16 08:00:00,1.54178,1.54396,1.53385,1.53613,70974
2015-02-17 08:00:00,1.53607,1.54013,1.53156,1.53518,73475
2015-02-18 08:00:00,1.53517,1.54777,1.53410,1.54344,78140
2015-02-19 08:00:00,1.54345,1.54649,1.54040,1.54134,70165
2015-02-20 08:00:00,1.54124,1.54333,1.53430,1.53983,76045
2015-02-23 08:00:00,1.53953,1.54739,1.53321,1.54558,63625
2015-02-24 08:00:00,1.54554,1.54733,1.54038,1.54515,65712
2015-02-25 08:00:00,1.54527,1.55380,1.54465,1.55273,64527
2015-02-26 08:00:00,1.55279,1.55516,1.53940,1.54051,70077
2015-02-27 08:00:00,1.54050,1.54580,1.53840,1.54365,70621
2015-03-02 08:00:00,1.54151,1.54281,1.53513,1.53636,64072
2015-03-03 08:00:00,1.53648,1.53970,1.53442,1.53588,61215
2015-03-04 08:00:00,1.53590,1.53713,1.52515,1.52638,66344
2015-03-05 08:00:00,1.52640,1.52690,1.52149,1.52388,67554
2015-03-06 08:00:00,1.52400,1.52554,1.50314,1.50333,69856
2015-03-09 08:00:00,1.50345,1.51366,1.50328,1.51272,66438
2015-03-10 08:00:00,1.51270,1.51280,1.50284,1.50534,86182
2015-03-11 08:00:00,1.50538,1.50959,1.48928,1.49281,95567
2015-03-12 08:00:00,1.49284,1.50260,1.48495,1.48845,88081
2015-03-13 08:00:00,1.48842,1.48962,1.46988,1.47397,85528
2015-03-16 08:00:00,1.47342,1.48529,1.47342,1.48253,84136
2015-03-17 08:00:00,1.48231,1.48447,1.47236,1.47428,86285
2015-03-18 08:00:00,1.47433,1.51648,1.46347,1.49574,99161
2015-03-19 08:00:00,1.49560,1.50094,1.46876,1.47543,108127
2015-03-20 08:00:00,1.47541,1.49880,1.47215,1.49450,91424
2015-03-23 08:00:00,1.49723,1.49729,1.48377,1.49535,92693
2015-03-24 08:00:00,1.49534,1.49835,1.48411,1.48428,98379
2015-03-25 08:00:00,1.48438,1.49533,1.48303,1.48844,78715
2015-03-26 08:00:00,1.48841,1.49933,1.48062,1.48499,91846
2015-03-27 08:00:00,1.48501,1.49210,1.47959,1.48700,86753
2015-03-30 08:00:00,1.48826,1.49003,1.47527,1.48092,76570
2015-03-31 08:00:00,1.48082,1.48710,1.47545,1.48164,79845
2015-04-01 08:00:00,1.48174,1.48707,1.47390,1.48224,79563
2015-04-02 08:00:00,1.48227,1.48678,1.47756,1.48268,75990
2015-04-03 08:00:00,1.48267,1.49445,1.48095,1.49179,55162
2015-04-06 08:00:00,1.49179,1.49806,1.48696,1.48785,41574
2015-04-07 08:00:00,1.48770,1.49197,1.48021,1.48069,77935
2015-04-08 08:00:00,1.48068,1.49727,1.48066,1.48662,77993
2015-04-09 08:00:00,1.48651,1.48855,1.46847,1.47111,74435
2015-04-10 08:00:00,1.47113,1.47241,1.45865,1.46310,73860
2015-04-13 08:00:00,1.46310,1.46809,1.45650,1.46745,71071
2015-04-14 08:00:00,1.46748,1.48011,1.46029,1.47798,81043
2015-04-15 08:00:00,1.47795,1.48533,1.47004,1.48412,80617
2015-04-16 08:00:00,1.48412,1.49690,1.48114,1.49320,100135
2015-04-17 08:00:00,1.49320,1.50527,1.49154,1.49595,88033
2015-04-20 08:00:00,1.49595,1.49831,1.48873,1.49075,76220
2015-04-21 08:00:00,1.49075,1.49724,1.48557,1.49251,94903
2015-04-22 08:00:00,1.49251,1.50792,1.49127,1.50399,105696
2015-04-23 08:00:00,1.50399,1.50696,1.49593,1.50584,102206
2015-04-24 08:00:00,1.50584,1.51868,1.50268,1.51855,101526
2015-04-27 08:00:00,1.51747,1.52614,1.51065,1.52341,92943
2015-04-28 08:00:00,1.52296,1.53424,1.51719,1.53395,107603
2015-04-29 08:00:00,1.53384,1.54977,1.53274,1.54377,128457
2015-04-30 08:00:00,1.54370,1.54918,1.53033,1.53524,149116
2015-05-01 08:00:00,1.53489,1.53965,1.51141,1.51473,106499
2015-05-04 08:00:00,1.51432,1.51742,1.50897,1.51203,69783
2015-05-05 08:00:00,1.51202,1.52172,1.50899,1.51807,24244
2015-05-06 08:00:00,1.51790,1.52898,1.51508,1.52415,43336
2015-05-07 08:00:00,1.52410,1.52743,1.51647,1.52436,18854
2015-05-08 08:00:00,1.52470,1.55207,1.52450,1.54426,34842
2015-05-11 08:00:00,1.54484,1.56120,1.53925,1.55847,68349
2015-05-12 08:00:00,1.55843,1.57096,1.55565,1.56681,105687
2015-05-13 08:00:00,1.56680,1.57683,1.56333,1.57436,82150
2015-05-14 08:00:00,1.57440,1.58139,1.57283,1.57747,94140
2015-05-15 08:00:00,1.57752,1.58076,1.57005,1.57271,84612
2015-05-18 08:00:00,1.57384,1.57446,1.56372,1.56515,82942
2015-05-19 08:00:00,1.56519,1.56689,1.54451,1.55099,115886
2015-05-20 08:00:00,1.55116,1.55870,1.54718,1.55342,129773
2015-05-21 08:00:00,1.55339,1.56991,1.55241,1.56600,118719
2015-05-22 08:00:00,1.56600,1.56888,1.54595,1.54957,114775
2015-05-25 08:00:00,1.54759,1.55069,1.54555,1.54675,74320
2015-05-26 08:00:00,1.54683,1.54747,1.53532,1.53819,120644
2015-05-27 08:00:00,1.53819,1.54364,1.53006,1.53499,115885
2015-05-28 08:00:00,1.53529,1.53847,1.52596,1.53119,118310
2015-05-29 08:00:00,1.53128,1.53413,1.52356,1.52842,107611
2015-06-01 08:00:00,1.52923,1.53038,1.51695,1.51989,130503
2015-06-02 08:00:00,1.51949,1.53666,1.51785,1.53424,176119
2015-06-03 08:00:00,1.53415,1.53743,1.52515,1.53383,98438
2015-06-04 08:00:00,1.53382,1.54405,1.53039,1.53608,53614
2015-06-05 08:00:00,1.53592,1.53688,1.51897,1.52711,181459
2015-06-08 08:00:00,1.52691,1.53632,1.52207,1.53471,147392
2015-06-09 08:00:00,1.53473,1.53884,1.52567,1.53837,168159
2015-06-10 08:00:00,1.53847,1.55529,1.53682,1.55285,190949
2015-06-11 08:00:00,1.55281,1.55330,1.54201,1.55157,145496
2015-06-12 08:00:00,1.55157,1.55975,1.54663,1.55571,124323
2015-06-15 08:00:00,1.55485,1.56133,1.54870,1.55995,108890
2015-06-16 08:00:00,1.56008,1.56536,1.55409,1.56461,134795
2015-06-17 08:00:00,1.56459,1.58464,1.56252,1.58303,175856
2015-06-18 08:00:00,1.58299,1.59292,1.58055,1.58769,164473
2015-06-19 08:00:00,1.58782,1.58959,1.58346,1.58760,123394
2015-06-22 08:00:00,1.58714,1.59093,1.58047,1.58225,128068
2015-06-23 08:00:00,1.58225,1.58309,1.57084,1.57286,147163
2015-06-24 08:00:00,1.57282,1.58021,1.56667,1.57031,139027
2015-06-25 08:00:00,1.57040,1.57698,1.56762,1.57455,129095
2015-06-26 08:00:00,1.57468,1.57663,1.57081,1.57455,118889
2015-06-29 08:00:00,1.56960,1.57878,1.56613,1.57352,178051
2015-06-30 08:00:00,1.57360,1.57755,1.56924,1.57065,159509
2015-07-01 08:00:00,1.57036,1.57322,1.55880,1.56146,143648
2015-07-02 08:00:00,1.56144,1.56394,1.55618,1.56068,126635
2015-07-03 08:00:00,1.56057,1.56433,1.55556,1.55773,110686
2015-07-06 08:00:00,1.55417,1.56278,1.55314,1.56016,130863
2015-07-07 08:00:00,1.56012,1.56090,1.54132,1.54609,161835
2015-07-08 08:00:00,1.54612,1.54666,1.53297,1.53606,152386
2015-07-09 08:00:00,1.53602,1.54199,1.53429,1.53790,135178
2015-07-10 08:00:00,1.53790,1.55501,1.53633,1.55129,138794
2015-07-13 08:00:00,1.55028,1.55884,1.54806,1.54842,139820
2015-07-14 08:00:00,1.54844,1.56384,1.54502,1.56348,139133
2015-07-15 08:00:00,1.56348,1.56744,1.55761,1.56365,143617
2015-07-16 08:00:00,1.56363,1.56500,1.55596,1.56066,139086
2015-07-17 08:00:00,1.56056,1.56723,1.55527,1.56054,112037
2015-07-20 08:00:00,1.56002,1.56269,1.55380,1.55595,106655
2015-07-21 08:00:00,1.55589,1.55900,1.55283,1.55528,163222
2015-07-22 08:00:00,1.55515,1.56459,1.55441,1.56107,245776
2015-07-23 08:00:00,1.56080,1.56701,1.55006,1.55129,174514
2015-07-24 08:00:00,1.55147,1.55256,1.54663,1.55127,126885
2015-07-27 08:00:00,1.55090,1.55948,1.54902,1.55568,146634
2015-07-28 08:00:00,1.55571,1.56272,1.55277,1.56105,145125
2015-07-29 08:00:00,1.56113,1.56891,1.55872,1.56042,153730
2015-07-30 08:00:00,1.55995,1.56429,1.55622,1.55994,151221
2015-07-31 08:00:00,1.55966,1.56778,1.55486,1.56201,165980
2015-08-03 08:00:00,1.56289,1.56443,1.55649,1.55846,152249
2015-08-04 08:00:00,1.55825,1.56333,1.55572,1.55603,167560
2015-08-05 08:00:00,1.55589,1.56507,1.55253,1.55976,171399
2015-08-06 08:00:00,1.55972,1.56363,1.54666,1.55099,145070
2015-08-07 08:00:00,1.55071,1.55450,1.54243,1.54958,141089
2015-08-10 08:00:00,1.54841,1.56053,1.54579,1.55842,108001
2015-08-11 08:00:00,1.55896,1.56162,1.55548,1.55654,130739
2015-08-12 08:00:00,1.55704,1.56594,1.55336,1.56058,145525
2015-08-13 08:00:00,1.56088,1.56363,1.55726,1.56058,110876
2015-08-14 08:00:00,1.56051,1.56592,1.55881,1.56407,108039
2015-08-17 08:00:00,1.56507,1.56875,1.55783,1.55810,128345
2015-08-18 08:00:00,1.55802,1.57166,1.55617,1.56548,129141
2015-08-19 08:00:00,1.56581,1.57000,1.56350,1.56750,157707
2015-08-20 08:00:00,1.56747,1.57011,1.56057,1.56833,153235
2015-08-21 08:00:00,1.56847,1.57228,1.56574,1.56853,171418
2015-08-24 08:00:00,1.56764,1.58028,1.56299,1.57697,214072
2015-08-25 08:00:00,1.57731,1.58186,1.56808,1.56808,198211
2015-08-26 08:00:00,1.56853,1.57195,1.54520,1.54578,186870
2015-08-27 08:00:00,1.54575,1.55083,1.53696,1.53979,162348
2015-08-28 08:00:00,1.53988,1.54425,1.53348,1.53897,152379
2015-08-31 08:00:00,1.54104,1.54363,1.53390,1.53415,111228
2015-09-01 08:00:00,1.53384,1.54074,1.52994,1.53018,141849
2015-09-02 08:00:00,1.53015,1.53253,1.52637,1.52964,143596
2015-09-03 08:00:00,1.52949,1.53129,1.52187,1.52543,124522
2015-09-04 08:00:00,1.52525,1.52733,1.51643,1.51675,119699
2015-09-07 08:00:00,1.51752,1.52878,1.51707,1.52739,115085
2015-09-08 08:00:00,1.52719,1.54121,1.52692,1.53926,121761
2015-09-09 08:00:00,1.53874,1.54040,1.53493,1.53641,125800
2015-09-10 08:00:00,1.53644,1.54756,1.53383,1.54410,144820
2015-09-11 08:00:00,1.54393,1.54612,1.53995,1.54270,120495
2015-09-14 08:00:00,1.54263,1.54706,1.53723,1.54231,102103
2015-09-15 08:00:00,1.54219,1.54566,1.53293,1.53412,104950
2015-09-16 08:00:00,1.53419,1.55281,1.53296,1.54903,111791
2015-09-17 08:00:00,1.54879,1.56275,1.54856,1.55878,132880
2015-09-18 08:00:00,1.55875,1.56579,1.55139,1.55243,134294
2015-09-21 08:00:00,1.55230,1.55674,1.54803,1.55055,121151
2015-09-22 08:00:00,1.55043,1.55279,1.53399,1.53612,122247
2015-09-23 08:00:00,1.53633,1.53664,1.52201,1.52413,125816
2015-09-24 08:00:00,1.52418,1.52885,1.52002,1.52403,138395
2015-09-25 08:00:00,1.52373,1.52600,1.51349,1.51773,130137
2015-09-28 08:00:00,1.51909,1.52406,1.51568,1.51716,116170
2015-09-29 08:00:00,1.51716,1.52045,1.51285,1.51483,130140
2015-09-30 08:00:00,1.51475,1.52132,1.51068,1.51260,126168
2015-10-01 08:00:00,1.51260,1.51796,1.51064,1.51282,117311
2015-10-02 08:00:00,1.51269,1.52370,1.51269,1.51768,129698
2015-10-05 08:00:00,1.51871,1.52440,1.51361,1.51431,136540
2015-10-06 08:00:00,1.51428,1.52429,1.51394,1.52230,110014
2015-10-07 08:00:00,1.52241,1.53391,1.52180,1.53148,123553
2015-10-08 08:00:00,1.53146,1.53717,1.52608,1.53450,124585
2015-10-09 08:00:00,1.53460,1.53828,1.52996,1.53238,125054
2015-10-12 08:00:00,1.53039,1.53728,1.53039,1.53465,99932
2015-10-13 08:00:00,1.53457,1.53872,1.51998,1.52462,126569
2015-10-14 08:00:00,1.52449,1.54939,1.52449,1.54762,132104
2015-10-15 08:00:00,1.54721,1.55081,1.54143,1.54511,129979
2015-10-16 08:00:00,1.54460,1.54860,1.54299,1.54357,118991
2015-10-19 08:00:00,1.54304,1.54966,1.54271,1.54646,106224
2015-10-20 08:00:00,1.54620,1.55058,1.54348,1.54409,108657
2015-10-21 08:00:00,1.54407,1.54769,1.54119,1.54183,107715
2015-10-22 08:00:00,1.54152,1.55088,1.53452,1.53931,137597
2015-10-23 08:00:00,1.53910,1.54185,1.53056,1.53120,134046
2015-10-26 08:00:00,1.53078,1.53814,1.53056,1.53488,114130
2015-10-27 08:00:00,1.53488,1.53583,1.52822,1.53041,112033
2015-10-28 08:00:00,1.53041,1.53467,1.52483,1.52666,121147
2015-10-29 08:00:00,1.52667,1.53210,1.52418,1.53113,117775
2015-10-30 08:00:00,1.53116,1.54673,1.53085,1.54275,123272
2015-11-02 08:00:00,1.54449,1.54971,1.54037,1.54153,104735
2015-11-03 08:00:00,1.54147,1.54447,1.53589,1.54215,117346
2015-11-04 08:00:00,1.54188,1.54446,1.53603,1.53831,121916
2015-11-05 08:00:00,1.53863,1.54011,1.52048,1.52059,130891
2015-11-06 08:00:00,1.52045,1.52189,1.50268,1.50430,129309
2015-11-09 08:00:00,1.50396,1.51278,1.50381,1.51123,118567
2015-11-10 08:00:00,1.51121,1.51449,1.50909,1.51179,119436
2015-11-11 08:00:00,1.51112,1.52204,1.51112,1.52115,119142
2015-11-12 08:00:00,1.52076,1.52460,1.51735,1.52317,140332
2015-11-13 08:00:00,1.52283,1.52648,1.51870,1.52299,118994
2015-11-16 08:00:00,1.52242,1.52308,1.51809,1.51998,109325
2015-11-17 08:00:00,1.52005,1.52381,1.51540,1.52120,116843
2015-11-18 08:00:00,1.52125,1.52481,1.51873,1.52311,117914
2015-11-19 08:00:00,1.52360,1.53351,1.52271,1.52914,132315
2015-11-20 08:00:00,1.52910,1.53093,1.51822,1.51892,118798
2015-11-23 08:00:00,1.51694,1.51957,1.51086,1.51228,125896
2015-11-24 08:00:00,1.51220,1.51551,1.50530,1.50786,129238
2015-11-25 08:00:00,1.50800,1.51356,1.50556,1.51286,130618
2015-11-26 08:00:00,1.51186,1.51299,1.50654,1.51013,113892
2015-11-27 08:00:00,1.50992,1.51092,1.50294,1.50331,109561
2015-11-30 08:00:00,1.50317,1.50680,1.49932,1.50556,103607
2015-12-01 08:00:00,1.50534,1.51251,1.50501,1.50794,122016
2015-12-02 08:00:00,1.50803,1.50813,1.48945,1.49495,127463
2015-12-03 08:00:00,1.49416,1.51586,1.49040,1.51434,162013
2015-12-04 08:00:00,1.51407,1.51563,1.50773,1.51049,160409
2015-12-07 08:00:00,1.51065,1.51141,1.50441,1.50526,109142
2015-12-08 08:00:00,1.50534,1.50609,1.49562,1.50071,131245
2015-12-09 08:00:00,1.50050,1.51913,1.50040,1.51806,144230
2015-12-10 08:00:00,1.51752,1.52015,1.51105,1.51572,133041
2015-12-11 08:00:00,1.51583,1.52391,1.51249,1.52226,126796
2015-12-14 08:00:00,1.52245,1.52300,1.51070,1.51394,135733
2015-12-15 08:00:00,1.51405,1.51845,1.50288,1.50350,129933
2015-12-16 08:00:00,1.50350,1.50984,1.49588,1.49998,152539
2015-12-17 08:00:00,1.49964,1.50084,1.48645,1.48975,136514
2015-12-18 08:00:00,1.48933,1.49495,1.48851,1.48867,126414
2015-12-21 08:00:00,1.48905,1.49289,1.48770,1.48815,112885
2015-12-22 08:00:00,1.48808,1.49074,1.48050,1.48256,115406
2015-12-23 08:00:00,1.48228,1.49000,1.48181,1.48693,107451
2015-12-24 08:00:00,1.48679,1.49438,1.48441,1.49406,68809
2015-12-28 08:00:00,1.49008,1.49339,1.48735,1.48785,73994
2015-12-29 08:00:00,1.48726,1.49127,1.47851,1.48125,90393
2015-12-30 08:00:00,1.48138,1.48482,1.47922,1.48120,100134
2015-12-31 08:00:00,1.48118,1.48438,1.47313,1.47317,79502
2016-01-04 08:00:00,1.47306,1.48152,1.46626,1.47167,137540
2016-01-05 08:00:00,1.47119,1.47250,1.46374,1.46720,125023
2016-01-06 08:00:00,1.46713,1.46816,1.46016,1.46295,145273
2016-01-07 08:00:00,1.46263,1.46398,1.45327,1.46150,155114
2016-01-08 08:00:00,1.46135,1.46444,1.45056,1.45156,152092
2016-01-11 08:00:00,1.45144,1.46040,1.44909,1.45395,119108
2016-01-12 08:00:00,1.45393,1.45599,1.43516,1.44456,139239
2016-01-13 08:00:00,1.44456,1.44755,1.43796,1.44051,142231
2016-01-14 08:00:00,1.44044,1.44447,1.43596,1.44090,146084
2016-01-15 08:00:00,1.44102,1.44272,1.42511,1.42543,141735
2016-01-18 08:00:00,1.42472,1.43227,1.42365,1.42414,125373
2016-01-19 08:00:00,1.42416,1.43396,1.41287,1.41557,152307
2016-01-20 08:00:00,1.41520,1.42186,1.41248,1.41897,155487
2016-01-21 08:00:00,1.41868,1.42485,1.40790,1.42198,167066
2016-01-22 08:00:00,1.42173,1.43620,1.42041,1.42645,148346
2016-01-25 08:00:00,1.42604,1.43092,1.42232,1.42467,136384
2016-01-26 08:00:00,1.42467,1.43666,1.41727,1.43487,145815
2016-01-27 08:00:00,1.43477,1.43547,1.42295,1.42327,159506
2016-01-28 08:00:00,1.42318,1.44069,1.42315,1.43581,166445
2016-01-29 08:00:00,1.43577,1.44128,1.41490,1.42422,184565
2016-02-01 08:00:00,1.42384,1.44444,1.42276,1.44308,147851
2016-02-02 08:00:00,1.44307,1.44453,1.43256,1.44069,145056
2016-02-03 08:00:00,1.44064,1.46486,1.43832,1.46017,163777
2016-02-04 08:00:00,1.45936,1.46679,1.45292,1.45866,177912
2016-02-05 08:00:00,1.45877,1.45905,1.44515,1.45001,148273
2016-02-08 08:00:00,1.44787,1.45463,1.43507,1.44290,177956
2016-02-09 08:00:00,1.44290,1.45149,1.43777,1.44710,204021
2016-02-10 08:00:00,1.44683,1.45778,1.44397,1.45187,188717
2016-02-11 08:00:00,1.45207,1.45632,1.43823,1.44751,216125
2016-02-12 08:00:00,1.44728,1.45696,1.44425,1.44921,188502
2016-02-15 08:00:00,1.44888,1.45349,1.44126,1.44297,155034
2016-02-16 08:00:00,1.44276,1.45154,1.42753,1.43018,159060
2016-02-17 08:00:00,1.42975,1.43386,1.42348,1.42891,173420
2016-02-18 08:00:00,1.42862,1.43939,1.42561,1.43322,179051
2016-02-19 08:00:00,1.43349,1.44075,1.42464,1.44026,168990
2016-02-22 08:00:00,1.42607,1.43059,1.40569,1.41489,192004
2016-02-23 08:00:00,1.41473,1.41557,1.40071,1.40191,179716
2016-02-24 08:00:00,1.40172,1.40269,1.38779,1.39231,190464
2016-02-25 08:00:00,1.39239,1.39959,1.38994,1.39595,168087
2016-02-26 08:00:00,1.39613,1.40421,1.38534,1.38594,175115
2016-02-29 08:00:00,1.38557,1.39458,1.38351,1.39122,174425
2016-03-01 08:00:00,1.39123,1.40184,1.39037,1.39507,182198
2016-03-02 08:00:00,1.39523,1.40927,1.39141,1.40785,179259
2016-03-03 08:00:00,1.40753,1.41935,1.40322,1.41732,181687
2016-03-04 08:00:00,1.41735,1.42479,1.41075,1.42293,176437
2016-03-07 08:00:00,1.42148,1.42833,1.41336,1.42620,141513
2016-03-08 08:00:00,1.42607,1.42748,1.41728,1.42143,140878
2016-03-09 08:00:00,1.42116,1.42404,1.41769,1.42134,139445
2016-03-10 08:00:00,1.42151,1.43166,1.41173,1.42803,163358
2016-03-11 08:00:00,1.42818,1.44361,1.42536,1.43791,134849
2016-03-14 08:00:00,1.43730,1.43887,1.42923,1.42985,121056
2016-03-15 08:00:00,1.42997,1.43045,1.41363,1.41512,136080
2016-03-16 08:00:00,1.41512,1.42737,1.40526,1.42498,159577
2016-03-17 08:00:00,1.42497,1.45028,1.42209,1.44731,155009
2016-03-18 08:00:00,1.44751,1.45139,1.44097,1.44697,114163
2016-03-21 08:00:00,1.44595,1.44673,1.43650,1.43681,118180
2016-03-22 08:00:00,1.43686,1.43969,1.41898,1.42126,135094
2016-03-23 08:00:00,1.42131,1.42270,1.40817,1.41171,116166
2016-03-24 08:00:00,1.41169,1.41822,1.40567,1.41521,118134
2016-03-25 08:00:00,1.41521,1.41569,1.41087,1.41238,32101
2016-03-28 08:00:00,1.41300,1.42828,1.41197,1.42509,64943
2016-03-29 08:00:00,1.42517,1.44035,1.41941,1.43826,153036
2016-03-30 08:00:00,1.43768,1.44586,1.43602,1.43776,164077
2016-03-31 08:00:00,1.43739,1.44256,1.43254,1.43613,151476
2016-04-01 08:00:00,1.43584,1.43708,1.41703,1.42255,160043
2016-04-04 08:00:00,1.42182,1.43211,1.41904,1.42619,135473
2016-04-05 08:00:00,1.42564,1.42783,1.41211,1.41579,142711
2016-04-06 08:00:00,1.41567,1.41707,1.40047,1.41193,160172
2016-04-07 08:00:00,1.41191,1.41564,1.40484,1.40538,170416
2016-04-08 08:00:00,1.40541,1.41404,1.40400,1.41139,137690
2016-04-11 08:00:00,1.41137,1.42860,1.41048,1.42379,140036
2016-04-12 08:00:00,1.42341,1.43477,1.41958,1.42721,159586
2016-04-13 08:00:00,1.42722,1.42786,1.41924,1.42011,160744
2016-04-14 08:00:00,1.42011,1.42070,1.40899,1.41499,138080
2016-04-15 08:00:00,1.41487,1.42415,1.41323,1.41981,119603
2016-04-18 08:00:00,1.41890,1.42902,1.41306,1.42746,121303
2016-04-19 08:00:00,1.42739,1.44186,1.42702,1.43961,138771
2016-04-20 08:00:00,1.43882,1.44102,1.43295,1.43308,152296
2016-04-21 08:00:00,1.43252,1.44395,1.42989,1.43214,154516
2016-04-22 08:00:00,1.43202,1.44512,1.43140,1.43955,146006
2016-04-25 08:00:00,1.44579,1.45189,1.44023,1.44788,147798
2016-04-26 08:00:00,1.44780,1.46382,1.44780,1.45785,150908
2016-04-27 08:00:00,1.45783,1.46212,1.44731,1.45390,156317
2016-04-28 08:00:00,1.45393,1.46225,1.45225,1.46059,157435
2016-04-29 08:00:00,1.46059,1.46706,1.45760,1.46102,163948
2016-05-02 08:00:00,1.45863,1.46957,1.45835,1.46718,138897
2016-05-03 08:00:00,1.46718,1.47691,1.45286,1.45342,181378
2016-05-04 08:00:00,1.45320,1.45711,1.44610,1.44919,164158
2016-05-05 08:00:00,1.44877,1.45287,1.44435,1.44842,139253
2016-05-06 08:00:00,1.44808,1.45460,1.44144,1.44247,146328
2016-05-09 08:00:00,1.44121,1.44795,1.43738,1.44072,136970
2016-05-10 08:00:00,1.44025,1.44775,1.43884,1.44420,135008
2016-05-11 08:00:00,1.44412,1.44875,1.43941,1.44446,119868
2016-05-12 08:00:00,1.44443,1.45304,1.44056,1.44496,133882
2016-05-13 08:00:00,1.44459,1.44544,1.43398,1.43584,141503
2016-05-16 08:00:00,1.43468,1.44142,1.43318,1.44009,111859
2016-05-17 08:00:00,1.43978,1.45235,1.43964,1.44596,139486
2016-05-18 08:00:00,1.44546,1.46340,1.44029,1.45973,162918
2016-05-19 08:00:00,1.45948,1.46631,1.45614,1.46093,158754
2016-05-20 08:00:00,1.46078,1.46125,1.44854,1.45037,129472
2016-05-23 08:00:00,1.44975,1.45484,1.44417,1.44818,132405
2016-05-24 08:00:00,1.44785,1.46414,1.44734,1.46316,146380
2016-05-25 08:00:00,1.46325,1.47285,1.46002,1.46971,144454
2016-05-26 08:00:00,1.46937,1.47391,1.46395,1.46688,140667
2016-05-27 08:00:00,1.46675,1.46882,1.46043,1.46182,134059
2016-05-30 08:00:00,1.46060,1.46411,1.45869,1.46384,98383
2016-05-31 08:00:00,1.46397,1.47241,1.44644,1.44792,162903
2016-06-01 08:00:00,1.44756,1.45072,1.43855,1.44133,163912
2016-06-02 08:00:00,1.44139,1.44723,1.44057,1.44219,144984
2016-06-03 08:00:00,1.44182,1.45813,1.43984,1.45140,154836
2016-06-06 08:00:00,1.44670,1.44815,1.43515,1.44379,164261
2016-06-07 08:00:00,1.44396,1.46593,1.44336,1.45425,140972
2016-06-08 08:00:00,1.45368,1.45999,1.44999,1.45032,139057
2016-06-09 08:00:00,1.45026,1.45265,1.44463,1.44531,138991
2016-06-10 08:00:00,1.44506,1.44719,1.41793,1.42512,142984
2016-06-13 08:00:00,1.42556,1.43276,1.41145,1.42672,178173
2016-06-14 08:00:00,1.42570,1.42618,1.40902,1.41087,160911
2016-06-15 08:00:00,1.41061,1.42172,1.40894,1.42044,150827
2016-06-16 08:00:00,1.42038,1.42532,1.40122,1.42004,170419
2016-06-17 08:00:00,1.42010,1.43872,1.41965,1.43558,157686
2016-06-20 08:00:00,1.44657,1.47192,1.44336,1.46833,167137
2016-06-21 08:00:00,1.46833,1.47828,1.46158,1.46533,162176
2016-06-22 08:00:00,1.46474,1.47733,1.46408,1.47006,150858
2016-06-23 08:00:00,1.47054,1.49460,1.46975,1.48705,187155
2016-06-24 08:00:00,1.48660,1.50171,1.32290,1.36303,285186
2016-06-27 08:00:00,1.34226,1.34834,1.31197,1.32250,206428
2016-06-28 08:00:00,1.32244,1.34181,1.32013,1.33397,145296
2016-06-29 08:00:00,1.33394,1.35329,1.32861,1.34294,150574
2016-06-30 08:00:00,1.33855,1.34961,1.32051,1.33091,172988
2016-07-01 08:00:00,1.33017,1.33489,1.32435,1.32600,128561
2016-07-04 08:00:00,1.32403,1.33402,1.32348,1.32854,104318
2016-07-05 08:00:00,1.32810,1.32892,1.29992,1.30200,147640
2016-07-06 08:00:00,1.30192,1.30266,1.27950,1.29293,178930
2016-07-07 08:00:00,1.29206,1.30466,1.28748,1.29040,154020
2016-07-08 08:00:00,1.29023,1.30177,1.28796,1.29444,140871
2016-07-11 08:00:00,1.29448,1.30175,1.28499,1.29969,127511
2016-07-12 08:00:00,1.29824,1.32946,1.29715,1.32445,180774
2016-07-13 08:00:00,1.32440,1.33363,1.31329,1.31464,178768
2016-07-14 08:00:00,1.31422,1.34760,1.31044,1.33406,188215
2016-07-15 08:00:00,1.33384,1.34801,1.31312,1.31857,172645
2016-07-18 08:00:00,1.31857,1.33144,1.31823,1.32538,147038
2016-07-19 08:00:00,1.32512,1.32741,1.30732,1.31069,139332
2016-07-20 08:00:00,1.31093,1.32264,1.30641,1.32012,132084
2016-07-21 08:00:00,1.31987,1.32744,1.31547,1.32308,153117
2016-07-22 08:00:00,1.32175,1.32904,1.30784,1.31086,154037
2016-07-25 08:00:00,1.31413,1.31641,1.30944,1.31388,118478
2016-07-26 08:00:00,1.31344,1.31749,1.30564,1.31289,109482
2016-07-27 08:00:00,1.31188,1.32342,1.30709,1.32239,120123
2016-07-28 08:00:00,1.32192,1.32473,1.31165,1.31626,109214
2016-07-29 08:00:00,1.31590,1.33011,1.31476,1.32224,119498
2016-08-01 08:00:00,1.32190,1.32716,1.31619,1.31754,106799
2016-08-02 08:00:00,1.31730,1.33650,1.31711,1.33534,118226
2016-08-03 08:00:00,1.33476,1.33712,1.32799,1.33229,112472
2016-08-04 08:00:00,1.33237,1.33457,1.31020,1.31054,128470
2016-08-05 08:00:00,1.30967,1.31744,1.30206,1.30646,112306
2016-08-08 08:00:00,1.30711,1.30960,1.30270,1.30413,90689
2016-08-09 08:00:00,1.30382,1.30472,1.29550,1.30009,99658
2016-08-10 08:00:00,1.30010,1.30932,1.29904,1.30054,107743
2016-08-11 08:00:00,1.30054,1.30272,1.29353,1.29544,106121
2016-08-12 08:00:00,1.29512,1.30342,1.29023,1.29167,102626
2016-08-15 08:00:00,1.29195,1.29443,1.28650,1.28803,84311
2016-08-16 08:00:00,1.28759,1.30506,1.28743,1.30441,123898
2016-08-17 08:00:00,1.30408,1.30853,1.29749,1.30394,115899
2016-08-18 08:00:00,1.30378,1.31720,1.30310,1.31660,119060
2016-08-19 08:00:00,1.31662,1.31843,1.30222,1.30723,108980
2016-08-22 08:00:00,1.30478,1.31566,1.30338,1.31356,107919
2016-08-23 08:00:00,1.31341,1.32099,1.31279,1.31962,104834
2016-08-24 08:00:00,1.31909,1.32724,1.31606,1.32304,108098
2016-08-25 08:00:00,1.32303,1.32631,1.31683,1.31892,89063
2016-08-26 08:00:00,1.31874,1.32786,1.31214,1.31270,124123
2016-08-29 08:00:00,1.31183,1.31384,1.30590,1.31029,90251
2016-08-30 08:00:00,1.31010,1.31193,1.30586,1.30793,110705
2016-08-31 08:00:00,1.30725,1.31574,1.30655,1.31369,115377
2016-09-01 08:00:00,1.31398,1.33173,1.31273,1.32665,119276
2016-09-02 08:00:00,1.32583,1.33518,1.32461,1.32895,123514
2016-09-05 08:00:00,1.32921,1.33750,1.32874,1.33005,86904
2016-09-06 08:00:00,1.32939,1.34445,1.32939,1.34408,114531
2016-09-07 08:00:00,1.34295,1.34380,1.33185,1.33385,118077
2016-09-08 08:00:00,1.33311,1.33748,1.32829,1.32919,118810
2016-09-09 08:00:00,1.32902,1.33355,1.32386,1.32637,111263
2016-09-12 08:00:00,1.32610,1.33465,1.32343,1.33349,112820
2016-09-13 08:00:00,1.33317,1.33404,1.31668,1.31904,139512
2016-09-14 08:00:00,1.31690,1.32397,1.31377,1.32329,125413
2016-09-15 08:00:00,1.32249,1.32787,1.31788,1.32382,139405
2016-09-16 08:00:00,1.32352,1.32469,1.29955,1.29955,117303
2016-09-19 08:00:00,1.29988,1.30906,1.29911,1.30273,111760
2016-09-20 08:00:00,1.30248,1.30642,1.29465,1.29865,124247
2016-09-21 08:00:00,1.29870,1.30463,1.29441,1.30315,143154
2016-09-22 08:00:00,1.30252,1.31204,1.30249,1.30738,123639
2016-09-23 08:00:00,1.30736,1.30868,1.29145,1.29594,127715
2016-09-26 08:00:00,1.29637,1.29859,1.29156,1.29727,100741
2016-09-27 08:00:00,1.29736,1.30261,1.29361,1.30201,121015
2016-09-28 08:00:00,1.30216,1.30311,1.29791,1.30148,122725
2016-09-29 08:00:00,1.30154,1.30574,1.29536,1.29664,138617
2016-09-30 08:00:00,1.29640,1.30222,1.29359,1.29735,152192
2016-10-03 08:00:00,1.29171,1.29459,1.28168,1.28386,124209
2016-10-04 08:00:00,1.28380,1.28596,1.27186,1.27271,150775
2016-10-05 08:00:00,1.27227,1.27708,1.26848,1.27460,130299
2016-10-06 08:00:00,1.27458,1.27593,1.26013,1.26143,135491
2016-10-07 08:00:00,1.26133,1.26216,1.14754,1.24235,233317
2016-10-10 08:00:00,1.23946,1.24434,1.23440,1.23609,131688
2016-10-11 08:00:00,1.23611,1.23725,1.20892,1.21244,178729
2016-10-12 08:00:00,1.21215,1.23243,1.21044,1.22037,192916
2016-10-13 08:00:00,1.22037,1.22717,1.21321,1.22504,142166
2016-10-14 08:00:00,1.22519,1.22608,1.21674,1.21680,144630
2016-10-17 08:00:00,1.21559,1.22010,1.21350,1.21814,115132
2016-10-18 08:00:00,1.21782,1.23244,1.21756,1.22961,127467
2016-10-19 08:00:00,1.22930,1.23318,1.22533,1.22862,116894
2016-10-20 08:00:00,1.22860,1.22976,1.22093,1.22511,116168
2016-10-21 08:00:00,1.22502,1.22599,1.21706,1.22270,101622
2016-10-24 08:00:00,1.22197,1.22487,1.21851,1.22355,89090
2016-10-25 08:00:00,1.22365,1.22429,1.20817,1.21890,128087
2016-10-26 08:00:00,1.21822,1.22487,1.21560,1.22456,107116
2016-10-27 08:00:00,1.22432,1.22708,1.21485,1.21589,135810
2016-10-28 08:00:00,1.21567,1.22121,1.21133,1.21686,157610
2016-10-31 08:00:00,1.21868,1.22487,1.21431,1.22381,137717
2016-11-01 08:00:00,1.22383,1.22803,1.22052,1.22427,127613
2016-11-02 08:00:00,1.22425,1.23532,1.22197,1.23012,136336
2016-11-03 08:00:00,1.23003,1.24939,1.22964,1.24637,151861
2016-11-04 08:00:00,1.24632,1.25568,1.24485,1.25090,124563
2016-11-07 08:00:00,1.24558,1.24967,1.23785,1.23964,121030
2016-11-08 08:00:00,1.23902,1.24392,1.23604,1.23829,118130
2016-11-09 08:00:00,1.23799,1.25466,1.23525,1.24042,250885
2016-11-10 08:00:00,1.24056,1.25839,1.23768,1.25507,174762
2016-11-11 08:00:00,1.25444,1.26730,1.25249,1.25773,165986
2016-11-14 08:00:00,1.25603,1.25898,1.24435,1.24851,161550
2016-11-15 08:00:00,1.24870,1.25286,1.23793,1.24539,162481
2016-11-16 08:00:00,1.24538,1.25018,1.24093,1.24395,156855
2016-11-17 08:00:00,1.24450,1.25044,1.24077,1.24163,161259
2016-11-18 08:00:00,1.24160,1.24358,1.23015,1.23337,180090
2016-11-21 08:00:00,1.23419,1.25112,1.23118,1.24876,188018
2016-11-22 08:00:00,1.24882,1.25120,1.23840,1.24219,169504
2016-11-23 08:00:00,1.24136,1.24681,1.23598,1.24336,149102
2016-11-24 08:00:00,1.24288,1.24941,1.24014,1.24464,147933
2016-11-25 08:00:00,1.24454,1.24810,1.24151,1.24673,150978
2016-11-28 08:00:00,1.24555,1.25309,1.23851,1.24147,139539
2016-11-29 08:00:00,1.24026,1.25251,1.23875,1.24888,133224
2016-11-30 08:00:00,1.24863,1.25228,1.24187,1.25041,148103
2016-12-01 08:00:00,1.25031,1.26954,1.25005,1.25874,134978
2016-12-02 08:00:00,1.25899,1.27362,1.25695,1.27203,117065
2016-12-05 08:00:00,1.26776,1.27440,1.26243,1.27273,139485
2016-12-06 08:00:00,1.27274,1.27742,1.26557,1.26751,97972
2016-12-07 08:00:00,1.26690,1.26820,1.25694,1.26247,89397
2016-12-08 08:00:00,1.26217,1.27041,1.25478,1.25817,119995
2016-12-09 08:00:00,1.25745,1.26202,1.25518,1.25656,94914
2016-12-12 08:00:00,1.25783,1.26994,1.25661,1.26732,96778
2016-12-13 08:00:00,1.26761,1.27275,1.26529,1.26553,114243
2016-12-14 08:00:00,1.26570,1.27221,1.25294,1.25636,127656
2016-12-15 08:00:00,1.25552,1.25673,1.23758,1.24167,165511
2016-12-16 08:00:00,1.24122,1.25093,1.23822,1.24847,141160
2016-12-19 08:00:00,1.24754,1.25014,1.23544,1.23937,122796
2016-12-20 08:00:00,1.23982,1.24141,1.23122,1.23665,115944
2016-12-21 08:00:00,1.23591,1.23902,1.23232,1.23503,101364
2016-12-22 08:00:00,1.23493,1.23777,1.22763,1.22811,101896
2016-12-23 08:00:00,1.22808,1.22982,1.22282,1.22501,83642
2016-12-26 08:00:00,1.22818,1.22963,1.19594,1.22783,6721
2016-12-27 08:00:00,1.22747,1.22861,1.22401,1.22681,79135
2016-12-28 08:00:00,1.22609,1.22964,1.22000,1.22232,91707
2016-12-29 08:00:00,1.22197,1.22740,1.22077,1.22590,114472
2016-12-30 08:00:00,1.22569,1.23877,1.22448,1.23245,143008
2017-01-02 08:00:00,1.23260,1.23539,1.22627,1.22736,45965
2017-01-03 08:00:00,1.22672,1.23064,1.21988,1.22352,128054
2017-01-04 08:00:00,1.22295,1.23524,1.22204,1.23212,132832
2017-01-05 08:00:00,1.23180,1.24318,1.22695,1.24140,172773
2017-01-06 08:00:00,1.24084,1.24301,1.22606,1.22799,137117
2017-01-09 08:00:00,1.22484,1.22702,1.21237,1.21570,128673
2017-01-10 08:00:00,1.21570,1.21898,1.21067,1.21756,140449
2017-01-11 08:00:00,1.21729,1.22715,1.20374,1.22116,171672
2017-01-12 08:00:00,1.22022,1.23160,1.21517,1.21597,166604
2017-01-13 08:00:00,1.21536,1.22324,1.21203,1.21713,136762
2017-01-16 08:00:00,1.19905,1.20850,1.19864,1.20416,144547
2017-01-17 08:00:00,1.20415,1.24151,1.20164,1.24125,186319
2017-01-18 08:00:00,1.24086,1.24128,1.22534,1.22574,160682
2017-01-19 08:00:00,1.22573,1.23431,1.22491,1.23403,172537
2017-01-20 08:00:00,1.23380,1.23801,1.22601,1.23701,167700
2017-01-23 08:00:00,1.23717,1.25373,1.23684,1.25331,151194
2017-01-24 08:00:00,1.25331,1.25444,1.24179,1.25188,157457
2017-01-25 08:00:00,1.25188,1.26382,1.24906,1.26291,154321
2017-01-26 08:00:00,1.26330,1.26731,1.25560,1.25889,162377
2017-01-27 08:00:00,1.25902,1.26050,1.25160,1.25448,139211
2017-01-30 08:00:00,1.25768,1.26000,1.24653,1.24838,132345
2017-01-31 08:00:00,1.24781,1.25960,1.24118,1.25753,163129
2017-02-01 08:00:00,1.25778,1.26790,1.25422,1.26543,154970
2017-02-02 08:00:00,1.26543,1.27057,1.25176,1.25243,153586
2017-02-03 08:00:00,1.25206,1.25376,1.24586,1.24774,143327
2017-02-06 08:00:00,1.24838,1.24982,1.24269,1.24625,126032
2017-02-07 08:00:00,1.24673,1.25460,1.23463,1.25060,146924
2017-02-08 08:00:00,1.25059,1.25490,1.24743,1.25392,139897
2017-02-09 08:00:00,1.25392,1.25817,1.24907,1.24936,132379
2017-02-10 08:00:00,1.24928,1.25206,1.24393,1.24773,130673
2017-02-13 08:00:00,1.24655,1.25391,1.24596,1.25234,121929
2017-02-14 08:00:00,1.25210,1.25477,1.24431,1.24655,146999
2017-02-15 08:00:00,1.24650,1.24803,1.23825,1.24573,144065
2017-02-16 08:00:00,1.24573,1.25232,1.24532,1.24876,128554
2017-02-17 08:00:00,1.24812,1.25105,1.23874,1.24017,120802
2017-02-20 08:00:00,1.24014,1.24822,1.24014,1.24568,105367
2017-02-21 08:00:00,1.24567,1.24803,1.24009,1.24717,126349
2017-02-22 08:00:00,1.24699,1.25076,1.24169,1.24490,136967
2017-02-23 08:00:00,1.24421,1.25612,1.24270,1.25539,120626
2017-02-24 08:00:00,1.25512,1.25692,1.24466,1.24493,115889
2017-02-27 08:00:00,1.24672,1.24784,1.23834,1.24419,125639
2017-02-28 08:00:00,1.24408,1.24703,1.23742,1.23805,114937
2017-03-01 08:00:00,1.23745,1.24041,1.22793,1.22928,133843
2017-03-02 08:00:00,1.22860,1.23071,1.22421,1.22697,116615
2017-03-03 08:00:00,1.22654,1.23001,1.22137,1.22857,128493
2017-03-06 08:00:00,1.22787,1.23001,1.22237,1.22343,114180
2017-03-07 08:00:00,1.22343,1.22523,1.21687,1.21975,115714
2017-03-08 08:00:00,1.21962,1.22134,1.21386,1.21649,119636
2017-03-09 08:00:00,1.21645,1.21950,1.21333,1.21637,145435
2017-03-10 08:00:00,1.21640,1.21881,1.21345,1.21527,134895
2017-03-13 08:00:00,1.21690,1.22505,1.21559,1.22173,132538
2017-03-14 08:00:00,1.22179,1.22207,1.21087,1.21537,122299
2017-03-15 08:00:00,1.21540,1.23087,1.21465,1.22858,139737
2017-03-16 08:00:00,1.22862,1.23764,1.22407,1.23584,152188
2017-03-17 08:00:00,1.23581,1.24044,1.23235,1.23893,119665
2017-03-20 08:00:00,1.23882,1.24353,1.23345,1.23569,111454
2017-03-21 08:00:00,1.23567,1.24940,1.23400,1.24696,133277
2017-03-22 08:00:00,1.24740,1.25056,1.24224,1.24774,129854
2017-03-23 08:00:00,1.24775,1.25307,1.24625,1.25162,120367
2017-03-24 08:00:00,1.25162,1.25198,1.24595,1.24595,102501
2017-03-27 08:00:00,1.24895,1.26148,1.24867,1.25560,118542
2017-03-28 08:00:00,1.25527,1.25960,1.24406,1.24544,111860
2017-03-29 08:00:00,1.24425,1.24760,1.23761,1.24320,132349
2017-03-30 08:00:00,1.24297,1.25240,1.24023,1.24673,111673
2017-03-31 08:00:00,1.24667,1.25574,1.24328,1.25342,126665
2017-04-03 08:00:00,1.25420,1.25554,1.24651,1.24837,111885
2017-04-04 08:00:00,1.24796,1.24950,1.24184,1.24381,108879
2017-04-05 08:00:00,1.24368,1.24978,1.24224,1.24815,114098
2017-04-06 08:00:00,1.24808,1.25053,1.24496,1.24678,95051
2017-04-07 08:00:00,1.24677,1.24772,1.23581,1.23597,121493
2017-04-10 08:00:00,1.23776,1.24287,1.23654,1.24112,88107
2017-04-11 08:00:00,1.24082,1.24944,1.24029,1.24894,103290
2017-04-12 08:00:00,1.24877,1.25478,1.24794,1.25358,124655
2017-04-13 08:00:00,1.25331,1.25737,1.24995,1.25014,115834
2017-04-14 08:00:00,1.25075,1.25343,1.24971,1.25162,78285
2017-04-17 08:00:00,1.25285,1.25957,1.25228,1.25618,80015
2017-04-18 08:00:00,1.25619,1.29048,1.25147,1.28395,144759
2017-04-19 08:00:00,1.28374,1.28598,1.27694,1.27765,127207
2017-04-20 08:00:00,1.27765,1.28465,1.27711,1.28115,114232
2017-04-21 08:00:00,1.28114,1.28341,1.27556,1.27992,101586
2017-04-24 08:00:00,1.28216,1.28364,1.27715,1.27940,118670
2017-04-25 08:00:00,1.27937,1.28453,1.27745,1.28401,108483
2017-04-26 08:00:00,1.28401,1.28632,1.28044,1.28470,116706
2017-04-27 08:00:00,1.28452,1.29171,1.28383,1.29026,118320
2017-04-28 08:00:00,1.29018,1.29647,1.28881,1.29246,120173
2017-05-01 08:00:00,1.29321,1.29423,1.28818,1.28852,72387
2017-05-02 08:00:00,1.28839,1.29391,1.28636,1.29387,95449
2017-05-03 08:00:00,1.29343,1.29471,1.28652,1.28655,107012
2017-05-04 08:00:00,1.28646,1.29324,1.28302,1.29199,112970
2017-05-05 08:00:00,1.29195,1.29835,1.28996,1.29748,123060
2017-05-08 08:00:00,1.29825,1.29879,1.29293,1.29360,119637
2017-05-09 08:00:00,1.29361,1.29602,1.29022,1.29313,122892
2017-05-10 08:00:00,1.29303,1.29874,1.29261,1.29372,122660
2017-05-11 08:00:00,1.29372,1.29483,1.28488,1.28864,122701
2017-05-12 08:00:00,1.28846,1.28996,1.28440,1.28779,111835
2017-05-15 08:00:00,1.28818,1.29404,1.28808,1.28921,115478
2017-05-16 08:00:00,1.28917,1.29568,1.28648,1.29152,125912
2017-05-17 08:00:00,1.29152,1.29900,1.29055,1.29687,136735
2017-05-18 08:00:00,1.29686,1.30470,1.28877,1.29345,158527
2017-05-19 08:00:00,1.29330,1.30395,1.29141,1.30215,108345
2017-05-22 08:00:00,1.29932,1.30423,1.29649,1.29995,111876
2017-05-23 08:00:00,1.29985,1.30332,1.29523,1.29600,123913
2017-05-24 08:00:00,1.29600,1.29985,1.29264,1.29722,111922
2017-05-25 08:00:00,1.29723,1.30144,1.29311,1.29402,103853
2017-05-26 08:00:00,1.29398,1.29466,1.27746,1.27878,117167
2017-05-29 08:00:00,1.27931,1.28498,1.27931,1.28374,70040
2017-05-30 08:00:00,1.28372,1.28878,1.27934,1.28566,101811
2017-05-31 08:00:00,1.28566,1.29204,1.27684,1.28878,124620
2017-06-01 08:00:00,1.28878,1.29152,1.28294,1.28789,112290
2017-06-02 08:00:00,1.28789,1.29031,1.28453,1.28813,102841
2017-06-05 08:00:00,1.28551,1.29405,1.28551,1.29030,77881
2017-06-06 08:00:00,1.29019,1.29491,1.28714,1.29115,89503
2017-06-07 08:00:00,1.29054,1.29674,1.28870,1.29601,102882
2017-06-08 08:00:00,1.29601,1.29770,1.29075,1.29495,103061
2017-06-09 08:00:00,1.27660,1.28272,1.26348,1.27130,167284
2017-06-12 08:00:00,1.27091,1.27690,1.26380,1.26575,93809
2017-06-13 08:00:00,1.26533,1.27563,1.26413,1.27519,91305
2017-06-14 08:00:00,1.27473,1.28173,1.27229,1.27501,122657
2017-06-15 08:00:00,1.27525,1.27950,1.26899,1.27545,105955
2017-06-16 08:00:00,1.27496,1.28052,1.27493,1.27768,84101
2017-06-19 08:00:00,1.27700,1.28141,1.27230,1.27364,83192
2017-06-20 08:00:00,1.27364,1.27577,1.26025,1.26255,94070
2017-06-21 08:00:00,1.26255,1.27095,1.25885,1.26712,90245
2017-06-22 08:00:00,1.26712,1.26909,1.26532,1.26811,84096
2017-06-23 08:00:00,1.26797,1.27438,1.26746,1.27160,79439
2017-06-26 08:00:00,1.27347,1.27592,1.27056,1.27217,73151
2017-06-27 08:00:00,1.27185,1.28604,1.27157,1.28114,91285
2017-06-28 08:00:00,1.28141,1.29721,1.27934,1.29248,118287
2017-06-29 08:00:00,1.29243,1.30148,1.29231,1.30026,95737
2017-06-30 08:00:00,1.30026,1.30293,1.29443,1.30222,91470
2017-07-03 08:00:00,1.30044,1.30239,1.29314,1.29380,82179
2017-07-04 08:00:00,1.29346,1.29582,1.29119,1.29185,90997
2017-07-05 08:00:00,1.29130,1.29475,1.28929,1.29324,87173
2017-07-06 08:00:00,1.29314,1.29836,1.29193,1.29705,84501
2017-07-07 08:00:00,1.29639,1.29743,1.28664,1.28895,86599
2017-07-10 08:00:00,1.28808,1.29076,1.28541,1.28784,62339
2017-07-11 08:00:00,1.28741,1.29268,1.28304,1.28469,76064
2017-07-12 08:00:00,1.28372,1.29071,1.28113,1.28835,100283
2017-07-13 08:00:00,1.28811,1.29548,1.28797,1.29410,90024
2017-07-14 08:00:00,1.29362,1.31131,1.29347,1.30959,85698
2017-07-17 08:00:00,1.30960,1.31121,1.30460,1.30570,86654
2017-07-18 08:00:00,1.30519,1.31251,1.30043,1.30397,109578
2017-07-19 08:00:00,1.30395,1.30523,1.30098,1.30218,84687
2017-07-20 08:00:00,1.30183,1.30325,1.29323,1.29716,113672
2017-07-21 08:00:00,1.29728,1.30192,1.29529,1.29931,90037
2017-07-24 08:00:00,1.29865,1.30575,1.29865,1.30285,82728
2017-07-25 08:00:00,1.30285,1.30833,1.30070,1.30258,89275
2017-07-26 08:00:00,1.30268,1.31201,1.29988,1.31049,103683
2017-07-27 08:00:00,1.31049,1.31581,1.30513,1.30624,118752
2017-07-28 08:00:00,1.30629,1.31517,1.30612,1.31335,101569
2017-07-31 08:00:00,1.31254,1.32114,1.30967,1.32103,91238
2017-08-01 08:00:00,1.32100,1.32443,1.31901,1.32047,92525
2017-08-02 08:00:00,1.32055,1.32503,1.31905,1.32232,86315
2017-08-03 08:00:00,1.32212,1.32677,1.31117,1.31396,102963
2017-08-04 08:00:00,1.31358,1.31637,1.30233,1.30351,88459
2017-08-07 08:00:00,1.30343,1.30583,1.30133,1.30339,77485
2017-08-08 08:00:00,1.30327,1.30528,1.29519,1.29918,77906
2017-08-09 08:00:00,1.29883,1.30280,1.29677,1.30058,89884
2017-08-10 08:00:00,1.30061,1.30146,1.29508,1.29753,93585
2017-08-11 08:00:00,1.29759,1.30307,1.29389,1.30069,95028
2017-08-14 08:00:00,1.29906,1.30212,1.29559,1.29627,78093
2017-08-15 08:00:00,1.29627,1.29699,1.28456,1.28694,86023
2017-08-16 08:00:00,1.28670,1.29025,1.28409,1.28902,90838
2017-08-17 08:00:00,1.28904,1.29084,1.28519,1.28665,95446
2017-08-18 08:00:00,1.28675,1.29171,1.28311,1.28646,86224
2017-08-21 08:00:00,1.28542,1.29159,1.28497,1.28972,63075
2017-08-22 08:00:00,1.28982,1.29084,1.28103,1.28195,66616
2017-08-23 08:00:00,1.28213,1.28328,1.27792,1.28004,75963
2017-08-24 08:00:00,1.27962,1.28361,1.27736,1.27991,70199
2017-08-25 08:00:00,1.27988,1.28885,1.27935,1.28717,97786
2017-08-28 08:00:00,1.29189,1.29420,1.28730,1.29323,65520
2017-08-29 08:00:00,1.29302,1.29779,1.29143,1.29224,96766
2017-08-30 08:00:00,1.29172,1.29374,1.28779,1.29187,82357
2017-08-31 08:00:00,1.29207,1.29343,1.28517,1.29286,84027
2017-09-01 08:00:00,1.29222,1.29951,1.29048,1.29552,88198
2017-09-04 08:00:00,1.29506,1.29658,1.29120,1.29253,76407
2017-09-05 08:00:00,1.29253,1.30421,1.29082,1.30295,100504
2017-09-06 08:00:00,1.30280,1.30815,1.30178,1.30454,94067
2017-09-07 08:00:00,1.30454,1.31150,1.30321,1.30978,105658
2017-09-08 08:00:00,1.30978,1.32238,1.30935,1.32095,100072
2017-09-11 08:00:00,1.31857,1.32219,1.31604,1.31656,77622
2017-09-12 08:00:00,1.31621,1.32979,1.31589,1.32823,117100
2017-09-13 08:00:00,1.32823,1.33288,1.31833,1.32068,101471
2017-09-14 08:00:00,1.32068,1.34052,1.31487,1.33945,126060
2017-09-15 08:00:00,1.33945,1.36168,1.33808,1.35512,128343
2017-09-18 08:00:00,1.35577,1.36182,1.34646,1.34936,110886
2017-09-19 08:00:00,1.34936,1.35517,1.34682,1.34858,118521
2017-09-20 08:00:00,1.34858,1.36559,1.34517,1.34936,141721
2017-09-21 08:00:00,1.34936,1.35866,1.34705,1.35754,126431
2017-09-22 08:00:00,1.35754,1.35959,1.34499,1.34917,127723
2017-09-25 08:00:00,1.34857,1.35705,1.34306,1.34624,121945
2017-09-26 08:00:00,1.34624,1.35140,1.34092,1.34573,133792
2017-09-27 08:00:00,1.34574,1.34603,1.33634,1.33843,154084
2017-09-28 08:00:00,1.33843,1.34553,1.33425,1.34384,102526
2017-09-29 08:00:00,1.34382,1.34426,1.33496,1.33966,95255
2017-10-02 08:00:00,1.33693,1.34019,1.32561,1.32709,91594
2017-10-03 08:00:00,1.32709,1.32877,1.32220,1.32356,91236
2017-10-04 08:00:00,1.32356,1.32916,1.32333,1.32476,82226
2017-10-05 08:00:00,1.32476,1.32498,1.31076,1.31187,87405
2017-10-06 08:00:00,1.31187,1.31204,1.30270,1.30639,92342
2017-10-09 08:00:00,1.30865,1.31838,1.30747,1.31401,64602
2017-10-10 08:00:00,1.31401,1.32257,1.31307,1.32029,76094
2017-10-11 08:00:00,1.32029,1.32345,1.31752,1.32222,70600
2017-10-12 08:00:00,1.32223,1.32902,1.31211,1.32601,94663
2017-10-13 08:00:00,1.32601,1.33376,1.32477,1.32775,92110
2017-10-16 08:00:00,1.32874,1.33115,1.32252,1.32486,67156
2017-10-17 08:00:00,1.32490,1.32873,1.31544,1.31888,83647
2017-10-18 08:00:00,1.31888,1.32113,1.31397,1.32047,83133
2017-10-19 08:00:00,1.32047,1.32284,1.31301,1.31552,87710
2017-10-20 08:00:00,1.31552,1.32005,1.30876,1.31848,93161
2017-10-23 08:00:00,1.31853,1.32271,1.31574,1.31965,68973
2017-10-24 08:00:00,1.31963,1.32277,1.31131,1.31255,76658
2017-10-25 08:00:00,1.31255,1.32714,1.31100,1.32541,92155
2017-10-26 08:00:00,1.32541,1.32792,1.31465,1.31591,75681
2017-10-27 08:00:00,1.31601,1.32626,1.30695,1.31281,78555
2017-10-30 08:00:00,1.31084,1.32150,1.31084,1.32074,59657
2017-10-31 08:00:00,1.32082,1.32884,1.31914,1.32823,64558
2017-11-01 08:00:00,1.32817,1.33206,1.32404,1.32425,76585
2017-11-02 08:00:00,1.32427,1.32988,1.30427,1.30571,85886
2017-11-03 08:00:00,1.30571,1.31312,1.30392,1.30740,75111
2017-11-06 08:00:00,1.30685,1.31746,1.30583,1.31693,65752
2017-11-07 08:00:00,1.31693,1.31776,1.31090,1.31636,71096
2017-11-08 08:00:00,1.31631,1.31757,1.30862,1.31109,63555
2017-11-09 08:00:00,1.31109,1.31653,1.30849,1.31438,79689
2017-11-10 08:00:00,1.31438,1.32292,1.31123,1.31891,72998
2017-11-13 08:00:00,1.31651,1.31789,1.30618,1.31143,71784
2017-11-14 08:00:00,1.31143,1.31870,1.30735,1.31647,73936
2017-11-15 08:00:00,1.31647,1.32133,1.31301,1.31684,99707
2017-11-16 08:00:00,1.31687,1.32075,1.31350,1.31932,86231
2017-11-17 08:00:00,1.31932,1.32602,1.31694,1.32132,91924
2017-11-20 08:00:00,1.32148,1.32792,1.31857,1.32331,84159
2017-11-21 08:00:00,1.32331,1.32672,1.32089,1.32368,61529
2017-11-22 08:00:00,1.32368,1.33291,1.32124,1.33217,61449
2017-11-23 08:00:00,1.33217,1.33367,1.32842,1.33017,58764
2017-11-24 08:00:00,1.33017,1.33600,1.32782,1.33285,63935
2017-11-27 08:00:00,1.33208,1.33830,1.33098,1.33155,59984
2017-11-28 08:00:00,1.33150,1.33872,1.32208,1.33357,87716
2017-11-29 08:00:00,1.33357,1.34481,1.33216,1.34078,86158
2017-11-30 08:00:00,1.34078,1.35487,1.34056,1.35237,116479
2017-12-01 08:00:00,1.35237,1.35492,1.34442,1.34729,129123
2017-12-04 08:00:00,1.34319,1.35384,1.34121,1.34792,123046
2017-12-05 08:00:00,1.34792,1.34820,1.33703,1.34406,119714
2017-12-06 08:00:00,1.34406,1.34429,1.33576,1.33882,106778
2017-12-07 08:00:00,1.33882,1.34851,1.33199,1.34703,110766
2017-12-08 08:00:00,1.34703,1.35202,1.33556,1.33922,125168
2017-12-11 08:00:00,1.33801,1.34310,1.33303,1.33371,103338
2017-12-12 08:00:00,1.33371,1.33802,1.33020,1.33170,108125
2017-12-13 08:00:00,1.33170,1.34275,1.33114,1.34192,122592
2017-12-14 08:00:00,1.34192,1.34660,1.32851,1.34273,141934
2017-12-15 08:00:00,1.34263,1.34472,1.33012,1.33175,132134
2017-12-18 08:00:00,1.33074,1.34184,1.33074,1.33827,139733
2017-12-19 08:00:00,1.33827,1.34024,1.33306,1.33845,140942
2017-12-20 08:00:00,1.33845,1.34204,1.33718,1.33748,132416
2017-12-21 08:00:00,1.33736,1.33873,1.33316,1.33862,128772
2017-12-22 08:00:00,1.33862,1.33974,1.33463,1.33584,121526
2017-12-26 08:00:00,1.33722,1.33888,1.33473,1.33740,51536
2017-12-27 08:00:00,1.33740,1.34296,1.33673,1.33937,114325
2017-12-28 08:00:00,1.33937,1.34564,1.33932,1.34258,111449
2017-12-29 08:00:00,1.34260,1.35439,1.34260,1.35078,130232
2018-01-02 08:00:00,1.35053,1.36003,1.34882,1.35898,123697
2018-01-03 08:00:00,1.35872,1.36126,1.34936,1.35129,133360
2018-01-04 08:00:00,1.35129,1.35597,1.35053,1.35497,131512
2018-01-05 08:00:00,1.35501,1.35823,1.35231,1.35728,135603
2018-01-08 08:00:00,1.35691,1.35854,1.35228,1.35661,121092
2018-01-09 08:00:00,1.35675,1.35821,1.35055,1.35405,120795
2018-01-10 08:00:00,1.35400,1.35622,1.34816,1.35059,173518
2018-01-11 08:00:00,1.35059,1.35545,1.34579,1.35357,165339
2018-01-12 08:00:00,1.35357,1.37438,1.35319,1.37252,207305
2018-01-15 08:00:00,1.37267,1.38194,1.37236,1.37873,163920
2018-01-16 08:00:00,1.37873,1.38055,1.37417,1.37915,170446
2018-01-17 08:00:00,1.37915,1.39423,1.37564,1.38267,213276
2018-01-18 08:00:00,1.38267,1.39131,1.38046,1.38934,196288
2018-01-19 08:00:00,1.38923,1.39449,1.38386,1.38571,192197
2018-01-22 08:00:00,1.38933,1.39908,1.38569,1.39863,138807
2018-01-23 08:00:00,1.39846,1.40270,1.39156,1.39973,190708
2018-01-24 08:00:00,1.39973,1.42625,1.39968,1.42370,249461
2018-01-25 08:00:00,1.42370,1.43452,1.40828,1.41297,358974
2018-01-26 08:00:00,1.41297,1.42865,1.41076,1.41575,290605
2018-01-29 08:00:00,1.41382,1.41581,1.40251,1.40738,240346
2018-01-30 08:00:00,1.40739,1.41662,1.39797,1.41454,223767
2018-01-31 08:00:00,1.41452,1.42326,1.41214,1.41878,265750
2018-02-01 08:00:00,1.41878,1.42781,1.41507,1.42596,224316
2018-02-02 08:00:00,1.42596,1.42777,1.41014,1.41204,225683
2018-02-05 08:00:00,1.41017,1.41503,1.39541,1.39568,256727
2018-02-06 08:00:00,1.39560,1.39994,1.38360,1.39464,281325
2018-02-07 08:00:00,1.39464,1.39941,1.38483,1.38799,197659
2018-02-08 08:00:00,1.38799,1.40667,1.38454,1.39124,284207
2018-02-09 08:00:00,1.39124,1.39871,1.37643,1.38233,251533
2018-02-12 08:00:00,1.38062,1.38756,1.37950,1.38367,157966
2018-02-13 08:00:00,1.38352,1.39240,1.38323,1.38918,157727
2018-02-14 08:00:00,1.38926,1.40164,1.37998,1.39940,207477
2018-02-15 08:00:00,1.39935,1.41044,1.39934,1.40996,201846
2018-02-16 08:00:00,1.40996,1.41448,1.39964,1.40339,188840
2018-02-19 08:00:00,1.40124,1.40493,1.39585,1.39950,127921
2018-02-20 08:00:00,1.39950,1.40242,1.39310,1.39928,174171
2018-02-21 08:00:00,1.39928,1.40083,1.39043,1.39162,208038
2018-02-22 08:00:00,1.39161,1.39888,1.38565,1.39505,155057
2018-02-23 08:00:00,1.39504,1.40052,1.39040,1.39613,134363
2018-02-26 08:00:00,1.39871,1.40697,1.39283,1.39665,132774
2018-02-27 08:00:00,1.39666,1.39961,1.38574,1.39058,168586
2018-02-28 08:00:00,1.39060,1.39161,1.37566,1.37594,166972
2018-03-01 08:00:00,1.37596,1.37852,1.37115,1.37755,190505
2018-03-02 08:00:00,1.37755,1.38166,1.37552,1.38013,171982
2018-03-05 08:00:00,1.37955,1.38773,1.37663,1.38479,168579
2018-03-06 08:00:00,1.38479,1.39292,1.38164,1.38858,152141
2018-03-07 08:00:00,1.38858,1.39123,1.38461,1.38907,169919
2018-03-08 08:00:00,1.38911,1.39097,1.37806,1.38078,170907
2018-03-09 08:00:00,1.38077,1.38889,1.37879,1.38530,150671
2018-03-12 08:00:00,1.38500,1.39172,1.38409,1.39045,100659
2018-03-13 08:00:00,1.39044,1.39940,1.38744,1.39635,127085
2018-03-14 08:00:00,1.39635,1.39954,1.39252,1.39645,126630
2018-03-15 08:00:00,1.39644,1.39884,1.39213,1.39369,150092
2018-03-16 08:00:00,1.39369,1.39805,1.38889,1.39420,131187
2018-03-19 08:00:00,1.39449,1.40881,1.39125,1.40241,183363
2018-03-20 08:00:00,1.40242,1.40664,1.39824,1.39998,148724
2018-03-21 08:00:00,1.39998,1.41505,1.39977,1.41372,200448
2018-03-22 08:00:00,1.41372,1.42181,1.40757,1.40995,217873
2018-03-23 08:00:00,1.40995,1.41716,1.40849,1.41316,169945
2018-03-26 08:00:00,1.41319,1.42444,1.41299,1.42269,131975
2018-03-27 08:00:00,1.42273,1.42440,1.40658,1.41563,160686
2018-03-28 08:00:00,1.41557,1.42003,1.40705,1.40769,175447
2018-03-29 08:00:00,1.40769,1.40960,1.40103,1.40182,149454
2018-03-30 08:00:00,1.40172,1.40591,1.40119,1.40211,117490
2018-04-02 08:00:00,1.40126,1.40773,1.40023,1.40441,79779
2018-04-03 08:00:00,1.40441,1.40886,1.40206,1.40549,127130
2018-04-04 08:00:00,1.40550,1.40964,1.40150,1.40772,86507
2018-04-05 08:00:00,1.40790,1.40969,1.39658,1.40033,81775
2018-04-06 08:00:00,1.39995,1.41052,1.39827,1.40881,100041
2018-04-09 08:00:00,1.40819,1.41641,1.40781,1.41293,84822
2018-04-10 08:00:00,1.41286,1.41878,1.41199,1.41739,83454
2018-04-11 08:00:00,1.41748,1.42231,1.41605,1.41746,75345
2018-04-12 08:00:00,1.41730,1.42465,1.41449,1.42276,86457
2018-04-13 08:00:00,1.42248,1.42961,1.42204,1.42382,67806
2018-04-16 08:00:00,1.42375,1.43440,1.42296,1.43359,69511
2018-04-17 08:00:00,1.43343,1.43762,1.42822,1.42858,73820
2018-04-18 08:00:00,1.42860,1.43145,1.41726,1.42014,79853
2018-04-19 08:00:00,1.41997,1.42455,1.40683,1.40819,95212
2018-04-20 08:00:00,1.40826,1.40911,1.40008,1.40010,84049
2018-04-23 08:00:00,1.39978,1.40309,1.39259,1.39394,73132
2018-04-24 08:00:00,1.39376,1.39870,1.39178,1.39760,70272
2018-04-25 08:00:00,1.39724,1.39966,1.39231,1.39279,64369
2018-04-26 08:00:00,1.39230,1.39979,1.38947,1.39127,101477
2018-04-27 08:00:00,1.39145,1.39344,1.37469,1.37792,91437
2018-04-30 08:00:00,1.37701,1.37923,1.37122,1.37552,86517
2018-05-01 08:00:00,1.37552,1.37725,1.35880,1.36127,83657
2018-05-02 08:00:00,1.36128,1.36658,1.35547,1.35718,119544
2018-05-03 08:00:00,1.35710,1.36292,1.35377,1.35730,120784
2018-05-04 08:00:00,1.35730,1.35858,1.34861,1.35301,92353
2018-05-07 08:00:00,1.35304,1.35752,1.35151,1.35560,69246
2018-05-08 08:00:00,1.35559,1.35930,1.34844,1.35468,106487
2018-05-09 08:00:00,1.35468,1.36069,1.34989,1.35452,99791
2018-05-10 08:00:00,1.35453,1.36175,1.34597,1.35160,162472
2018-05-11 08:00:00,1.35122,1.35955,1.35018,1.35412,90461
2018-05-14 08:00:00,1.35342,1.36082,1.35288,1.35548,66890
2018-05-15 08:00:00,1.35550,1.35719,1.34511,1.35032,95856
2018-05-16 08:00:00,1.35012,1.35208,1.34554,1.34859,108126
2018-05-17 08:00:00,1.34822,1.35691,1.34741,1.35148,120707
2018-05-18 08:00:00,1.35146,1.35276,1.34549,1.34686,79641
2018-05-21 08:00:00,1.34590,1.34826,1.33907,1.34217,81668
2018-05-22 08:00:00,1.34222,1.34914,1.34123,1.34279,99215
2018-05-23 08:00:00,1.34269,1.34423,1.33051,1.33434,127472
2018-05-24 08:00:00,1.33397,1.34214,1.33344,1.33784,115298
2018-05-25 08:00:00,1.33794,1.33889,1.32922,1.32955,98948
2018-05-28 08:00:00,1.33121,1.33410,1.32961,1.33080,79278
2018-05-29 08:00:00,1.33080,1.33250,1.32040,1.32430,131511
2018-05-30 08:00:00,1.32424,1.33069,1.32383,1.32833,110604
2018-05-31 08:00:00,1.32835,1.33479,1.32770,1.32933,113669
2018-06-01 08:00:00,1.32929,1.33617,1.32536,1.33474,104933
2018-06-04 08:00:00,1.33320,1.33981,1.32944,1.33137,86714
2018-06-05 08:00:00,1.33116,1.34085,1.33018,1.33856,98435
2018-06-06 08:00:00,1.33784,1.34428,1.33753,1.34119,89002
2018-06-07 08:00:00,1.34097,1.34723,1.33711,1.34224,102276
2018-06-08 08:00:00,1.34224,1.34390,1.33543,1.34067,92826
2018-06-11 08:00:00,1.34044,1.34411,1.33445,1.33741,72291
2018-06-12 08:00:00,1.33735,1.34244,1.33418,1.33705,98282
2018-06-13 08:00:00,1.33730,1.33895,1.33079,1.33744,99853
2018-06-14 08:00:00,1.33744,1.34464,1.32556,1.32587,130535
2018-06-15 08:00:00,1.32590,1.32978,1.32110,1.32764,104135
2018-06-18 08:00:00,1.32614,1.32788,1.32258,1.32446,86093
2018-06-19 08:00:00,1.32439,1.32726,1.31504,1.31726,106706
2018-06-20 08:00:00,1.31720,1.32173,1.31466,1.31673,90967
2018-06-21 08:00:00,1.31680,1.32696,1.31017,1.32329,153830
2018-06-22 08:00:00,1.32289,1.33147,1.32289,1.32652,101208
2018-06-25 08:00:00,1.32491,1.32907,1.32207,1.32765,90242
2018-06-26 08:00:00,1.32755,1.32919,1.31917,1.32141,92851
2018-06-27 08:00:00,1.32259,1.32335,1.31060,1.31108,105418
2018-06-28 08:00:00,1.31105,1.31209,1.30491,1.30766,156198
2018-06-29 08:00:00,1.30766,1.32138,1.30668,1.32084,125842
2018-07-02 08:00:00,1.31941,1.32084,1.30946,1.31419,103320
2018-07-03 08:00:00,1.31410,1.32066,1.31145,1.31899,91630
2018-07-04 08:00:00,1.31899,1.32494,1.31706,1.32270,83124
2018-07-05 08:00:00,1.32107,1.32746,1.32038,1.32208,138736
2018-07-06 08:00:00,1.32067,1.32899,1.32030,1.32864,80773
2018-07-09 08:00:00,1.33148,1.33627,1.31884,1.32550,124664
2018-07-10 08:00:00,1.32564,1.33008,1.32229,1.32704,92016
2018-07-11 08:00:00,1.32663,1.32851,1.31994,1.32022,114340
2018-07-12 08:00:00,1.32019,1.32447,1.31802,1.32047,85267
2018-07-13 08:00:00,1.32036,1.32384,1.31024,1.32349,87502
2018-07-16 08:00:00,1.32221,1.32925,1.32164,1.32341,68402
2018-07-17 08:00:00,1.32334,1.32686,1.30679,1.31139,102691
2018-07-18 08:00:00,1.31134,1.31168,1.30095,1.30659,94078
2018-07-19 08:00:00,1.30661,1.30830,1.29573,1.30135,110375
2018-07-20 08:00:00,1.30135,1.31400,1.29948,1.31298,99625
2018-07-23 08:00:00,1.31203,1.31576,1.30816,1.30975,80760
2018-07-24 08:00:00,1.30964,1.31589,1.30709,1.31433,92343
2018-07-25 08:00:00,1.31433,1.32002,1.31321,1.31865,93184
2018-07-26 08:00:00,1.31890,1.32127,1.31048,1.31067,88299
2018-07-27 08:00:00,1.31093,1.31303,1.30814,1.31059,72861
2018-07-30 08:00:00,1.31081,1.31515,1.30966,1.31312,68631
2018-07-31 08:00:00,1.31288,1.31722,1.30890,1.31219,79435
2018-08-01 08:00:00,1.31194,1.31438,1.30946,1.31257,79065
2018-08-02 08:00:00,1.31253,1.31283,1.30139,1.30150,85262
2018-08-03 08:00:00,1.30134,1.30427,1.29749,1.30023,73856
2018-08-06 08:00:00,1.29994,1.30076,1.29194,1.29426,51394
2018-08-07 08:00:00,1.29444,1.29731,1.29233,1.29382,56920
2018-08-08 08:00:00,1.29365,1.29593,1.28529,1.28808,71556
2018-08-09 08:00:00,1.28783,1.29112,1.28182,1.28228,72867
2018-08-10 08:00:00,1.28265,1.28363,1.27223,1.27695,119598
2018-08-13 08:00:00,1.27400,1.27908,1.27293,1.27591,96457
2018-08-14 08:00:00,1.27671,1.28267,1.27041,1.27210,89346
2018-08-15 08:00:00,1.27196,1.27349,1.26611,1.26947,93109
2018-08-16 08:00:00,1.26938,1.27538,1.26847,1.27085,94623
2018-08-17 08:00:00,1.27105,1.27521,1.26762,1.27500,80056
2018-08-20 08:00:00,1.27414,1.27988,1.27288,1.27960,61468
2018-08-21 08:00:00,1.27953,1.29241,1.27919,1.28990,86669
2018-08-22 08:00:00,1.28959,1.29358,1.28678,1.29092,82835
2018-08-23 08:00:00,1.29092,1.29182,1.28042,1.28129,75797
2018-08-24 08:00:00,1.28094,1.28805,1.27987,1.28476,83450
2018-08-27 08:00:00,1.28359,1.29003,1.28282,1.28912,70943
2018-08-28 08:00:00,1.28783,1.29311,1.28610,1.28698,76997
2018-08-29 08:00:00,1.28700,1.30321,1.28446,1.30248,96823
2018-08-30 08:00:00,1.30233,1.30429,1.29845,1.30060,89761
2018-08-31 08:00:00,1.30103,1.30280,1.29441,1.29554,92560
2018-09-03 08:00:00,1.29139,1.29330,1.28544,1.28672,73217
2018-09-04 08:00:00,1.28673,1.28750,1.28098,1.28537,87081
2018-09-05 08:00:00,1.28528,1.29823,1.27848,1.29032,96891
2018-09-06 08:00:00,1.29020,1.29618,1.28957,1.29258,84030
2018-09-07 08:00:00,1.29257,1.30283,1.29076,1.29146,96425
2018-09-10 08:00:00,1.29217,1.30512,1.28963,1.30250,73496
2018-09-11 08:00:00,1.30250,1.30874,1.29634,1.30296,80889
2018-09-12 08:00:00,1.30288,1.30815,1.29785,1.30443,80981
2018-09-13 08:00:00,1.30442,1.31235,1.30256,1.31057,84305
2018-09-14 08:00:00,1.31055,1.31431,1.30561,1.30686,79330
2018-09-17 08:00:00,1.30676,1.31644,1.30656,1.31562,74815
2018-09-18 08:00:00,1.31561,1.31721,1.31181,1.31473,86448
2018-09-19 08:00:00,1.31466,1.32143,1.30969,1.31424,87824
2018-09-20 08:00:00,1.31358,1.32979,1.31340,1.32590,96982
2018-09-21 08:00:00,1.32602,1.32761,1.30536,1.30803,91825
2018-09-24 08:00:00,1.30755,1.31663,1.30623,1.31189,75739
2018-09-25 08:00:00,1.31189,1.31930,1.30943,1.31783,82773
2018-09-26 08:00:00,1.31811,1.32169,1.31376,1.31638,85943
2018-09-27 08:00:00,1.31630,1.31784,1.30730,1.30730,86278
2018-09-28 08:00:00,1.30730,1.30896,1.29995,1.30290,72351
2018-10-01 08:00:00,1.30380,1.31162,1.30115,1.30415,73469
2018-10-02 08:00:00,1.30413,1.30480,1.29404,1.29774,86967
2018-10-03 08:00:00,1.29761,1.30226,1.29235,1.29358,106621
2018-10-04 08:00:00,1.29376,1.30408,1.29214,1.30203,106176
2018-10-05 08:00:00,1.30203,1.31223,1.30027,1.31147,106468
2018-10-08 08:00:00,1.31138,1.31324,1.30275,1.30856,90475
2018-10-09 08:00:00,1.30812,1.31497,1.30323,1.31420,116577
2018-10-10 08:00:00,1.31402,1.32151,1.31316,1.31876,111251
2018-10-11 08:00:00,1.31897,1.32460,1.31814,1.32321,150255
2018-10-12 08:00:00,1.32257,1.32572,1.31457,1.31538,125682
2018-10-15 08:00:00,1.30844,1.31812,1.30794,1.31509,113661
2018-10-16 08:00:00,1.31510,1.32359,1.31368,1.31768,116619
2018-10-17 08:00:00,1.31762,1.31920,1.30987,1.31126,113391
2018-10-18 08:00:00,1.31110,1.31309,1.30155,1.30170,107438
2018-10-19 08:00:00,1.30164,1.31036,1.30107,1.30650,102173
2018-10-22 08:00:00,1.30627,1.30894,1.29559,1.29559,100118
2018-10-23 08:00:00,1.29560,1.30437,1.29364,1.29816,130869
2018-10-24 08:00:00,1.29817,1.29900,1.28666,1.28792,134108
2018-10-25 08:00:00,1.28780,1.29189,1.27961,1.28159,125959
2018-10-26 08:00:00,1.28138,1.28408,1.27763,1.28233,145016
2018-10-29 08:00:00,1.28244,1.28523,1.27905,1.27961,111194
2018-10-30 08:00:00,1.27960,1.28121,1.26936,1.27066,117855
2018-10-31 08:00:00,1.27066,1.28300,1.26998,1.27679,109519
2018-11-01 08:00:00,1.27679,1.30345,1.27625,1.29933,127592
2018-11-02 08:00:00,1.29935,1.30404,1.29510,1.29639,110876
2018-11-05 08:00:00,1.30226,1.30552,1.29637,1.30402,89761
2018-11-06 08:00:00,1.30358,1.31065,1.30204,1.30966,103385
2018-11-07 08:00:00,1.30950,1.31740,1.30727,1.31215,120165
2018-11-08 08:00:00,1.31238,1.31493,1.30442,1.30603,113725
2018-11-09 08:00:00,1.30604,1.30694,1.29576,1.29695,111609
2018-11-12 08:00:00,1.29145,1.29461,1.28267,1.28478,117543
2018-11-13 08:00:00,1.28473,1.30467,1.28358,1.29671,131381
2018-11-14 08:00:00,1.29672,1.30713,1.28797,1.29858,141436
2018-11-15 08:00:00,1.29872,1.30295,1.27223,1.27685,152861
2018-11-16 08:00:00,1.27643,1.28769,1.27589,1.28216,104480
2018-11-19 08:00:00,1.28307,1.28837,1.27936,1.28493,79857
2018-11-20 08:00:00,1.28492,1.28827,1.27756,1.27857,96042
2018-11-21 08:00:00,1.27859,1.28191,1.27635,1.27751,83227
2018-11-22 08:00:00,1.27776,1.29267,1.27670,1.28749,77457
2018-11-23 08:00:00,1.28753,1.28823,1.27976,1.28003,82766
2018-11-26 08:00:00,1.28222,1.28634,1.27946,1.28083,88466
2018-11-27 08:00:00,1.28068,1.28189,1.27245,1.27444,125973
2018-11-28 08:00:00,1.27416,1.28465,1.27315,1.28237,110010
2018-11-29 08:00:00,1.28226,1.28494,1.27548,1.27887,105361
2018-11-30 08:00:00,1.27844,1.28088,1.27341,1.27479,111805
2018-12-03 08:00:00,1.27430,1.28240,1.26980,1.27229,104171
2018-12-04 08:00:00,1.27231,1.28393,1.26579,1.27158,133399
2018-12-05 08:00:00,1.27147,1.27972,1.26714,1.27326,103002
2018-12-06 08:00:00,1.27328,1.28111,1.26986,1.27828,137182
2018-12-07 08:00:00,1.27818,1.27901,1.27103,1.27313,122266
2018-12-10 08:00:00,1.27032,1.27593,1.25060,1.25608,141363
2018-12-11 08:00:00,1.25590,1.26379,1.24790,1.24869,127484
2018-12-12 08:00:00,1.24868,1.26712,1.24756,1.26265,149684
2018-12-13 08:00:00,1.26255,1.26860,1.26036,1.26502,106021
2018-12-14 08:00:00,1.26501,1.26627,1.25285,1.25831,116180
2018-12-17 08:00:00,1.25992,1.26466,1.25437,1.26196,113250
2018-12-18 08:00:00,1.26135,1.27048,1.26094,1.26371,120072
2018-12-19 08:00:00,1.26394,1.26787,1.26059,1.26098,137820
2018-12-20 08:00:00,1.26092,1.27065,1.26065,1.26541,128917
2018-12-21 08:00:00,1.26538,1.26972,1.26170,1.26360,125877
2018-12-24 08:00:00,1.26197,1.27378,1.26197,1.26981,86691
2018-12-26 08:00:00,1.27066,1.27140,1.26298,1.26311,43198
2018-12-27 08:00:00,1.26315,1.26742,1.26151,1.26413,138679
2018-12-28 08:00:00,1.26439,1.27077,1.26344,1.26945,77358
2018-12-31 08:00:00,1.26907,1.28137,1.26794,1.27443,66809
2019-01-02 08:00:00,1.27302,1.27727,1.25802,1.26057,87996
2019-01-03 08:00:00,1.26058,1.26467,1.23953,1.26286,115003
2019-01-04 08:00:00,1.26371,1.27440,1.26151,1.27230,101736
2019-01-07 08:00:00,1.27160,1.27863,1.27073,1.27765,72681
2019-01-08 08:00:00,1.27732,1.27968,1.27060,1.27142,71449
2019-01-09 08:00:00,1.27137,1.28034,1.27068,1.27867,117342
2019-01-10 08:00:00,1.27876,1.28009,1.27273,1.27463,103013
2019-01-11 08:00:00,1.27499,1.28654,1.27089,1.28335,107719
2019-01-14 08:00:00,1.28502,1.29301,1.28174,1.28595,94675
2019-01-15 08:00:00,1.28658,1.29148,1.26677,1.28587,121705
2019-01-16 08:00:00,1.28578,1.28966,1.28241,1.28770,95215
2019-01-17 08:00:00,1.28771,1.30002,1.28313,1.29843,99133
2019-01-18 08:00:00,1.29842,1.29929,1.28561,1.28739,85586
2019-01-21 08:00:00,1.28714,1.29099,1.28297,1.28902,67824
2019-01-22 08:00:00,1.28915,1.29747,1.28545,1.29561,98000
2019-01-23 08:00:00,1.29563,1.30803,1.29407,1.30670,106109
2019-01-24 08:00:00,1.30678,1.30935,1.30115,1.30628,113263
2019-01-25 08:00:00,1.30615,1.32173,1.30563,1.31971,121057
2019-01-28 08:00:00,1.31837,1.32104,1.31362,1.31566,93298
2019-01-29 08:00:00,1.31559,1.31992,1.30548,1.30655,133728
2019-01-30 08:00:00,1.30657,1.31447,1.30539,1.31152,104746
2019-01-31 08:00:00,1.31138,1.31595,1.30928,1.31080,103506
2019-02-01 08:00:00,1.31101,1.31142,1.30426,1.30811,94369
2019-02-04 08:00:00,1.30614,1.31028,1.30282,1.30344,85946
2019-02-05 08:00:00,1.30343,1.30510,1.29239,1.29488,74779
2019-02-06 08:00:00,1.29496,1.29787,1.29245,1.29278,81083
2019-02-07 08:00:00,1.29278,1.29957,1.28532,1.29512,93369
2019-02-08 08:00:00,1.29506,1.29758,1.29205,1.29392,70523
2019-02-11 08:00:00,1.29278,1.29383,1.28454,1.28575,79140
2019-02-12 08:00:00,1.28603,1.29090,1.28318,1.28904,80491
2019-02-13 08:00:00,1.28936,1.29581,1.28442,1.28445,90868
2019-02-14 08:00:00,1.28448,1.28770,1.27722,1.27975,95885
2019-02-15 08:00:00,1.27991,1.28974,1.27838,1.28859,89987
2019-02-18 08:00:00,1.29022,1.29380,1.28908,1.29209,80135
2019-02-19 08:00:00,1.29218,1.30725,1.28949,1.30612,89069
2019-02-20 08:00:00,1.30625,1.31084,1.30113,1.30494,93491
2019-02-21 08:00:00,1.30495,1.30948,1.30253,1.30371,98331
2019-02-22 08:00:00,1.30356,1.30793,1.29673,1.30526,89591
2019-02-25 08:00:00,1.30679,1.31136,1.30453,1.30952,90146
2019-02-26 08:00:00,1.30955,1.32877,1.30955,1.32496,123475
2019-02-27 08:00:00,1.32499,1.33494,1.32326,1.33062,113098
2019-02-28 08:00:00,1.33085,1.33191,1.32528,1.32607,98639
2019-03-01 08:00:00,1.32609,1.32856,1.31712,1.32027,96932
2019-03-04 08:00:00,1.32426,1.32536,1.31656,1.31783,96930
2019-03-05 08:00:00,1.31805,1.31980,1.30969,1.31770,100519
2019-03-06 08:00:00,1.31781,1.31806,1.31234,1.31680,95691
2019-03-07 08:00:00,1.31696,1.31843,1.30675,1.30799,101136
2019-03-08 08:00:00,1.30812,1.31076,1.29892,1.30154,107756
2019-03-11 08:00:00,1.29833,1.31898,1.29594,1.31880,114560
2019-03-12 08:00:00,1.31879,1.32884,1.30040,1.30721,133632
2019-03-13 08:00:00,1.30722,1.33807,1.30612,1.33116,108347
2019-03-14 08:00:00,1.33116,1.33304,1.32065,1.32583,121374
2019-03-15 08:00:00,1.32584,1.32994,1.32022,1.32900,102372
2019-03-18 08:00:00,1.32953,1.32996,1.31836,1.32437,88483
2019-03-19 08:00:00,1.32437,1.33106,1.32402,1.32629,86598
2019-03-20 08:00:00,1.32629,1.32719,1.31455,1.31924,116390
2019-03-21 08:00:00,1.31925,1.32266,1.30032,1.31115,125658
2019-03-22 08:00:00,1.31115,1.32230,1.30803,1.32077,124016
2019-03-25 08:00:00,1.32089,1.32454,1.31592,1.31939,106442
2019-03-26 08:00:00,1.31937,1.32607,1.31566,1.32044,103578
2019-03-27 08:00:00,1.32044,1.32687,1.31537,1.31578,128729
2019-03-28 08:00:00,1.31586,1.31977,1.30339,1.30447,125841
2019-03-29 08:00:00,1.30445,1.31352,1.29767,1.30280,115519
2019-04-01 08:00:00,1.30381,1.31491,1.30050,1.31013,105818
2019-04-02 08:00:00,1.31034,1.31490,1.30126,1.31270,124462
2019-04-03 08:00:00,1.31325,1.31955,1.31203,1.31551,109777
2019-04-04 08:00:00,1.31560,1.31905,1.30593,1.30738,104127
2019-04-05 08:00:00,1.30741,1.31212,1.29862,1.30326,88409
2019-04-08 08:00:00,1.30337,1.30736,1.30215,1.30573,88629
2019-04-09 08:00:00,1.30612,1.31213,1.30298,1.30484,90517
2019-04-10 08:00:00,1.30508,1.31224,1.30370,1.30866,93960
2019-04-11 08:00:00,1.30881,1.31083,1.30496,1.30509,91892
2019-04-12 08:00:00,1.30520,1.31322,1.30498,1.30696,83179
2019-04-15 08:00:00,1.30706,1.31184,1.30668,1.30966,70968
2019-04-16 08:00:00,1.30988,1.31007,1.30419,1.30455,88614
2019-04-17 08:00:00,1.30474,1.30665,1.30281,1.30386,83357
2019-04-18 08:00:00,1.30391,1.30518,1.29782,1.29867,98399
2019-04-19 08:00:00,1.29839,1.30088,1.29797,1.29809,124171
2019-04-22 08:00:00,1.29812,1.29991,1.29745,1.29785,40714
2019-04-23 08:00:00,1.29784,1.30187,1.29275,1.29363,78364
2019-04-24 08:00:00,1.29359,1.29628,1.28870,1.29003,89067
2019-04-25 08:00:00,1.28986,1.29159,1.28650,1.28965,88293
2019-04-26 08:00:00,1.28964,1.29429,1.28741,1.29144,88461
2019-04-29 08:00:00,1.29147,1.29465,1.29034,1.29321,69302
2019-04-30 08:00:00,1.29302,1.30484,1.29204,1.30314,88245
2019-05-01 08:00:00,1.30358,1.31018,1.30283,1.30490,76078
2019-05-02 08:00:00,1.30478,1.30800,1.30174,1.30312,85285
2019-05-03 08:00:00,1.30312,1.31762,1.29877,1.31728,91351
2019-05-06 08:00:00,1.31434,1.31700,1.30805,1.30951,90261
2019-05-07 08:00:00,1.30941,1.31311,1.30389,1.30746,87041
2019-05-08 08:00:00,1.30732,1.30797,1.29863,1.30045,105510
2019-05-09 08:00:00,1.30063,1.30353,1.29667,1.30090,93568
2019-05-10 08:00:00,1.30031,1.30469,1.29906,1.30017,90628
2019-05-13 08:00:00,1.29923,1.30400,1.29404,1.29561,79428
2019-05-14 08:00:00,1.29580,1.29695,1.29029,1.29033,73250
2019-05-15 08:00:00,1.29032,1.29226,1.28256,1.28419,81675
2019-05-16 08:00:00,1.28410,1.28516,1.27868,1.27955,67855
2019-05-17 08:00:00,1.27951,1.27974,1.27122,1.27122,79550
2019-05-20 08:00:00,1.27287,1.27566,1.27139,1.27229,64746
2019-05-21 08:00:00,1.27214,1.28131,1.26845,1.27040,93214
2019-05-22 08:00:00,1.27042,1.27186,1.26235,1.26600,83341
2019-05-23 08:00:00,1.26598,1.26834,1.26045,1.26553,92780
2019-05-24 08:00:00,1.26571,1.27322,1.26466,1.27104,84474
2019-05-27 08:00:00,1.27264,1.27472,1.26666,1.26785,82794
2019-05-28 08:00:00,1.26772,1.27013,1.26494,1.26519,88759
2019-05-29 08:00:00,1.26517,1.26708,1.26110,1.26258,84257
2019-05-30 08:00:00,1.26251,1.26397,1.25799,1.26063,66481
2019-05-31 08:00:00,1.26084,1.26438,1.25583,1.26304,87627
2019-06-03 08:00:00,1.26291,1.26735,1.26097,1.26625,89093
2019-06-04 08:00:00,1.26633,1.27138,1.26415,1.26977,102006
2019-06-05 08:00:00,1.26990,1.27431,1.26799,1.26831,98655
2019-06-06 08:00:00,1.26809,1.27416,1.26680,1.26933,99364
2019-06-07 08:00:00,1.26910,1.27625,1.26849,1.27379,97881
2019-06-10 08:00:00,1.27231,1.27347,1.26522,1.26827,87114
2019-06-11 08:00:00,1.26855,1.27317,1.26696,1.27231,106334
2019-06-12 08:00:00,1.27220,1.27579,1.26808,1.26871,109489
2019-06-13 08:00:00,1.26877,1.27074,1.26615,1.26730,91293
2019-06-14 08:00:00,1.26728,1.26813,1.25794,1.25890,99614
2019-06-17 08:00:00,1.25782,1.26049,1.25314,1.25329,72045
2019-06-18 08:00:00,1.25328,1.25641,1.25053,1.25565,105706
2019-06-19 08:00:00,1.25562,1.26731,1.25418,1.26384,97481
2019-06-20 08:00:00,1.26424,1.27264,1.26261,1.27024,126205
2019-06-21 08:00:00,1.27001,1.27459,1.26417,1.27446,115569
2019-06-24 08:00:00,1.27324,1.27659,1.27077,1.27382,82413
2019-06-25 08:00:00,1.27377,1.27832,1.26712,1.26862,91214
2019-06-26 08:00:00,1.26879,1.27068,1.26619,1.26888,113963
2019-06-27 08:00:00,1.26888,1.27241,1.26608,1.26698,101660
2019-06-28 08:00:00,1.26725,1.27340,1.26601,1.26944,91940
2019-07-01 08:00:00,1.26943,1.27050,1.26312,1.26385,92799
2019-07-02 08:00:00,1.26377,1.26475,1.25833,1.25921,86481
2019-07-03 08:00:00,1.25921,1.25998,1.25564,1.25716,74163
2019-07-04 08:00:00,1.25698,1.25904,1.25568,1.25777,48133
2019-07-05 08:00:00,1.25777,1.25870,1.24805,1.25214,77576
2019-07-08 08:00:00,1.25239,1.25393,1.24996,1.25134,35806
2019-07-09 08:00:00,1.25134,1.25227,1.24391,1.24624,64488
2019-07-10 08:00:00,1.24619,1.25207,1.24436,1.25015,84780
2019-07-11 08:00:00,1.24990,1.25709,1.24972,1.25220,78412
2019-07-12 08:00:00,1.25223,1.25786,1.25183,1.25753,80309
2019-07-15 08:00:00,1.25403,1.25779,1.25099,1.25149,57846
2019-07-16 08:00:00,1.25160,1.25203,1.23961,1.24060,79740
2019-07-17 08:00:00,1.24054,1.24562,1.23817,1.24307,66428
2019-07-18 08:00:00,1.24308,1.25581,1.24260,1.25454,72332
2019-07-19 08:00:00,1.25451,1.25561,1.24760,1.25014,58940
2019-07-22 08:00:00,1.24896,1.25192,1.24552,1.24755,54242
2019-07-23 08:00:00,1.24754,1.24816,1.24176,1.24380,59271
2019-07-24 08:00:00,1.24377,1.25223,1.24261,1.24841,63439
2019-07-25 08:00:00,1.24829,1.25177,1.24363,1.24530,74532
2019-07-26 08:00:00,1.24536,1.24594,1.23759,1.23815,60149
2019-07-29 08:00:00,1.23744,1.23828,1.22121,1.22166,52073
2019-07-30 08:00:00,1.22168,1.22256,1.21190,1.21509,73529
2019-07-31 08:00:00,1.21511,1.22494,1.21334,1.21594,85051
2019-08-01 08:00:00,1.21563,1.21709,1.20792,1.21313,93462
2019-08-02 08:00:00,1.21313,1.21690,1.20896,1.21576,105843
2019-08-05 08:00:00,1.21162,1.21880,1.21014,1.21424,96295
2019-08-06 08:00:00,1.21409,1.22094,1.21352,1.21666,100439
2019-08-07 08:00:00,1.21665,1.21909,1.21207,1.21425,103395
2019-08-08 08:00:00,1.21400,1.21823,1.20949,1.21338,82901
2019-08-09 08:00:00,1.21301,1.21477,1.20221,1.20231,72020
2019-08-12 08:00:00,1.20398,1.21060,1.20148,1.20748,92111
2019-08-13 08:00:00,1.20749,1.20972,1.20416,1.20592,100831
2019-08-14 08:00:00,1.20591,1.21007,1.20443,1.20542,104029
2019-08-15 08:00:00,1.20544,1.21503,1.20505,1.20811,103277
2019-08-16 08:00:00,1.20864,1.21751,1.20761,1.21433,87332
2019-08-19 08:00:00,1.21467,1.21720,1.21041,1.21244,66623
2019-08-20 08:00:00,1.21246,1.21798,1.20640,1.21679,91649
2019-08-21 08:00:00,1.21681,1.21748,1.21118,1.21229,80625
2019-08-22 08:00:00,1.21282,1.22726,1.21082,1.22493,99158
2019-08-23 08:00:00,1.22493,1.22932,1.21939,1.22807,106529
2019-08-26 08:00:00,1.22675,1.22852,1.22075,1.22171,146283
2019-08-27 08:00:00,1.22167,1.23093,1.22084,1.22882,102936
2019-08-28 08:00:00,1.22886,1.22905,1.21555,1.22138,99107
2019-08-29 08:00:00,1.22117,1.22320,1.21718,1.21799,103683
2019-08-30 08:00:00,1.21799,1.22258,1.21391,1.21625,95937
2019-09-02 08:00:00,1.21395,1.21744,1.20355,1.20667,90240
2019-09-03 08:00:00,1.20667,1.21052,1.19579,1.20825,124163
2019-09-04 08:00:00,1.20825,1.22570,1.20578,1.22520,124935
2019-09-05 08:00:00,1.22510,1.23533,1.22099,1.23362,121983
2019-09-06 08:00:00,1.23296,1.23433,1.22788,1.22850,92787
2019-09-09 08:00:00,1.22710,1.23840,1.22330,1.23437,114272
2019-09-10 08:00:00,1.23440,1.23795,1.23066,1.23521,70143
2019-09-11 08:00:00,1.23520,1.23706,1.23124,1.23278,71318
2019-09-12 08:00:00,1.23278,1.23662,1.22828,1.23329,82260
2019-09-13 08:00:00,1.23326,1.25051,1.23267,1.24943,67815
2019-09-16 08:00:00,1.24967,1.25036,1.23990,1.24252,72028
2019-09-17 08:00:00,1.24253,1.25267,1.23918,1.24980,58740
2019-09-18 08:00:00,1.24982,1.25115,1.24383,1.24692,59822
2019-09-19 08:00:00,1.24692,1.25599,1.24375,1.25222,70104
2019-09-20 08:00:00,1.25220,1.25813,1.24590,1.24670,67214
2019-09-23 08:00:00,1.24644,1.24903,1.24124,1.24293,61008
2019-09-24 08:00:00,1.24294,1.25026,1.24136,1.24922,59000
2019-09-25 08:00:00,1.24922,1.24980,1.23474,1.23503,70017
2019-09-26 08:00:00,1.23504,1.23800,1.23029,1.23206,62865
2019-09-27 08:00:00,1.23205,1.23360,1.22702,1.22871,60628
2019-09-30 08:00:00,1.22784,1.23459,1.22752,1.22865,56869
2019-10-01 08:00:00,1.22865,1.23387,1.22043,1.23025,72554
2019-10-02 08:00:00,1.23035,1.23239,1.22264,1.22983,58986
2019-10-03 08:00:00,1.22996,1.24129,1.22654,1.23299,78813
2019-10-04 08:00:00,1.23264,1.23567,1.22759,1.23323,52462
2019-10-07 08:00:00,1.23012,1.23361,1.22868,1.22895,54737
2019-10-08 08:00:00,1.22899,1.23021,1.21950,1.22161,69792
2019-10-09 08:00:00,1.22163,1.22909,1.21974,1.22039,60646
2019-10-10 08:00:00,1.22040,1.24688,1.22022,1.24346,74713
2019-10-11 08:00:00,1.24346,1.27071,1.24079,1.26468,91504
2019-10-14 08:00:00,1.26210,1.26495,1.25158,1.26064,72155
2019-10-15 08:00:00,1.26063,1.27989,1.25984,1.27840,89626
2019-10-16 08:00:00,1.27800,1.28775,1.26566,1.28291,98171
2019-10-17 08:00:00,1.28286,1.29889,1.27490,1.28892,99995
2019-10-18 08:00:00,1.28892,1.29727,1.28391,1.29695,73898
2019-10-21 08:00:00,1.29477,1.30120,1.28744,1.29577,81851
2019-10-22 08:00:00,1.29581,1.30006,1.28618,1.28693,86614
2019-10-23 08:00:00,1.28692,1.29214,1.28410,1.29108,77540
2019-10-24 08:00:00,1.29085,1.29494,1.27881,1.28487,75128
2019-10-25 08:00:00,1.28487,1.28629,1.28039,1.28309,55359
2019-10-28 08:00:00,1.28128,1.28759,1.28111,1.28589,53034
2019-10-29 08:00:00,1.28591,1.29044,1.28064,1.28625,64336
2019-10-30 08:00:00,1.28625,1.29073,1.28450,1.28994,66880
2019-10-31 08:00:00,1.28995,1.29755,1.28975,1.29264,66700
2019-11-01 08:00:00,1.29264,1.29725,1.29262,1.29337,61745
2019-11-04 08:00:00,1.29264,1.29425,1.28760,1.28806,51070
2019-11-05 08:00:00,1.28813,1.29171,1.28589,1.28806,58683
2019-11-06 08:00:00,1.28809,1.28968,1.28437,1.28540,46769
2019-11-07 08:00:00,1.28537,1.28775,1.27936,1.28168,58326
2019-11-08 08:00:00,1.28158,1.28227,1.27684,1.27748,45053
2019-11-11 08:00:00,1.27732,1.28976,1.27732,1.28524,41155
2019-11-12 08:00:00,1.28523,1.28737,1.28152,1.28448,48362
2019-11-13 08:00:00,1.28431,1.28624,1.28214,1.28481,47063
2019-11-14 08:00:00,1.28479,1.28880,1.28246,1.28808,44822
2019-11-15 08:00:00,1.28802,1.29188,1.28670,1.28985,41237
2019-11-18 08:00:00,1.29200,1.29850,1.29074,1.29507,46080
2019-11-19 08:00:00,1.29503,1.29696,1.29101,1.29237,46279
2019-11-20 08:00:00,1.29228,1.29300,1.28868,1.29215,46902
2019-11-21 08:00:00,1.29211,1.29698,1.28927,1.29047,47224
2019-11-22 08:00:00,1.29051,1.29280,1.28226,1.28271,48705
2019-11-25 08:00:00,1.28523,1.29117,1.28408,1.28981,41855
2019-11-26 08:00:00,1.28981,1.29034,1.28348,1.28639,44920
2019-11-27 08:00:00,1.28634,1.29206,1.28268,1.29189,49316
2019-11-28 08:00:00,1.29191,1.29507,1.28989,1.29096,46127
2019-11-29 08:00:00,1.29096,1.29418,1.28788,1.29170,42834
2019-12-02 08:00:00,1.29088,1.29488,1.28957,1.29381,45311
2019-12-03 08:00:00,1.29387,1.30110,1.29302,1.29912,45379
2019-12-04 08:00:00,1.29910,1.31202,1.29824,1.31029,50629
2019-12-05 08:00:00,1.31029,1.31663,1.31015,1.31553,40544
2019-12-06 08:00:00,1.31553,1.31652,1.31002,1.31340,42399
2019-12-09 08:00:00,1.31336,1.31802,1.31310,1.31386,43170
2019-12-10 08:00:00,1.31385,1.32148,1.31325,1.31530,43912
2019-12-11 08:00:00,1.31536,1.32131,1.31052,1.31939,50571
2019-12-12 08:00:00,1.31937,1.32288,1.30492,1.31612,65097
2019-12-13 08:00:00,1.31603,1.35143,1.31603,1.33338,89680
2019-12-16 08:00:00,1.33353,1.34221,1.33209,1.33303,53946
2019-12-17 08:00:00,1.33300,1.33359,1.30991,1.31291,66664
2019-12-18 08:00:00,1.31266,1.31341,1.30594,1.30767,66957
2019-12-19 08:00:00,1.30770,1.31323,1.29896,1.30090,61621
2019-12-20 08:00:00,1.30091,1.30792,1.29779,1.30006,45944
2019-12-23 08:00:00,1.29940,1.30317,1.29049,1.29336,51664
2019-12-24 08:00:00,1.29328,1.29707,1.29217,1.29569,39195
2019-12-26 08:00:00,1.29848,1.30155,1.29595,1.29921,29246
2019-12-27 08:00:00,1.29922,1.31170,1.29682,1.30845,54542
2019-12-30 08:00:00,1.30691,1.31500,1.30656,1.31117,49982
2019-12-31 08:00:00,1.31117,1.32842,1.31048,1.32448,52886
2020-01-02 08:00:00,1.32090,1.32305,1.31150,1.31363,48916
2020-01-03 08:00:00,1.31363,1.31599,1.30532,1.30743,59795
2020-01-06 08:00:00,1.30781,1.31741,1.30625,1.31682,50184
2020-01-07 08:00:00,1.31684,1.32119,1.30948,1.31203,55737
2020-01-08 08:00:00,1.31180,1.31694,1.30801,1.30938,65260
2020-01-09 08:00:00,1.30937,1.31234,1.30130,1.30659,56120
2020-01-10 08:00:00,1.30659,1.30967,1.30422,1.30637,48542
2020-01-13 08:00:00,1.30364,1.30453,1.29609,1.29867,47464
2020-01-14 08:00:00,1.29867,1.30330,1.29541,1.30157,53505
2020-01-15 08:00:00,1.30151,1.30423,1.29848,1.30373,49886
2020-01-16 08:00:00,1.30373,1.30829,1.30251,1.30778,52227
2020-01-17 08:00:00,1.30783,1.31187,1.30076,1.30094,48664
2020-01-20 08:00:00,1.29985,1.30137,1.29618,1.30076,30729
2020-01-21 08:00:00,1.30075,1.30832,1.29949,1.30472,44734
2020-01-22 08:00:00,1.30473,1.31527,1.30345,1.31390,65605
2020-01-23 08:00:00,1.31395,1.31507,1.30969,1.31207,63668
2020-01-24 08:00:00,1.31208,1.31724,1.30564,1.30705,64938
2020-01-27 08:00:00,1.30754,1.31052,1.30401,1.30554,58664
2020-01-28 08:00:00,1.30570,1.30648,1.29753,1.30271,55509
2020-01-29 08:00:00,1.30271,1.30294,1.29892,1.30173,55576
2020-01-30 08:00:00,1.30192,1.31098,1.29777,1.30908,65249
2020-01-31 08:00:00,1.30907,1.32088,1.30820,1.32080,69507
2020-02-03 08:00:00,1.31701,1.31841,1.29828,1.29935,63750
2020-02-04 08:00:00,1.29935,1.30465,1.29409,1.30292,64479
2020-02-05 08:00:00,1.30292,1.30698,1.29562,1.30004,63619
2020-02-06 08:00:00,1.30016,1.30016,1.29210,1.29252,54083
2020-02-07 08:00:00,1.29262,1.29589,1.28809,1.28820,61264
2020-02-10 08:00:00,1.28864,1.29459,1.28717,1.29140,62085
2020-02-11 08:00:00,1.29128,1.29677,1.28943,1.29490,59098
2020-02-12 08:00:00,1.29508,1.29911,1.29452,1.29575,58281
2020-02-13 08:00:00,1.29568,1.30692,1.29441,1.30412,68228
2020-02-14 08:00:00,1.30385,1.30631,1.30010,1.30471,56498
2020-02-17 08:00:00,1.30324,1.30536,1.29975,1.30039,49400
2020-02-18 08:00:00,1.30039,1.30486,1.29705,1.29952,62288
2020-02-19 08:00:00,1.29952,1.30230,1.29075,1.29187,57909
2020-02-20 08:00:00,1.29186,1.29281,1.28489,1.28792,61033
2020-02-21 08:00:00,1.28802,1.29805,1.28746,1.29566,66386
2020-02-24 08:00:00,1.29426,1.29547,1.28865,1.29283,66933
2020-02-25 08:00:00,1.29290,1.30178,1.29142,1.30037,80121
2020-02-26 08:00:00,1.30036,1.30078,1.28953,1.28953,73940
2020-02-27 08:00:00,1.28967,1.29460,1.28601,1.28838,86909
2020-02-28 08:00:00,1.28838,1.29196,1.27255,1.28212,101153
2020-03-02 08:00:00,1.27918,1.28506,1.27398,1.27522,84743
2020-03-03 08:00:00,1.27518,1.28439,1.27379,1.28107,85409
2020-03-04 08:00:00,1.28103,1.28723,1.27697,1.28703,59390
2020-03-05 08:00:00,1.28700,1.29681,1.28604,1.29516,58349
2020-03-06 08:00:00,1.29527,1.30519,1.29371,1.30445,82330
2020-03-09 08:00:00,1.30754,1.31997,1.30342,1.30845,188792
2020-03-10 08:00:00,1.30845,1.31151,1.28580,1.28803,173248
2020-03-11 08:00:00,1.28803,1.29761,1.28024,1.28173,115489
2020-03-12 08:00:00,1.28191,1.28487,1.24902,1.25731,126863
2020-03-13 08:00:00,1.25735,1.26240,1.22658,1.22903,152633
2020-03-16 08:00:00,1.24107,1.24200,1.22018,1.22677,170248
2020-03-17 08:00:00,1.22662,1.22724,1.20018,1.20548,178035
2020-03-18 08:00:00,1.20551,1.21296,1.14515,1.15803,174594
2020-03-19 08:00:00,1.15777,1.17927,1.14190,1.14653,188137
2020-03-20 08:00:00,1.14652,1.19333,1.14098,1.15990,168903
2020-03-23 08:00:00,1.16745,1.17135,1.14463,1.15283,171688
2020-03-24 08:00:00,1.15283,1.17989,1.14749,1.17341,167644
2020-03-25 08:00:00,1.17342,1.19730,1.16384,1.18781,141114
2020-03-26 08:00:00,1.18781,1.22289,1.17761,1.21547,153930
2020-03-27 08:00:00,1.21547,1.24852,1.21301,1.24744,151946
2020-03-30 08:00:00,1.24174,1.24668,1.23169,1.24171,110477
2020-03-31 08:00:00,1.24043,1.24726,1.22436,1.24163,124197
2020-04-01 08:00:00,1.24219,1.24382,1.23299,1.23730,93664
2020-04-02 08:00:00,1.23730,1.24750,1.23496,1.23925,95238
2020-04-03 08:00:00,1.23953,1.24058,1.22049,1.22692,85528
2020-04-06 08:00:00,1.22204,1.23264,1.22095,1.22291,80623
2020-04-07 08:00:00,1.22284,1.23839,1.21645,1.23297,84701
2020-04-08 08:00:00,1.23295,1.24196,1.22877,1.23808,63135
2020-04-09 08:00:00,1.23749,1.24832,1.23600,1.24525,76642
2020-04-10 08:00:00,1.24492,1.24865,1.24325,1.24341,21062
2020-04-13 08:00:00,1.24536,1.25365,1.24490,1.25002,61683
2020-04-14 08:00:00,1.25002,1.26471,1.24896,1.26233,110741
2020-04-15 08:00:00,1.26120,1.26303,1.24362,1.25105,105125
2020-04-16 08:00:00,1.25108,1.25273,1.24078,1.24551,108131
2020-04-17 08:00:00,1.24550,1.25223,1.24064,1.25058,103885
2020-04-20 08:00:00,1.24916,1.24998,1.24160,1.24321,85781
2020-04-21 08:00:00,1.24319,1.24457,1.22470,1.22879,123399
2020-04-22 08:00:00,1.22772,1.23856,1.22741,1.23321,92136
2020-04-23 08:00:00,1.23321,1.24147,1.23074,1.23434,113842
2020-04-24 08:00:00,1.23432,1.23769,1.22977,1.23659,89239
2020-04-27 08:00:00,1.23614,1.24543,1.23594,1.24282,78707
2020-04-28 08:00:00,1.24259,1.25178,1.24034,1.24229,68288
2020-04-29 08:00:00,1.24201,1.24849,1.23886,1.24691,65500
2020-04-30 08:00:00,1.24653,1.26426,1.24289,1.25900,78636
2020-05-01 08:00:00,1.25891,1.25998,1.24827,1.24926,53973
2020-05-04 08:00:00,1.24823,1.24865,1.24050,1.24420,52665
2020-05-05 08:00:00,1.24422,1.24834,1.24202,1.24331,56872
2020-05-06 08:00:00,1.24323,1.24499,1.23348,1.23390,52422
2020-05-07 08:00:00,1.23388,1.24181,1.22658,1.23522,64340
2020-05-08 08:00:00,1.23525,1.24669,1.23384,1.24076,47377
2020-05-11 08:00:00,1.23952,1.24372,1.22828,1.23318,56439
2020-05-12 08:00:00,1.23294,1.23771,1.22550,1.22576,58582
2020-05-13 08:00:00,1.22563,1.23396,1.22099,1.22231,67905
2020-05-14 08:00:00,1.22180,1.22414,1.21654,1.22228,63126
2020-05-15 08:00:00,1.22216,1.22389,1.21009,1.21020,64170
2020-05-18 08:00:00,1.20852,1.22274,1.20739,1.21937,60389
2020-05-19 08:00:00,1.21932,1.22961,1.21837,1.22502,57938
2020-05-20 08:00:00,1.22498,1.22874,1.22211,1.22363,52724
2020-05-21 08:00:00,1.22360,1.22493,1.21852,1.22161,52692
2020-05-22 08:00:00,1.22150,1.22335,1.21613,1.21667,51656
2020-05-25 08:00:00,1.21716,1.22033,1.21628,1.21799,35930
2020-05-26 08:00:00,1.21795,1.23628,1.21765,1.23341,59540
2020-05-27 08:00:00,1.23247,1.23540,1.22040,1.22578,78677
2020-05-28 08:00:00,1.22596,1.23442,1.22335,1.23176,69580
2020-05-29 08:00:00,1.23145,1.23938,1.22900,1.23509,91364
2020-06-01 08:00:00,1.23231,1.25063,1.23231,1.24874,68129
2020-06-02 08:00:00,1.24864,1.25755,1.24782,1.25492,75153
2020-06-03 08:00:00,1.25486,1.26152,1.25434,1.25713,80318
2020-06-04 08:00:00,1.25712,1.26331,1.25005,1.25932,79214
2020-06-05 08:00:00,1.25947,1.27309,1.25827,1.26678,79793
2020-06-08 08:00:00,1.26690,1.27354,1.26278,1.27214,60121
2020-06-09 08:00:00,1.27218,1.27552,1.26175,1.27271,72125
2020-06-10 08:00:00,1.27301,1.28129,1.27058,1.27467,89342
2020-06-11 08:00:00,1.27452,1.27540,1.25861,1.26010,106433
2020-06-12 08:00:00,1.25990,1.26531,1.24735,1.25482,107536
2020-06-15 08:00:00,1.25094,1.26061,1.24540,1.26039,97262
2020-06-16 08:00:00,1.26043,1.26872,1.25521,1.25721,97769
2020-06-17 08:00:00,1.25720,1.25882,1.25108,1.25550,79626
2020-06-18 08:00:00,1.25535,1.25667,1.24012,1.24231,77475
2020-06-19 08:00:00,1.24233,1.24557,1.23437,1.23486,67081
2020-06-22 08:00:00,1.23410,1.24767,1.23350,1.24672,57113
2020-06-23 08:00:00,1.24666,1.25316,1.24317,1.25187,75438
2020-06-24 08:00:00,1.25178,1.25425,1.24139,1.24169,68408
2020-06-25 08:00:00,1.24166,1.24642,1.23885,1.24173,52017
2020-06-26 08:00:00,1.24170,1.24365,1.23140,1.23363,46146
2020-06-29 08:00:00,1.23231,1.23892,1.22509,1.22976,43305
2020-06-30 08:00:00,1.22976,1.24012,1.22573,1.24000,45476
2020-07-01 08:00:00,1.23991,1.24901,1.23589,1.24739,45853
2020-07-02 08:00:00,1.24726,1.25296,1.24559,1.24670,42752
2020-07-03 08:00:00,1.24652,1.24862,1.24373,1.24816,37015
2020-07-06 08:00:00,1.24604,1.25197,1.24600,1.24911,41218
2020-07-07 08:00:00,1.24899,1.25918,1.24625,1.25431,46857
2020-07-08 08:00:00,1.25388,1.26227,1.25081,1.26085,48464
2020-07-09 08:00:00,1.26092,1.26693,1.25923,1.26057,50443
2020-07-10 08:00:00,1.26053,1.26638,1.25663,1.26200,42285
2020-07-13 08:00:00,1.26159,1.26658,1.25500,1.25536,44807
2020-07-14 08:00:00,1.25531,1.25632,1.24797,1.25521,52031
2020-07-15 08:00:00,1.25514,1.26492,1.25466,1.25863,45666
2020-07-16 08:00:00,1.25863,1.26241,1.25194,1.25523,42717
2020-07-17 08:00:00,1.25519,1.25742,1.25114,1.25671,38739
2020-07-20 08:00:00,1.25444,1.26651,1.25178,1.26609,42824
2020-07-21 08:00:00,1.26609,1.27675,1.26500,1.27302,51261
2020-07-22 08:00:00,1.27303,1.27431,1.26438,1.27330,52449
2020-07-23 08:00:00,1.27321,1.27597,1.26730,1.27399,49232
2020-07-24 08:00:00,1.27389,1.28029,1.27169,1.27953,43990
2020-07-27 08:00:00,1.27903,1.29027,1.27773,1.28806,50389
2020-07-28 08:00:00,1.28796,1.29521,1.28378,1.29305,48102
2020-07-29 08:00:00,1.29297,1.30130,1.29117,1.29948,48284
2020-07-30 08:00:00,1.29944,1.31024,1.29443,1.30942,55615
2020-07-31 08:00:00,1.30933,1.31699,1.30700,1.30822,64544
2020-08-03 08:00:00,1.30751,1.31121,1.30044,1.30744,49534
2020-08-04 08:00:00,1.30751,1.31078,1.29808,1.30711,45509
2020-08-05 08:00:00,1.30701,1.31612,1.30538,1.31132,45731
2020-08-06 08:00:00,1.31124,1.31853,1.31110,1.31422,57801
2020-08-07 08:00:00,1.31404,1.31504,1.30090,1.30538,52997
2020-08-10 08:00:00,1.30590,1.31029,1.30185,1.30709,37274
2020-08-11 08:00:00,1.30705,1.31317,1.30413,1.30470,48075
2020-08-12 08:00:00,1.30498,1.30671,1.30047,1.30326,50391
2020-08-13 08:00:00,1.30315,1.31246,1.30245,1.30659,43025
2020-08-14 08:00:00,1.30654,1.31423,1.30479,1.30903,41452
2020-08-17 08:00:00,1.30831,1.31213,1.30737,1.31034,37064
2020-08-18 08:00:00,1.31019,1.32492,1.30950,1.32376,44985
2020-08-19 08:00:00,1.32367,1.32667,1.30935,1.30971,52283
2020-08-20 08:00:00,1.30968,1.32242,1.30643,1.32129,58861
2020-08-21 08:00:00,1.32130,1.32552,1.30588,1.30895,56611
2020-08-24 08:00:00,1.30820,1.31484,1.30535,1.30625,40942
2020-08-25 08:00:00,1.30614,1.31703,1.30550,1.31503,49544
2020-08-26 08:00:00,1.31493,1.32186,1.31168,1.32084,43677
2020-08-27 08:00:00,1.32082,1.32839,1.31607,1.31987,62066
2020-08-28 08:00:00,1.32011,1.33563,1.31859,1.33512,56687
2020-08-31 08:00:00,1.33448,1.33952,1.33014,1.33677,46789
2020-09-01 08:00:00,1.33670,1.34820,1.33559,1.33825,58853
2020-09-02 08:00:00,1.33824,1.34021,1.32830,1.33505,54241
2020-09-03 08:00:00,1.33502,1.33590,1.32419,1.32801,55896
2020-09-04 08:00:00,1.32802,1.33189,1.31755,1.32763,57417
2020-09-07 08:00:00,1.32570,1.32674,1.31402,1.31619,37329
2020-09-08 08:00:00,1.31618,1.31715,1.29795,1.29801,54797
2020-09-09 08:00:00,1.29821,1.30226,1.28846,1.30013,51520
2020-09-10 08:00:00,1.30017,1.30349,1.27725,1.28036,61751
2020-09-11 08:00:00,1.28035,1.28650,1.27620,1.27966,51416
2020-09-14 08:00:00,1.27805,1.29189,1.27744,1.28458,40210
2020-09-15 08:00:00,1.28445,1.29257,1.28146,1.28884,38272
2020-09-16 08:00:00,1.28882,1.30074,1.28747,1.29662,53304
2020-09-17 08:00:00,1.29681,1.29990,1.28643,1.29725,72146
2020-09-18 08:00:00,1.29729,1.29996,1.29140,1.29221,49955
2020-09-21 08:00:00,1.29275,1.29660,1.27750,1.28156,55388
2020-09-22 08:00:00,1.28167,1.28666,1.27107,1.27291,55748
2020-09-23 08:00:00,1.27297,1.27767,1.26748,1.27215,57296
2020-09-24 08:00:00,1.27221,1.27805,1.26902,1.27407,64597
2020-09-25 08:00:00,1.27407,1.28051,1.26870,1.27419,49349
2020-09-28 08:00:00,1.27622,1.29296,1.27508,1.28311,47024
2020-09-29 08:00:00,1.28316,1.29024,1.28223,1.28587,51005
2020-09-30 08:00:00,1.28602,1.29419,1.28051,1.29165,65681
2020-10-01 08:00:00,1.29170,1.29784,1.28185,1.28859,64828
2020-10-02 08:00:00,1.28924,1.29539,1.28360,1.29366,68874
2020-10-05 08:00:00,1.29255,1.29905,1.28992,1.29764,43189
2020-10-06 08:00:00,1.29767,1.30067,1.28664,1.28711,54072
2020-10-07 08:00:00,1.28712,1.29293,1.28442,1.29144,51294
2020-10-08 08:00:00,1.29134,1.29699,1.28906,1.29360,42978
2020-10-09 08:00:00,1.29357,1.30487,1.29203,1.30487,40878
2020-10-12 08:00:00,1.30245,1.30823,1.30051,1.30620,36161
2020-10-13 08:00:00,1.30637,1.30681,1.29216,1.29348,46380
2020-10-14 08:00:00,1.29349,1.30643,1.28625,1.30114,47092
2020-10-15 08:00:00,1.30114,1.30295,1.28900,1.29025,54018
2020-10-16 08:00:00,1.29022,1.29621,1.28562,1.29073,47472
2020-10-19 08:00:00,1.28950,1.30241,1.28929,1.29421,45210
2020-10-20 08:00:00,1.29421,1.29793,1.29105,1.29469,42365
2020-10-21 08:00:00,1.29463,1.31764,1.29373,1.31454,51246
2020-10-22 08:00:00,1.31421,1.31527,1.30700,1.30801,46147
2020-10-23 08:00:00,1.30894,1.31218,1.30187,1.30437,42094
2020-10-26 08:00:00,1.30528,1.30748,1.29925,1.30161,46920
2020-10-27 08:00:00,1.30161,1.30794,1.30003,1.30420,40904
2020-10-28 08:00:00,1.30420,1.30635,1.29160,1.29841,57852
2020-10-29 08:00:00,1.29822,1.30256,1.28804,1.29256,58312
2020-10-30 08:00:00,1.29256,1.29877,1.28987,1.29502,58672
2020-11-02 08:00:00,1.29216,1.29424,1.28535,1.29154,44970
2020-11-03 08:00:00,1.29154,1.30784,1.29073,1.30576,36867
2020-11-04 08:00:00,1.30573,1.31398,1.29137,1.29860,80452
2020-11-05 08:00:00,1.29858,1.31548,1.29294,1.31452,147876
2020-11-06 08:00:00,1.31452,1.31771,1.30923,1.31475,156946
2020-11-09 08:00:00,1.31547,1.32083,1.31182,1.31632,175614
2020-11-10 08:00:00,1.31627,1.32783,1.31544,1.32692,160629
2020-11-11 08:00:00,1.32692,1.33138,1.31909,1.32205,114931
2020-11-12 08:00:00,1.32205,1.32283,1.31060,1.31150,104698
2020-11-13 08:00:00,1.31144,1.31996,1.31089,1.31982,88619
2020-11-16 08:00:00,1.31602,1.32426,1.31594,1.31964,98178
2020-11-17 08:00:00,1.31967,1.32727,1.31789,1.32449,99231
2020-11-18 08:00:00,1.32449,1.33121,1.32433,1.32657,87068
2020-11-19 08:00:00,1.32709,1.32790,1.31956,1.32599,97012
2020-11-20 08:00:00,1.32604,1.32969,1.32448,1.32896,86940
2020-11-23 08:00:00,1.32873,1.33978,1.32636,1.33244,95921
2020-11-24 08:00:00,1.33250,1.33803,1.32925,1.33585,104800
2020-11-25 08:00:00,1.33586,1.33934,1.33038,1.33860,96349
2020-11-26 08:00:00,1.33723,1.33977,1.33217,1.33567,57715
2020-11-27 08:00:00,1.33566,1.33817,1.32877,1.33083,77611
2020-11-30 08:00:00,1.33266,1.33845,1.33052,1.33224,94300
2020-12-01 08:00:00,1.33201,1.34426,1.33155,1.34186,91787
2020-12-02 08:00:00,1.34199,1.34409,1.32873,1.33645,95733
2020-12-03 08:00:00,1.33656,1.35001,1.33473,1.34505,79110
2020-12-04 08:00:00,1.34401,1.35397,1.34109,1.34344,93549
2020-12-07 08:00:00,1.34093,1.34377,1.32243,1.33789,94156
2020-12-08 08:00:00,1.33772,1.33933,1.32894,1.33575,98828
2020-12-09 08:00:00,1.33539,1.34777,1.33485,1.34017,81621
2020-12-10 08:00:00,1.34020,1.34105,1.32454,1.32909,102405
2020-12-11 08:00:00,1.32945,1.33244,1.31338,1.32296,92613
2020-12-14 08:00:00,1.33427,1.34450,1.32899,1.33288,94306
2020-12-15 08:00:00,1.33238,1.34699,1.32801,1.34575,98818
2020-12-16 08:00:00,1.34573,1.35538,1.34342,1.35078,94769
2020-12-17 08:00:00,1.35081,1.36245,1.34951,1.35832,85801
2020-12-18 08:00:00,1.35854,1.35896,1.34712,1.34976,79259
2020-12-21 08:00:00,1.33952,1.34987,1.31877,1.34608,118344
2020-12-22 08:00:00,1.34617,1.34692,1.33039,1.33586,101867
2020-12-23 08:00:00,1.33593,1.35703,1.33519,1.34904,105108
2020-12-24 08:00:00,1.34908,1.36193,1.34876,1.35336,69180
2020-12-28 08:00:00,1.35441,1.35762,1.34293,1.34511,74871
2020-12-29 08:00:00,1.34507,1.35225,1.34392,1.35003,87063
2020-12-30 08:00:00,1.35003,1.36253,1.34902,1.36237,86197
2020-12-31 08:00:00,1.36234,1.36863,1.36040,1.36745,83170
2021-01-04 08:00:00,1.36452,1.37037,1.35418,1.35680,104056
2021-01-05 08:00:00,1.35679,1.36421,1.35540,1.36255,97393
2021-01-06 08:00:00,1.36252,1.36711,1.35385,1.36078,130167
2021-01-07 08:00:00,1.36065,1.36332,1.35326,1.35625,97410
2021-01-08 08:00:00,1.35626,1.36356,1.35380,1.35606,111871
2021-01-11 08:00:00,1.35402,1.35688,1.34508,1.35116,95423
2021-01-12 08:00:00,1.35112,1.36700,1.35040,1.36626,93047
2021-01-13 08:00:00,1.36625,1.37008,1.36117,1.36338,86416
2021-01-14 08:00:00,1.36352,1.37110,1.36160,1.36862,91933
2021-01-15 08:00:00,1.36858,1.36975,1.35724,1.35820,90213
2021-01-18 08:00:00,1.35870,1.35987,1.35196,1.35851,68189
2021-01-19 08:00:00,1.35853,1.36364,1.35730,1.36325,78451
2021-01-20 08:00:00,1.36291,1.37186,1.36225,1.36504,85549
2021-01-21 08:00:00,1.36506,1.37462,1.36476,1.37304,80449
2021-01-22 08:00:00,1.37311,1.37357,1.36356,1.36822,73034
2021-01-25 08:00:00,1.36793,1.37237,1.36487,1.36743,77208
2021-01-26 08:00:00,1.36744,1.37441,1.36099,1.37359,70048
2021-01-27 08:00:00,1.37362,1.37586,1.36590,1.36853,94235
2021-01-28 08:00:00,1.36852,1.37455,1.36301,1.37181,101305
2021-01-29 08:00:00,1.37186,1.37514,1.36573,1.36981,98298
2021-02-01 08:00:00,1.37029,1.37579,1.36564,1.36601,85137
2021-02-02 08:00:00,1.36596,1.37105,1.36113,1.36672,79984
2021-02-03 08:00:00,1.36669,1.36831,1.36193,1.36435,77118
2021-02-04 08:00:00,1.36428,1.36977,1.35647,1.36715,81986
2021-02-05 08:00:00,1.36715,1.37399,1.36603,1.37363,84121
2021-02-08 08:00:00,1.37169,1.37492,1.36802,1.37379,80436
2021-02-09 08:00:00,1.37376,1.38206,1.37312,1.38154,81855
2021-02-10 08:00:00,1.38154,1.38659,1.38024,1.38314,68324
2021-02-11 08:00:00,1.38303,1.38591,1.38005,1.38143,67360
2021-02-12 08:00:00,1.38127,1.38623,1.37756,1.38533,75991
2021-02-15 08:00:00,1.38462,1.39191,1.38462,1.38997,62853
2021-02-16 08:00:00,1.38995,1.39521,1.38694,1.39021,98552
2021-02-17 08:00:00,1.39014,1.39076,1.38296,1.38596,104013
2021-02-18 08:00:00,1.38626,1.39857,1.38396,1.39725,93173
2021-02-19 08:00:00,1.39725,1.40362,1.39511,1.40043,88575
2021-02-22 08:00:00,1.40092,1.40861,1.39803,1.40608,98081
2021-02-23 08:00:00,1.40608,1.41172,1.40543,1.41126,90005
2021-02-24 08:00:00,1.41125,1.42409,1.40821,1.41389,114088
2021-02-25 08:00:00,1.41378,1.41817,1.40001,1.40070,140714
2021-02-26 08:00:00,1.40091,1.40262,1.38877,1.39270,175108
2021-03-01 08:00:00,1.39284,1.39991,1.39038,1.39247,123418
2021-03-02 08:00:00,1.39241,1.39769,1.38588,1.39517,103137
2021-03-03 08:00:00,1.39515,1.40062,1.39207,1.39486,93768
2021-03-04 08:00:00,1.39478,1.40165,1.38799,1.38936,118092
2021-03-05 08:00:00,1.38927,1.39065,1.37778,1.38289,102544
2021-03-08 08:00:00,1.37976,1.38645,1.37976,1.38198,139361
2021-03-09 08:00:00,1.38202,1.39250,1.38014,1.38866,127174
2021-03-10 08:00:00,1.38855,1.39377,1.38449,1.39332,116565
2021-03-11 08:00:00,1.39331,1.39950,1.39170,1.39900,104527
2021-03-12 08:00:00,1.39891,1.40046,1.38628,1.39186,107228
2021-03-15 08:00:00,1.39165,1.39496,1.38530,1.39001,94265
2021-03-16 08:00:00,1.38996,1.39056,1.38088,1.38915,90777
2021-03-17 08:00:00,1.38924,1.39703,1.38505,1.39593,95970
2021-03-18 08:00:00,1.39592,1.40009,1.38969,1.39276,114472
2021-03-19 08:00:00,1.39277,1.39588,1.38304,1.38628,99995
2021-03-22 08:00:00,1.38366,1.38763,1.38171,1.38583,77649
2021-03-23 08:00:00,1.38583,1.38640,1.37401,1.37494,87848
2021-03-24 08:00:00,1.37494,1.37568,1.36736,1.36866,79756
2021-03-25 08:00:00,1.36866,1.37448,1.36698,1.37380,84825
2021-03-26 08:00:00,1.37376,1.38119,1.37324,1.37913,66464
2021-03-29 08:00:00,1.37762,1.38464,1.37548,1.37598,67536
2021-03-30 08:00:00,1.37601,1.37832,1.37057,1.37390,66153
2021-03-31 08:00:00,1.37385,1.38115,1.37156,1.37797,68626
2021-04-01 08:00:00,1.37816,1.38360,1.37458,1.38316,65157
2021-04-02 08:00:00,1.38320,1.38514,1.38096,1.38311,59311
2021-04-05 08:00:00,1.38104,1.39130,1.38104,1.38986,42332
2021-04-06 08:00:00,1.38986,1.39182,1.38016,1.38221,59929
2021-04-07 08:00:00,1.38217,1.38393,1.37238,1.37371,66480
2021-04-08 08:00:00,1.37370,1.37822,1.37184,1.37325,54799
2021-04-09 08:00:00,1.37319,1.37504,1.36696,1.37020,54094
2021-04-12 08:00:00,1.37012,1.37760,1.36684,1.37387,52659
2021-04-13 08:00:00,1.37401,1.37682,1.36934,1.37507,57974
2021-04-14 08:00:00,1.37500,1.38081,1.37459,1.37773,46068
2021-04-15 08:00:00,1.37773,1.38085,1.37611,1.37829,49938
2021-04-16 08:00:00,1.37824,1.38404,1.37157,1.38401,46776
2021-04-19 08:00:00,1.38244,1.39922,1.38092,1.39846,60799
2021-04-20 08:00:00,1.39853,1.40087,1.39257,1.39371,53523
2021-04-21 08:00:00,1.39371,1.39492,1.38856,1.39271,49579
2021-04-22 08:00:00,1.39272,1.39496,1.38238,1.38383,57259
2021-04-23 08:00:00,1.38381,1.38955,1.38304,1.38847,47414
2021-04-26 08:00:00,1.38690,1.39291,1.38642,1.38981,48121
2021-04-27 08:00:00,1.38980,1.39240,1.38588,1.39107,44130
2021-04-28 08:00:00,1.39110,1.39507,1.38611,1.39334,57540
2021-04-29 08:00:00,1.39331,1.39767,1.39267,1.39402,57206
2021-04-30 08:00:00,1.39401,1.39581,1.38027,1.38128,55150
2021-05-03 08:00:00,1.38071,1.39319,1.37971,1.39081,44596
2021-05-04 08:00:00,1.39083,1.39133,1.38382,1.38854,66494
2021-05-05 08:00:00,1.38856,1.39262,1.38763,1.39036,49297
2021-05-06 08:00:00,1.39046,1.39407,1.38567,1.38878,60052
2021-05-07 08:00:00,1.38878,1.40057,1.38824,1.39870,63862
2021-05-10 08:00:00,1.40044,1.41583,1.39941,1.41166,64391
2021-05-11 08:00:00,1.41166,1.41662,1.41041,1.41410,69324
2021-05-12 08:00:00,1.41411,1.41533,1.40500,1.40521,77579
2021-05-13 08:00:00,1.40520,1.40783,1.40059,1.40494,71362
2021-05-14 08:00:00,1.40488,1.41107,1.40358,1.40968,55757
2021-05-17 08:00:00,1.40942,1.41466,1.40775,1.41376,58020
2021-05-18 08:00:00,1.41360,1.42200,1.41297,1.41849,60879
2021-05-19 08:00:00,1.41857,1.42009,1.40995,1.41128,87478
2021-05-20 08:00:00,1.41129,1.41923,1.41012,1.41891,67175
2021-05-21 08:00:00,1.41891,1.42336,1.41408,1.41507,74035
2021-05-24 08:00:00,1.41414,1.41717,1.41116,1.41549,72344
2021-05-25 08:00:00,1.41546,1.42109,1.41155,1.41490,77592
2021-05-26 08:00:00,1.41486,1.41759,1.41124,1.41158,72102
2021-05-27 08:00:00,1.41166,1.42193,1.40914,1.42036,79555
2021-05-28 08:00:00,1.42025,1.42083,1.41364,1.41879,93219
2021-05-31 08:00:00,1.41744,1.42175,1.41637,1.42094,56182
2021-06-01 08:00:00,1.42091,1.42490,1.41466,1.41474,87524
2021-06-02 08:00:00,1.41474,1.41834,1.41118,1.41695,79231
2021-06-03 08:00:00,1.41693,1.42028,1.40864,1.41039,87842
2021-06-04 08:00:00,1.41039,1.42004,1.40832,1.41649,82651
2021-06-07 08:00:00,1.41534,1.41911,1.41115,1.41803,70474
2021-06-08 08:00:00,1.41801,1.41846,1.41211,1.41548,70483
2021-06-09 08:00:00,1.41551,1.41889,1.41098,1.41149,58488
2021-06-10 08:00:00,1.41127,1.41782,1.40733,1.41754,88058
2021-06-11 08:00:00,1.41759,1.41853,1.40960,1.41130,69973
2021-06-14 08:00:00,1.40944,1.41239,1.40704,1.41084,64116
2021-06-15 08:00:00,1.41065,1.41287,1.40344,1.40832,69053
2021-06-16 08:00:00,1.40809,1.41327,1.39823,1.39866,76444
2021-06-17 08:00:00,1.39850,1.40088,1.38959,1.39255,98640
2021-06-18 08:00:00,1.39227,1.39449,1.37919,1.37967,85454
2021-06-21 08:00:00,1.37942,1.39370,1.37864,1.39335,98520
2021-06-22 08:00:00,1.39325,1.39636,1.38603,1.39475,79823
2021-06-23 08:00:00,1.39455,1.40013,1.39239,1.39623,85334
2021-06-24 08:00:00,1.39625,1.39862,1.38896,1.39243,84381
2021-06-25 08:00:00,1.39219,1.39355,1.38715,1.38822,68767
2021-06-28 08:00:00,1.38692,1.39394,1.38692,1.38815,66410
2021-06-29 08:00:00,1.38785,1.38846,1.38140,1.38378,68034
2021-06-30 08:00:00,1.38364,1.38728,1.37987,1.38315,78479
2021-07-01 08:00:00,1.38296,1.38346,1.37529,1.37630,78040
2021-07-02 08:00:00,1.37603,1.38445,1.37316,1.38325,81494
2021-07-05 08:00:00,1.38152,1.38620,1.38152,1.38453,52563
2021-07-06 08:00:00,1.38438,1.38980,1.37730,1.37990,88159
2021-07-07 08:00:00,1.37990,1.38418,1.37539,1.38011,91411
2021-07-08 08:00:00,1.37990,1.38052,1.37422,1.37856,103148
2021-07-09 08:00:00,1.37851,1.39005,1.37553,1.38997,95030
2021-07-12 08:00:00,1.38884,1.39099,1.38392,1.38831,63511
2021-07-13 08:00:00,1.38804,1.39053,1.38001,1.38145,69080
2021-07-14 08:00:00,1.38129,1.38917,1.38016,1.38603,72391
2021-07-15 08:00:00,1.38591,1.38988,1.38050,1.38272,80362
2021-07-16 08:00:00,1.38249,1.38618,1.37604,1.37649,68129
2021-07-19 08:00:00,1.37622,1.37763,1.36549,1.36756,97325
2021-07-20 08:00:00,1.36753,1.36895,1.35719,1.36282,81704
2021-07-21 08:00:00,1.36257,1.37230,1.35913,1.37159,68186
2021-07-22 08:00:00,1.37135,1.37870,1.36907,1.37683,69280
2021-07-23 08:00:00,1.37656,1.37799,1.37199,1.37463,64967
2021-07-26 08:00:00,1.37524,1.38333,1.37366,1.38184,67174
2021-07-27 08:00:00,1.38164,1.38941,1.37669,1.38785,74665
2021-07-28 08:00:00,1.38772,1.39107,1.38433,1.39028,69406
2021-07-29 08:00:00,1.39007,1.39817,1.38980,1.39619,52882
2021-07-30 08:00:00,1.39599,1.39832,1.38875,1.39070,57825
2021-08-02 08:00:00,1.38912,1.39323,1.38756,1.38871,51441
2021-08-03 08:00:00,1.38849,1.39389,1.38703,1.39156,55199
2021-08-04 08:00:00,1.39139,1.39576,1.38857,1.38887,53446
2021-08-05 08:00:00,1.38876,1.39489,1.38722,1.39297,54628
2021-08-06 08:00:00,1.39268,1.39327,1.38613,1.38741,46149
2021-08-09 08:00:00,1.38692,1.38944,1.38407,1.38462,48863
2021-08-10 08:00:00,1.38468,1.38725,1.38277,1.38387,40653
2021-08-11 08:00:00,1.38359,1.38878,1.38028,1.38650,45137
2021-08-12 08:00:00,1.38667,1.38786,1.37950,1.38069,38648
2021-08-13 08:00:00,1.38037,1.38751,1.37906,1.38699,31019
2021-08-16 08:00:00,1.38487,1.38782,1.38278,1.38415,37997
2021-08-17 08:00:00,1.38395,1.38449,1.37261,1.37438,44858
2021-08-18 08:00:00,1.37391,1.37865,1.37237,1.37556,40776
2021-08-19 08:00:00,1.37535,1.37581,1.36321,1.36352,49391
2021-08-20 08:00:00,1.36352,1.36456,1.36022,1.36232,41071
2021-08-23 08:00:00,1.36092,1.37321,1.36076,1.37243,38589
2021-08-24 08:00:00,1.37219,1.37477,1.36938,1.37279,37615
2021-08-25 08:00:00,1.37270,1.37667,1.36968,1.37630,40706
2021-08-26 08:00:00,1.37612,1.37681,1.36895,1.36989,46009
2021-08-27 08:00:00,1.36971,1.37803,1.36797,1.37562,50054
2021-08-30 08:00:00,1.37510,1.37749,1.37338,1.37571,35296
2021-08-31 08:00:00,1.37556,1.38077,1.37428,1.37539,60312
2021-09-01 08:00:00,1.37528,1.37976,1.37304,1.37678,49793
2021-09-02 08:00:00,1.37677,1.38393,1.37653,1.38314,41536
2021-09-03 08:00:00,1.38320,1.38914,1.38179,1.38576,51197
2021-09-06 08:00:00,1.38544,1.38668,1.38185,1.38342,32732
2021-09-07 08:00:00,1.38318,1.38565,1.37677,1.37841,52051
2021-09-08 08:00:00,1.37812,1.37902,1.37263,1.37708,59473
2021-09-09 08:00:00,1.37706,1.38624,1.37532,1.38354,62580
2021-09-10 08:00:00,1.38347,1.38884,1.38252,1.38294,51028
2021-09-13 08:00:00,1.38224,1.38511,1.37967,1.38387,60032
2021-09-14 08:00:00,1.38367,1.39131,1.38032,1.38073,71959
2021-09-15 08:00:00,1.38063,1.38532,1.37920,1.38407,65057
2021-09-16 08:00:00,1.38388,1.38522,1.37642,1.37938,68707
2021-09-17 08:00:00,1.37914,1.38127,1.37265,1.37271,70609
2021-09-20 08:00:00,1.37252,1.37498,1.36406,1.36572,67117
2021-09-21 08:00:00,1.36577,1.36929,1.36412,1.36587,80175
2021-09-22 08:00:00,1.36576,1.36894,1.36092,1.36147,87955
2021-09-23 08:00:00,1.36151,1.37505,1.36092,1.37191,89935
2021-09-24 08:00:00,1.37180,1.37360,1.36581,1.36709,66186
2021-09-27 08:00:00,1.36644,1.37287,1.36567,1.36984,74688
2021-09-28 08:00:00,1.36983,1.37171,1.35205,1.35367,84958
2021-09-29 08:00:00,1.35346,1.35549,1.34117,1.34253,91870
2021-09-30 08:00:00,1.34243,1.35174,1.34155,1.34728,85852
2021-10-01 08:00:00,1.34707,1.35757,1.34334,1.35427,104235
2021-10-04 08:00:00,1.35418,1.36400,1.35316,1.36071,87095
2021-10-05 08:00:00,1.36059,1.36478,1.35845,1.36252,80438
2021-10-06 08:00:00,1.36228,1.36312,1.35438,1.35807,102954
2021-10-07 08:00:00,1.35805,1.36380,1.35703,1.36153,71095
2021-10-08 08:00:00,1.36135,1.36583,1.35835,1.36174,76490
2021-10-11 08:00:00,1.36144,1.36735,1.35839,1.35937,64760
2021-10-12 08:00:00,1.35925,1.36374,1.35688,1.35866,74361
2021-10-13 08:00:00,1.35856,1.36644,1.35752,1.36576,79341
2021-10-14 08:00:00,1.36564,1.37343,1.36502,1.36713,63142
2021-10-15 08:00:00,1.36695,1.37730,1.36675,1.37440,66921
2021-10-18 08:00:00,1.37439,1.37647,1.37095,1.37264,69613
2021-10-19 08:00:00,1.37259,1.38340,1.37202,1.37930,66229
2021-10-20 08:00:00,1.37896,1.38346,1.37424,1.38226,67139
2021-10-21 08:00:00,1.38215,1.38332,1.37762,1.37908,70979
2021-10-22 08:00:00,1.37889,1.38148,1.37358,1.37593,95483
2021-10-25 08:00:00,1.37366,1.37923,1.37366,1.37643,94582
2021-10-26 08:00:00,1.37642,1.38295,1.37566,1.37662,84815
2021-10-27 08:00:00,1.37620,1.37808,1.37094,1.37416,102619
2021-10-28 08:00:00,1.37391,1.38148,1.37218,1.37921,111555
2021-10-29 08:00:00,1.37919,1.38041,1.36683,1.36920,105326
2021-11-01 08:00:00,1.36807,1.36934,1.36419,1.36644,86460
2021-11-02 08:00:00,1.36638,1.36677,1.36051,1.36154,85631
2021-11-03 08:00:00,1.36125,1.36913,1.36072,1.36830,88068
2021-11-04 08:00:00,1.36833,1.36979,1.34712,1.34978,86362
2021-11-05 08:00:00,1.34945,1.35091,1.34242,1.34953,83922
2021-11-08 08:00:00,1.34812,1.35794,1.34501,1.35635,73915
2021-11-09 08:00:00,1.35631,1.36071,1.35242,1.35570,83371
2021-11-10 08:00:00,1.35565,1.35653,1.34004,1.34034,100547
2021-11-11 08:00:00,1.34003,1.34330,1.33583,1.33696,71584
2021-11-12 08:00:00,1.33659,1.34261,1.33527,1.34125,69021
2021-11-15 08:00:00,1.34046,1.34495,1.34030,1.34127,75652
2021-11-16 08:00:00,1.34095,1.34730,1.34050,1.34274,89286
2021-11-17 08:00:00,1.34270,1.34961,1.33956,1.34889,83660
2021-11-18 08:00:00,1.34884,1.35136,1.34635,1.34976,73746
2021-11-19 08:00:00,1.34953,1.35094,1.34070,1.34448,95937
2021-11-22 08:00:00,1.34384,1.34580,1.33841,1.33943,89864
2021-11-23 08:00:00,1.33942,1.34093,1.33423,1.33771,90035
2021-11-24 08:00:00,1.33755,1.33902,1.33154,1.33267,88530
2021-11-25 08:00:00,1.33257,1.33534,1.33052,1.33208,67738
2021-11-26 08:00:00,1.33190,1.33647,1.32781,1.33275,112907
2021-11-29 08:00:00,1.33281,1.33631,1.32873,1.33131,73042
2021-11-30 08:00:00,1.33116,1.33703,1.31940,1.32984,107882
2021-12-01 08:00:00,1.32973,1.33522,1.32615,1.32754,95317
2021-12-02 08:00:00,1.32737,1.33335,1.32681,1.33020,82574
2021-12-03 08:00:00,1.32970,1.33103,1.32089,1.32299,84164
2021-12-06 08:00:00,1.32116,1.32860,1.32114,1.32627,65538
2021-12-07 08:00:00,1.32600,1.32892,1.32089,1.32420,64246
2021-12-08 08:00:00,1.32408,1.32609,1.31602,1.32031,79455
2021-12-09 08:00:00,1.32036,1.32222,1.31709,1.32189,65340
2021-12-10 08:00:00,1.32184,1.32753,1.31869,1.32629,59651
2021-12-13 08:00:00,1.32496,1.32689,1.32064,1.32150,64953
2021-12-14 08:00:00,1.32111,1.32565,1.31908,1.32290,57528
2021-12-15 08:00:00,1.32266,1.32828,1.31716,1.32618,77660
2021-12-16 08:00:00,1.32576,1.33745,1.32414,1.33221,86299
2021-12-17 08:00:00,1.33185,1.33394,1.32299,1.32360,74124
2021-12-20 08:00:00,1.32356,1.32447,1.31734,1.32067,60223
2021-12-21 08:00:00,1.32057,1.32704,1.31972,1.32638,47499
2021-12-22 08:00:00,1.32626,1.33632,1.32400,1.33525,47877
2021-12-23 08:00:00,1.33524,1.34379,1.33405,1.34107,42390
2021-12-24 08:00:00,1.34106,1.34206,1.33901,1.33971,86943
2021-12-27 08:00:00,1.33796,1.34449,1.33796,1.34405,27958
2021-12-28 08:00:00,1.34387,1.34617,1.34151,1.34310,29340
2021-12-29 08:00:00,1.34295,1.34993,1.34083,1.34886,36276
2021-12-30 08:00:00,1.34854,1.35213,1.34544,1.35002,38471
2021-12-31 08:00:00,1.34975,1.35498,1.34650,1.35232,37625
2022-01-03 08:00:00,1.35256,1.35336,1.34308,1.34786,43098
2022-01-04 08:00:00,1.34763,1.35575,1.34597,1.35281,47410
2022-01-05 08:00:00,1.35254,1.35985,1.35197,1.35539,53442
2022-01-06 08:00:00,1.35521,1.35587,1.34902,1.35313,57135
2022-01-07 08:00:00,1.35309,1.35971,1.35251,1.35903,48614
2022-01-10 08:00:00,1.35664,1.36036,1.35321,1.35761,52787
2022-01-11 08:00:00,1.35746,1.36358,1.35609,1.36340,53876
2022-01-12 08:00:00,1.36330,1.37142,1.36206,1.37004,50043
2022-01-13 08:00:00,1.37003,1.37489,1.36984,1.37051,51844
2022-01-14 08:00:00,1.37046,1.37432,1.36533,1.36793,60036
2022-01-17 08:00:00,1.36646,1.36899,1.36373,1.36447,51587
2022-01-18 08:00:00,1.36437,1.36616,1.35725,1.35939,82325
2022-01-19 08:00:00,1.35934,1.36488,1.35878,1.36113,72429
2022-01-20 08:00:00,1.36103,1.36616,1.35871,1.35981,71159
2022-01-21 08:00:00,1.35981,1.36019,1.35457,1.35511,82492
2022-01-24 08:00:00,1.35446,1.35652,1.34399,1.34870,87791
2022-01-25 08:00:00,1.34865,1.35188,1.34360,1.35024,100174
2022-01-26 08:00:00,1.34991,1.35248,1.34440,1.34622,103684
2022-01-27 08:00:00,1.34623,1.34677,1.33577,1.33817,123264
2022-01-28 08:00:00,1.33800,1.34330,1.33650,1.33941,114947
2022-01-31 08:00:00,1.33906,1.34607,1.33860,1.34457,93435
2022-02-01 08:00:00,1.34437,1.35280,1.34339,1.35220,94612
2022-02-02 08:00:00,1.35195,1.35868,1.35137,1.35763,85894
2022-02-03 08:00:00,1.35734,1.36281,1.35378,1.35963,111490
2022-02-04 08:00:00,1.35943,1.36153,1.35050,1.35275,98214
2022-02-07 08:00:00,1.35336,1.35509,1.34906,1.35354,79501
2022-02-08 08:00:00,1.35355,1.35638,1.35074,1.35435,70388
2022-02-09 08:00:00,1.35434,1.35892,1.35266,1.35329,65377
2022-02-10 08:00:00,1.35323,1.36435,1.35232,1.35572,107047
2022-02-11 08:00:00,1.35569,1.36095,1.35141,1.35601,125374
2022-02-14 08:00:00,1.35435,1.35718,1.34948,1.35302,113220
2022-02-15 08:00:00,1.35274,1.35666,1.34865,1.35369,93173
2022-02-16 08:00:00,1.35368,1.36009,1.35270,1.35837,88263
2022-02-17 08:00:00,1.35831,1.36378,1.35554,1.36155,114888
2022-02-18 08:00:00,1.36132,1.36428,1.35733,1.35923,90542
2022-02-21 08:00:00,1.35784,1.36386,1.35784,1.36005,82820
2022-02-22 08:00:00,1.35982,1.36044,1.35382,1.35853,105989
2022-02-23 08:00:00,1.35826,1.36204,1.35360,1.35428,92395
2022-02-24 08:00:00,1.35402,1.35488,1.32731,1.33764,182335
2022-02-25 08:00:00,1.33754,1.34387,1.33666,1.34096,118744
2022-02-28 08:00:00,1.33217,1.34317,1.33217,1.34179,133689
2022-03-01 08:00:00,1.34170,1.34375,1.33021,1.33239,110638
2022-03-02 08:00:00,1.33224,1.34064,1.32712,1.34046,125789
2022-03-03 08:00:00,1.34032,1.34178,1.33174,1.33468,107707
2022-03-04 08:00:00,1.33420,1.33534,1.32022,1.32331,126486
2022-03-07 08:00:00,1.32129,1.32516,1.31019,1.31033,163249
2022-03-08 08:00:00,1.31035,1.31444,1.30816,1.30997,166083
2022-03-09 08:00:00,1.30999,1.31900,1.30878,1.31795,116667
2022-03-10 08:00:00,1.31794,1.31945,1.30808,1.30851,116139
2022-03-11 08:00:00,1.30835,1.31250,1.30274,1.30363,116078
2022-03-14 08:00:00,1.30330,1.30788,1.30003,1.30039,104820
2022-03-15 08:00:00,1.30024,1.30887,1.30001,1.30370,111174
2022-03-16 08:00:00,1.30360,1.31566,1.30352,1.31456,123973
2022-03-17 08:00:00,1.31425,1.32109,1.30878,1.31491,100041
2022-03-18 08:00:00,1.31484,1.31972,1.31104,1.31762,91194
2022-03-21 08:00:00,1.31690,1.32101,1.31269,1.31642,71170
2022-03-22 08:00:00,1.31631,1.32740,1.31200,1.32601,107225
2022-03-23 08:00:00,1.32577,1.32986,1.31753,1.32023,88314
2022-03-24 08:00:00,1.32018,1.32141,1.31570,1.31825,107021
2022-03-25 08:00:00,1.31803,1.32249,1.31592,1.31837,106448
2022-03-28 08:00:00,1.31706,1.31839,1.30668,1.30896,113866
2022-03-29 08:00:00,1.30890,1.31600,1.30512,1.30916,130728
2022-03-30 08:00:00,1.30871,1.31828,1.30823,1.31328,108888
2022-03-31 08:00:00,1.31313,1.31756,1.31055,1.31354,109298
2022-04-01 08:00:00,1.31325,1.31506,1.30863,1.31108,94819
2022-04-04 08:00:00,1.30829,1.31369,1.30829,1.31139,80440
2022-04-05 08:00:00,1.31120,1.31666,1.30668,1.30724,87316
2022-04-06 08:00:00,1.30723,1.31080,1.30452,1.30672,109959
2022-04-07 08:00:00,1.30682,1.31065,1.30516,1.30744,93127
2022-04-08 08:00:00,1.30745,1.30851,1.29821,1.30330,84731
2022-04-11 08:00:00,1.30231,1.30565,1.29892,1.30292,95624
2022-04-12 08:00:00,1.30277,1.30538,1.29938,1.29995,101778
2022-04-13 08:00:00,1.29992,1.31169,1.29729,1.31163,91258
2022-04-14 08:00:00,1.31151,1.31474,1.30332,1.30753,95840
2022-04-15 08:00:00,1.30716,1.30766,1.30461,1.30606,107575
2022-04-18 08:00:00,1.30445,1.30635,1.30049,1.30133,67584
2022-04-19 08:00:00,1.30071,1.30408,1.29806,1.29969,86573
2022-04-20 08:00:00,1.29941,1.30709,1.29876,1.30666,94025
2022-04-21 08:00:00,1.30668,1.30903,1.30225,1.30292,98250
2022-04-22 08:00:00,1.30277,1.30349,1.28231,1.28379,103290
2022-04-25 08:00:00,1.28332,1.28428,1.26975,1.27393,131254
2022-04-26 08:00:00,1.27372,1.27724,1.25707,1.25733,108405
2022-04-27 08:00:00,1.25715,1.26020,1.25027,1.25441,114775
2022-04-28 08:00:00,1.25396,1.25702,1.24113,1.24574,127454
2022-04-29 08:00:00,1.24559,1.26147,1.24381,1.25765,106735
2022-05-02 08:00:00,1.25774,1.25968,1.24730,1.24898,99848
2022-05-03 08:00:00,1.24896,1.25675,1.24703,1.24978,94693
2022-05-04 08:00:00,1.24979,1.26380,1.24510,1.26345,110968
2022-05-05 08:00:00,1.26260,1.26345,1.23251,1.23617,132758
2022-05-06 08:00:00,1.23616,1.23801,1.22757,1.23352,154425
2022-05-09 08:00:00,1.23475,1.24062,1.22607,1.23288,132787
2022-05-10 08:00:00,1.23290,1.23760,1.22913,1.23145,141136
2022-05-11 08:00:00,1.23120,1.24002,1.22374,1.22427,141912
2022-05-12 08:00:00,1.22463,1.22515,1.21648,1.21961,162435
2022-05-13 08:00:00,1.21963,1.22598,1.21553,1.22586,112425
2022-05-16 08:00:00,1.22372,1.23297,1.22172,1.23178,111594
2022-05-17 08:00:00,1.23177,1.24987,1.23121,1.24878,126599
2022-05-18 08:00:00,1.24878,1.25007,1.23298,1.23384,105327
2022-05-19 08:00:00,1.23384,1.25249,1.23268,1.24583,146298
2022-05-20 08:00:00,1.24594,1.25002,1.24371,1.24907,125251
2022-05-23 08:00:00,1.24656,1.26009,1.24629,1.25783,108339
2022-05-24 08:00:00,1.25784,1.25990,1.24712,1.25290,117552
2022-05-25 08:00:00,1.25283,1.25906,1.24811,1.25722,127675
2022-05-26 08:00:00,1.25721,1.26210,1.25515,1.26022,112352
2022-05-27 08:00:00,1.26022,1.26669,1.25702,1.26289,98824
2022-05-30 08:00:00,1.26081,1.26596,1.26081,1.26502,84370
2022-05-31 08:00:00,1.26472,1.26531,1.25603,1.26012,118149
2022-06-01 08:00:00,1.25976,1.26163,1.24586,1.24850,94720
2022-06-02 08:00:00,1.24835,1.25865,1.24688,1.25762,77914
2022-06-03 08:00:00,1.25724,1.25894,1.24848,1.24854,70552
2022-06-06 08:00:00,1.24869,1.25772,1.24755,1.25294,66404
2022-06-07 08:00:00,1.25307,1.25996,1.24301,1.25902,98676
2022-06-08 08:00:00,1.25877,1.25974,1.25132,1.25336,90364
2022-06-09 08:00:00,1.25311,1.25586,1.24872,1.24912,111551
2022-06-10 08:00:00,1.24879,1.25178,1.23012,1.23103,113100
2022-06-13 08:00:00,1.23144,1.23195,1.21063,1.21328,155815
2022-06-14 08:00:00,1.21282,1.22079,1.19335,1.19960,170315
2022-06-15 08:00:00,1.19950,1.22047,1.19873,1.21785,191045
2022-06-16 08:00:00,1.21783,1.24061,1.20411,1.23491,181346
2022-06-17 08:00:00,1.23470,1.23666,1.21723,1.22173,155349
2022-06-20 08:00:00,1.22096,1.22803,1.21985,1.22508,96794
2022-06-21 08:00:00,1.22480,1.23241,1.22344,1.22788,105937
2022-06-22 08:00:00,1.22776,1.23147,1.21612,1.22619,130128
2022-06-23 08:00:00,1.22582,1.22948,1.21697,1.22612,137208
2022-06-24 08:00:00,1.22595,1.23212,1.22401,1.22714,110987
2022-06-27 08:00:00,1.22494,1.23324,1.22379,1.22652,109196
2022-06-28 08:00:00,1.22643,1.22914,1.21808,1.21817,126044
2022-06-29 08:00:00,1.21810,1.22126,1.21058,1.21205,144771
2022-06-30 08:00:00,1.21197,1.21884,1.20919,1.21778,130724
2022-07-01 08:00:00,1.21725,1.21774,1.19758,1.20932,133604
2022-07-04 08:00:00,1.20970,1.21652,1.20839,1.21040,87625
2022-07-05 08:00:00,1.21064,1.21254,1.18986,1.19561,136436
2022-07-06 08:00:00,1.19541,1.19896,1.18757,1.19226,159522
2022-07-07 08:00:00,1.19192,1.20297,1.19082,1.20208,124463
2022-07-08 08:00:00,1.20194,1.20561,1.19192,1.20333,133389
2022-07-11 08:00:00,1.19989,1.20363,1.18665,1.18912,117130
2022-07-12 08:00:00,1.18906,1.19160,1.18075,1.18861,144224
2022-07-13 08:00:00,1.18832,1.19675,1.18272,1.18892,149482
2022-07-14 08:00:00,1.18863,1.18919,1.17600,1.18239,165080
2022-07-15 08:00:00,1.18210,1.18747,1.18042,1.18632,133687
2022-07-18 08:00:00,1.18656,1.20334,1.18612,1.19513,117970
2022-07-19 08:00:00,1.19489,1.20456,1.19243,1.19929,127488
2022-07-20 08:00:00,1.19931,1.20370,1.19534,1.19743,135119
2022-07-21 08:00:00,1.19706,1.20041,1.18897,1.19938,158031
2022-07-22 08:00:00,1.19902,1.20638,1.19160,1.20048,157555
2022-07-25 08:00:00,1.19799,1.20869,1.19600,1.20428,119332
2022-07-26 08:00:00,1.20398,1.20900,1.19637,1.20284,117771
2022-07-27 08:00:00,1.20256,1.21863,1.20113,1.21558,138094
2022-07-28 08:00:00,1.21529,1.21917,1.21032,1.21781,136919
2022-07-29 08:00:00,1.21768,1.22457,1.20632,1.21822,137347
2022-08-01 08:00:00,1.21574,1.22935,1.21454,1.22483,115473
2022-08-02 08:00:00,1.22451,1.22786,1.21581,1.21652,142392
2022-08-03 08:00:00,1.21600,1.22079,1.21001,1.21462,129752
2022-08-04 08:00:00,1.21412,1.22164,1.20647,1.21586,115757
2022-08-05 08:00:00,1.21550,1.21690,1.20034,1.20730,110316
2022-08-08 08:00:00,1.20659,1.21380,1.20470,1.20806,84978
2022-08-09 08:00:00,1.20770,1.21304,1.20630,1.20769,87522
2022-08-10 08:00:00,1.20736,1.22771,1.20644,1.22141,115710
2022-08-11 08:00:00,1.22114,1.22494,1.21820,1.22026,120224
2022-08-12 08:00:00,1.21964,1.22169,1.20999,1.21354,104037
2022-08-15 08:00:00,1.21089,1.21482,1.20497,1.20535,89307
2022-08-16 08:00:00,1.20522,1.21178,1.20078,1.20958,100299
2022-08-17 08:00:00,1.20937,1.21432,1.20280,1.20470,116687
2022-08-18 08:00:00,1.20440,1.20798,1.19224,1.19295,126874
2022-08-19 08:00:00,1.19277,1.19368,1.17920,1.18253,123270
2022-08-22 08:00:00,1.18104,1.18366,1.17421,1.17657,112677
2022-08-23 08:00:00,1.17637,1.18779,1.17174,1.18334,129823
2022-08-24 08:00:00,1.18289,1.18382,1.17559,1.17964,119026
2022-08-25 08:00:00,1.17930,1.18646,1.17832,1.18329,120177
2022-08-26 08:00:00,1.18316,1.19012,1.17331,1.17380,137007
2022-08-29 08:00:00,1.17294,1.17443,1.16485,1.17090,132758
2022-08-30 08:00:00,1.17090,1.17607,1.16215,1.16543,147119
2022-08-31 08:00:00,1.16462,1.16937,1.15991,1.16206,141996
2022-09-01 08:00:00,1.16207,1.16221,1.14989,1.15442,160447
2022-09-02 08:00:00,1.15418,1.15889,1.14957,1.15126,140678
2022-09-05 08:00:00,1.14797,1.15216,1.14435,1.15167,113177
2022-09-06 08:00:00,1.15159,1.16094,1.14938,1.15184,159396
2022-09-07 08:00:00,1.15141,1.15395,1.14050,1.15331,139989
2022-09-08 08:00:00,1.15316,1.15609,1.14605,1.15012,168540
2022-09-09 08:00:00,1.14972,1.16482,1.14881,1.15863,142023
2022-09-12 08:00:00,1.16355,1.17108,1.16005,1.16807,137030
2022-09-13 08:00:00,1.16807,1.17383,1.14915,1.14919,140890
2022-09-14 08:00:00,1.14943,1.15898,1.14799,1.15392,148680
2022-09-15 08:00:00,1.15392,1.15492,1.14616,1.14685,98087
2022-09-16 08:00:00,1.14685,1.14803,1.13507,1.14230,118491
2022-09-19 08:00:00,1.14054,1.14416,1.13555,1.14322,80023
2022-09-20 08:00:00,1.14288,1.14608,1.13574,1.13799,110493
2022-09-21 08:00:00,1.13763,1.13841,1.12358,1.12681,149020
2022-09-22 08:00:00,1.12648,1.13649,1.12117,1.12538,176684
2022-09-23 08:00:00,1.12576,1.12741,1.08388,1.08449,184280
2022-09-26 08:00:00,1.07948,1.09303,1.03528,1.06895,291253
2022-09-27 08:00:00,1.06771,1.08380,1.06512,1.07290,221064
2022-09-28 08:00:00,1.07283,1.09153,1.05395,1.08880,248082
2022-09-29 08:00:00,1.08859,1.11191,1.07622,1.11162,249544
2022-09-30 08:00:00,1.11099,1.12346,1.10250,1.11545,255490
2022-10-03 08:00:00,1.11595,1.13345,1.10859,1.13223,196329
2022-10-04 08:00:00,1.13186,1.14895,1.12802,1.14737,214489
2022-10-05 08:00:00,1.14733,1.14960,1.12271,1.13253,193182
2022-10-06 08:00:00,1.13225,1.13833,1.11131,1.11576,218667
2022-10-07 08:00:00,1.11557,1.12250,1.10552,1.10863,195032
2022-10-10 08:00:00,1.10798,1.11109,1.10196,1.10540,198599
2022-10-11 08:00:00,1.10525,1.11799,1.09519,1.09667,251276
2022-10-12 08:00:00,1.09627,1.11335,1.09230,1.10982,277888
2022-10-13 08:00:00,1.10983,1.13805,1.10575,1.13227,227691
2022-10-14 08:00:00,1.13105,1.13661,1.11521,1.11781,215687
2022-10-17 08:00:00,1.12108,1.14400,1.12089,1.13581,261552
2022-10-18 08:00:00,1.13559,1.14102,1.12555,1.13217,295361
2022-10-19 08:00:00,1.13130,1.13584,1.11846,1.12166,268783
2022-10-20 08:00:00,1.12156,1.13367,1.11714,1.12350,319483
2022-10-21 08:00:00,1.12324,1.13143,1.10607,1.12932,296608
2022-10-24 08:00:00,1.13793,1.14083,1.12579,1.12767,275746
2022-10-25 08:00:00,1.12712,1.14994,1.12695,1.14693,230942
2022-10-26 08:00:00,1.14693,1.16389,1.14302,1.16267,251332
2022-10-27 08:00:00,1.16162,1.16451,1.15490,1.15629,191294
2022-10-28 08:00:00,1.15574,1.16233,1.15035,1.16141,186983
2022-10-31 08:00:00,1.15858,1.16134,1.14507,1.14663,198063
2022-11-01 08:00:00,1.14662,1.15663,1.14370,1.14881,218701
2022-11-02 08:00:00,1.14873,1.15645,1.13836,1.13896,241864
2022-11-03 08:00:00,1.13895,1.14218,1.11503,1.11597,232113
2022-11-04 08:00:00,1.11599,1.13817,1.11475,1.13734,252455
2022-11-07 08:00:00,1.13094,1.15414,1.12904,1.15133,233210
2022-11-08 08:00:00,1.15100,1.15991,1.14297,1.15428,200241
2022-11-09 08:00:00,1.15362,1.15670,1.13334,1.13548,180422
2022-11-10 08:00:00,1.13517,1.17309,1.13335,1.17138,186326
2022-11-11 08:00:00,1.17035,1.18549,1.16470,1.18321,229093
2022-11-14 08:00:00,1.17963,1.18289,1.17100,1.17572,270777
2022-11-15 08:00:00,1.17541,1.20296,1.17404,1.18651,283590
2022-11-16 08:00:00,1.18613,1.19420,1.18310,1.19133,285212
2022-11-17 08:00:00,1.19088,1.19580,1.17628,1.18609,263586
2022-11-18 08:00:00,1.18603,1.19508,1.18544,1.18844,246543
2022-11-21 08:00:00,1.18914,1.18992,1.17781,1.18233,211845
2022-11-22 08:00:00,1.18169,1.19024,1.18151,1.18831,220317
2022-11-23 08:00:00,1.18832,1.20809,1.18725,1.20532,222198
2022-11-24 08:00:00,1.20497,1.21535,1.20471,1.21163,213915
2022-11-25 08:00:00,1.21092,1.21275,1.20579,1.20913,169065
2022-11-28 08:00:00,1.20565,1.21181,1.19401,1.19554,264450
2022-11-29 08:00:00,1.19539,1.20644,1.19446,1.19517,221952
2022-11-30 08:00:00,1.19482,1.20866,1.19002,1.20550,183733
2022-12-01 08:00:00,1.20555,1.23109,1.20486,1.22550,194312
2022-12-02 08:00:00,1.22512,1.22999,1.21345,1.22905,170817
2022-12-05 08:00:00,1.22632,1.23441,1.21612,1.21906,147061
2022-12-06 08:00:00,1.21864,1.22693,1.21273,1.21318,141927
2022-12-07 08:00:00,1.21296,1.22344,1.21067,1.22034,122042
2022-12-08 08:00:00,1.22015,1.22470,1.21548,1.22363,81570
2022-12-09 08:00:00,1.22324,1.23225,1.22042,1.22606,103442
2022-12-12 08:00:00,1.22519,1.22989,1.22073,1.22656,88158
2022-12-13 08:00:00,1.22664,1.24438,1.22480,1.23644,136217
2022-12-14 08:00:00,1.23625,1.24464,1.23416,1.24256,129629
2022-12-15 08:00:00,1.24166,1.24313,1.21561,1.21759,124364
2022-12-16 08:00:00,1.21757,1.22227,1.21196,1.21531,108894
2022-12-19 08:00:00,1.21376,1.22421,1.21203,1.21458,113002
2022-12-20 08:00:00,1.21480,1.22232,1.20852,1.21825,144185
2022-12-21 08:00:00,1.21794,1.21923,1.20551,1.20828,98343
2022-12-22 08:00:00,1.20786,1.21473,1.19924,1.20378,96800
2022-12-23 08:00:00,1.20365,1.20902,1.20018,1.20478,95509
2022-12-26 08:00:00,1.20540,1.20784,1.20468,1.20615,4543
2022-12-27 08:00:00,1.20615,1.21123,1.20023,1.20319,72779
2022-12-28 08:00:00,1.20264,1.21259,1.20022,1.20175,75450
2022-12-29 08:00:00,1.20152,1.20785,1.20101,1.20553,75005
2022-12-30 08:00:00,1.20528,1.21076,1.20096,1.20907,100247
2023-01-02 08:00:00,1.20782,1.20783,1.20350,1.20458,15633
2023-01-03 08:00:00,1.20432,1.20848,1.19003,1.19655,109037
2023-01-04 08:00:00,1.19616,1.20876,1.19572,1.20532,113740
2023-01-05 08:00:00,1.20523,1.20778,1.18732,1.19128,113705
2023-01-06 08:00:00,1.19098,1.20991,1.18414,1.20945,126757
2023-01-09 08:00:00,1.20770,1.22100,1.20760,1.21836,116394
2023-01-10 08:00:00,1.21842,1.21982,1.21099,1.21495,105238
2023-01-11 08:00:00,1.21466,1.21781,1.21003,1.21483,91668
2023-01-12 08:00:00,1.21436,1.22466,1.20882,1.22079,134420
2023-01-13 08:00:00,1.22069,1.22484,1.21507,1.22351,113371
2023-01-16 08:00:00,1.22100,1.22890,1.21716,1.21917,82008
2023-01-17 08:00:00,1.21901,1.23000,1.21693,1.22875,125530
2023-01-18 08:00:00,1.22862,1.24359,1.22538,1.23467,142615
2023-01-19 08:00:00,1.23467,1.23973,1.23130,1.23882,113543
2023-01-20 08:00:00,1.23880,1.24041,1.23353,1.23993,92829
2023-01-23 08:00:00,1.23978,1.24477,1.23234,1.23758,93841
2023-01-24 08:00:00,1.23742,1.24138,1.22630,1.23343,92466
2023-01-25 08:00:00,1.23282,1.24039,1.22830,1.23995,83984
2023-01-26 08:00:00,1.23974,1.24302,1.23445,1.24078,81878
2023-01-27 08:00:00,1.24082,1.24184,1.23453,1.23976,71658
2023-01-30 08:00:00,1.23897,1.24173,1.23370,1.23495,75822
2023-01-31 08:00:00,1.23456,1.23707,1.22842,1.23191,81118
2023-02-01 08:00:00,1.23151,1.23947,1.22724,1.23733,96223
2023-02-02 08:00:00,1.23718,1.24010,1.22214,1.22237,117394
2023-02-03 08:00:00,1.22236,1.22654,1.20471,1.20506,148293
2023-02-06 08:00:00,1.20297,1.20774,1.20056,1.20171,149189
2023-02-07 08:00:00,1.20197,1.20954,1.19611,1.20469,170586
2023-02-08 08:00:00,1.20433,1.21096,1.20300,1.20698,144061
2023-02-09 08:00:00,1.20662,1.21937,1.20566,1.21200,157515
2023-02-10 08:00:00,1.21175,1.21393,1.20470,1.20578,162369
2023-02-13 08:00:00,1.20630,1.21520,1.20308,1.21381,134746
2023-02-14 08:00:00,1.21342,1.22703,1.21171,1.21729,193813
2023-02-15 08:00:00,1.21669,1.21814,1.19894,1.20320,168308
2023-02-16 08:00:00,1.20237,1.20742,1.19652,1.19907,179158
2023-02-17 08:00:00,1.19878,1.20493,1.19149,1.20401,156669
2023-02-20 08:00:00,1.20227,1.20569,1.20144,1.20383,100002
2023-02-21 08:00:00,1.20369,1.21476,1.19860,1.21112,134269
2023-02-22 08:00:00,1.21115,1.21353,1.20344,1.20456,125010
2023-02-23 08:00:00,1.20437,1.20749,1.19921,1.20135,116850
2023-02-24 08:00:00,1.20105,1.20421,1.19283,1.19392,133940
2023-02-27 08:00:00,1.19500,1.20658,1.19226,1.20619,104006
2023-02-28 08:00:00,1.20615,1.21431,1.20209,1.20214,120400
2023-03-01 08:00:00,1.20215,1.20890,1.19650,1.20257,142064
2023-03-02 08:00:00,1.20256,1.20362,1.19249,1.19478,125256
2023-03-03 08:00:00,1.19472,1.20484,1.19319,1.20435,112211
2023-03-06 08:00:00,1.20207,1.20489,1.19927,1.20262,83615
2023-03-07 08:00:00,1.20245,1.20653,1.18212,1.18266,121180
2023-03-08 08:00:00,1.18249,1.18591,1.18030,1.18429,83361
2023-03-09 08:00:00,1.18428,1.19388,1.18238,1.19217,85135
2023-03-10 08:00:00,1.19213,1.21136,1.19075,1.20311,170240
2023-03-13 08:00:00,1.20868,1.21997,1.20465,1.21819,272578
2023-03-14 08:00:00,1.21860,1.22041,1.21355,1.21518,221584
2023-03-15 08:00:00,1.21518,1.21815,1.20103,1.20412,236607
2023-03-16 08:00:00,1.20411,1.21277,1.20271,1.21062,209765
2023-03-17 08:00:00,1.21062,1.22006,1.21018,1.21761,156660
2023-03-20 08:00:00,1.22033,1.22849,1.21670,1.22729,145537
2023-03-21 08:00:00,1.22729,1.22824,1.21786,1.22178,112887
2023-03-22 08:00:00,1.22143,1.23353,1.22083,1.22643,135950
2023-03-23 08:00:00,1.22643,1.23435,1.22612,1.22881,139468
2023-03-24 08:00:00,1.22884,1.22920,1.21902,1.22307,152748
2023-03-27 08:00:00,1.22265,1.22932,1.22191,1.22878,127816
2023-03-28 08:00:00,1.22865,1.23492,1.22751,1.23385,122801
2023-03-29 08:00:00,1.23388,1.23616,1.23025,1.23166,130873
2023-03-30 08:00:00,1.23136,1.23929,1.22935,1.23872,108099
2023-03-31 08:00:00,1.23866,1.24227,1.23243,1.23308,112389
2023-04-03 08:00:00,1.23247,1.24233,1.22745,1.24172,122479
2023-04-04 08:00:00,1.24165,1.25253,1.23950,1.25010,117927
2023-04-05 08:00:00,1.24981,1.25144,1.24326,1.24595,116571
2023-04-06 08:00:00,1.24594,1.24868,1.24126,1.24379,96869
2023-04-07 08:00:00,1.24369,1.24559,1.23890,1.24164,79004
2023-04-10 08:00:00,1.24130,1.24424,1.23443,1.23824,88477
2023-04-11 08:00:00,1.23809,1.24564,1.23769,1.24257,115791
2023-04-12 08:00:00,1.24237,1.24952,1.23982,1.24844,81923
2023-04-13 08:00:00,1.24824,1.25375,1.24759,1.25237,94491
2023-04-14 08:00:00,1.25213,1.25461,1.23991,1.24137,117485
2023-04-17 08:00:00,1.24022,1.24383,1.23532,1.23769,109162
2023-04-18 08:00:00,1.23757,1.24499,1.23602,1.24254,97430
2023-04-19 08:00:00,1.24231,1.24742,1.23922,1.24375,101319
2023-04-20 08:00:00,1.24384,1.24677,1.24046,1.24432,100409
2023-04-21 08:00:00,1.24414,1.24481,1.23668,1.24436,97904
2023-04-24 08:00:00,1.24384,1.24855,1.24106,1.24836,93088
2023-04-25 08:00:00,1.24847,1.25068,1.23866,1.24109,104118
2023-04-26 08:00:00,1.24082,1.25154,1.24011,1.24697,118812
2023-04-27 08:00:00,1.24667,1.25000,1.24360,1.24987,118930
2023-04-28 08:00:00,1.24963,1.25838,1.24464,1.25675,136287
2023-05-01 08:00:00,1.25550,1.25699,1.24804,1.24934,92638
2023-05-02 08:00:00,1.24937,1.25120,1.24357,1.24679,119853
2023-05-03 08:00:00,1.24663,1.25899,1.24599,1.25634,114360
2023-05-04 08:00:00,1.25630,1.25986,1.25385,1.25723,134439
2023-05-05 08:00:00,1.25711,1.26526,1.25600,1.26310,94094
2023-05-08 08:00:00,1.26290,1.26687,1.26129,1.26190,75982
2023-05-09 08:00:00,1.26168,1.26397,1.25780,1.26212,100165
2023-05-10 08:00:00,1.26197,1.26798,1.26025,1.26252,91216
2023-05-11 08:00:00,1.26237,1.26405,1.24965,1.25129,107266
2023-05-12 08:00:00,1.25105,1.25409,1.24446,1.24481,91259
2023-05-15 08:00:00,1.24460,1.25345,1.24432,1.25268,76632
2023-05-16 08:00:00,1.25266,1.25465,1.24653,1.24833,86989
2023-05-17 08:00:00,1.24831,1.25103,1.24216,1.24857,89580
2023-05-18 08:00:00,1.24846,1.24928,1.23916,1.24077,90905
2023-05-19 08:00:00,1.24073,1.24843,1.23917,1.24461,97946
2023-05-22 08:00:00,1.24380,1.24720,1.24138,1.24374,93543
2023-05-23 08:00:00,1.24353,1.24463,1.23728,1.24156,104439
2023-05-24 08:00:00,1.24132,1.24695,1.23576,1.23659,114205
2023-05-25 08:00:00,1.23633,1.23870,1.23079,1.23207,100139
2023-05-26 08:00:00,1.23203,1.23953,1.23107,1.23503,109549
2023-05-29 08:00:00,1.23325,1.23719,1.23320,1.23554,57187
2023-05-30 08:00:00,1.23516,1.24465,1.23271,1.24120,106159
2023-05-31 08:00:00,1.24108,1.24433,1.23479,1.24427,118956
2023-06-01 08:00:00,1.24380,1.25396,1.24007,1.25258,114068
2023-06-02 08:00:00,1.25246,1.25445,1.24413,1.24500,106951
2023-06-05 08:00:00,1.24422,1.24535,1.23682,1.24341,104443
2023-06-06 08:00:00,1.24320,1.24587,1.23915,1.24223,97322
2023-06-07 08:00:00,1.24223,1.25001,1.23950,1.24381,102659
2023-06-08 08:00:00,1.24360,1.25607,1.24243,1.25579,104057
2023-06-09 08:00:00,1.25590,1.25903,1.25340,1.25795,92564
2023-06-12 08:00:00,1.25570,1.25994,1.24868,1.25133,90041
2023-06-13 08:00:00,1.25103,1.26248,1.24931,1.26108,114364
2023-06-14 08:00:00,1.26100,1.26990,1.25905,1.26606,113716
2023-06-15 08:00:00,1.26598,1.27855,1.26294,1.27834,102753
2023-06-16 08:00:00,1.27834,1.28482,1.27681,1.28202,108826
2023-06-19 08:00:00,1.28175,1.28367,1.27705,1.27870,79980
2023-06-20 08:00:00,1.27911,1.28064,1.27135,1.27636,125768
2023-06-21 08:00:00,1.27639,1.28027,1.26911,1.27675,136256
2023-06-22 08:00:00,1.27683,1.28448,1.27256,1.27463,130000
2023-06-23 08:00:00,1.27407,1.27488,1.26847,1.27143,125923
2023-06-26 08:00:00,1.27074,1.27486,1.26878,1.27108,128194
2023-06-27 08:00:00,1.27073,1.27594,1.27033,1.27483,156915
2023-06-28 08:00:00,1.27485,1.27518,1.26064,1.26345,147629
2023-06-29 08:00:00,1.26348,1.26669,1.25910,1.26119,139744
2023-06-30 08:00:00,1.26129,1.27276,1.25993,1.26930,121128
2023-07-03 08:00:00,1.26849,1.27232,1.26583,1.26907,85384
2023-07-04 08:00:00,1.26911,1.27391,1.26748,1.27091,50935
2023-07-05 08:00:00,1.27090,1.27353,1.26880,1.27036,76119
2023-07-06 08:00:00,1.26906,1.27808,1.26734,1.27395,125803
2023-07-07 08:00:00,1.27312,1.28494,1.27257,1.28383,104366
2023-07-10 08:00:00,1.28256,1.28682,1.27501,1.28607,88047
2023-07-11 08:00:00,1.28563,1.29349,1.28507,1.29300,98794
2023-07-12 08:00:00,1.29321,1.30007,1.29040,1.29868,120108
2023-07-13 08:00:00,1.29856,1.31409,1.29746,1.31348,111697
2023-07-14 08:00:00,1.31291,1.31422,1.30934,1.30979,111755
2023-07-17 08:00:00,1.30824,1.31089,1.30509,1.30725,85198
2023-07-18 08:00:00,1.30725,1.31256,1.30280,1.30343,112799
2023-07-19 08:00:00,1.30340,1.30414,1.28674,1.29391,130515
2023-07-20 08:00:00,1.29387,1.29642,1.28398,1.28665,98110
2023-07-21 08:00:00,1.28663,1.29040,1.28158,1.28517,81710
2023-07-24 08:00:00,1.28490,1.28838,1.27978,1.28247,108562
2023-07-25 08:00:00,1.28208,1.29046,1.28075,1.29019,90867
2023-07-26 08:00:00,1.29014,1.29600,1.28751,1.29405,105156
2023-07-27 08:00:00,1.29410,1.29958,1.27817,1.27955,136898
2023-07-28 08:00:00,1.27938,1.28882,1.27629,1.28457,139957
2023-07-31 08:00:00,1.28328,1.28723,1.28283,1.28343,69792
2023-08-01 08:00:00,1.28343,1.28407,1.27412,1.27740,88634
2023-08-02 08:00:00,1.27746,1.28049,1.26801,1.27090,101035
2023-08-03 08:00:00,1.27106,1.27277,1.26200,1.27079,125797
2023-08-04 08:00:00,1.27125,1.27921,1.26826,1.27443,102455
2023-08-07 08:00:00,1.27530,1.27889,1.27129,1.27827,71889
2023-08-08 08:00:00,1.27829,1.27851,1.26840,1.27472,87589
2023-08-09 08:00:00,1.27446,1.27820,1.27119,1.27181,77441
2023-08-10 08:00:00,1.27167,1.28188,1.26693,1.26756,114396
2023-08-11 08:00:00,1.26737,1.27385,1.26618,1.26918,84558
2023-08-14 08:00:00,1.26970,1.27148,1.26164,1.26811,91411
2023-08-15 08:00:00,1.26783,1.27523,1.26667,1.27033,114707
2023-08-16 08:00:00,1.27033,1.27662,1.26847,1.27305,97851
2023-08-17 08:00:00,1.27304,1.27873,1.27023,1.27459,103909
2023-08-18 08:00:00,1.27454,1.27657,1.26888,1.27309,99448
2023-08-21 08:00:00,1.27330,1.27666,1.27101,1.27554,91460
2023-08-22 08:00:00,1.27471,1.28003,1.27183,1.27313,85744
2023-08-23 08:00:00,1.27320,1.27646,1.26145,1.27250,114852
2023-08-24 08:00:00,1.27158,1.27284,1.25906,1.26005,88806
2023-08-25 08:00:00,1.25961,1.26551,1.25477,1.25768,116650
2023-08-28 08:00:00,1.25693,1.26107,1.25653,1.26010,68001
2023-08-29 08:00:00,1.26004,1.26546,1.25626,1.26433,101979
2023-08-30 08:00:00,1.26433,1.27463,1.26187,1.27201,96330
2023-08-31 08:00:00,1.27170,1.27342,1.26525,1.26734,92427
2023-09-01 08:00:00,1.26728,1.27129,1.25771,1.25845,118877
2023-09-04 08:00:00,1.25900,1.26425,1.25823,1.26235,43969
2023-09-05 08:00:00,1.26208,1.26315,1.25279,1.25635,102141
2023-09-06 08:00:00,1.25623,1.25876,1.24817,1.25062,96657
2023-09-07 08:00:00,1.25056,1.25081,1.24454,1.24709,85560
2023-09-08 08:00:00,1.24725,1.25142,1.24509,1.24642,78840
2023-09-11 08:00:00,1.24628,1.25481,1.24608,1.25095,82743
2023-09-12 08:00:00,1.25088,1.25301,1.24594,1.24849,66806
2023-09-13 08:00:00,1.24886,1.25116,1.24343,1.24897,103447
2023-09-14 08:00:00,1.24827,1.25061,1.23962,1.24077,107090
2023-09-15 08:00:00,1.24069,1.24456,1.23785,1.23809,71255
2023-09-18 08:00:00,1.23762,1.24105,1.23701,1.23813,55461
2023-09-19 08:00:00,1.23832,1.24250,1.23672,1.23908,59887
2023-09-20 08:00:00,1.23842,1.24212,1.23317,1.23428,86237
2023-09-21 08:00:00,1.23423,1.23472,1.22342,1.22935,95006
2023-09-22 08:00:00,1.22940,1.22967,1.22305,1.22339,66825
2023-09-25 08:00:00,1.22399,1.22527,1.21937,1.22106,51793
2023-09-26 08:00:00,1.22111,1.22155,1.21516,1.21577,52279
2023-09-27 08:00:00,1.21593,1.21642,1.21103,1.21346,64165
2023-09-28 08:00:00,1.21349,1.22246,1.21201,1.22027,62731
2023-09-29 08:00:00,1.21893,1.22718,1.21803,1.22011,67689
2023-10-02 08:00:00,1.21791,1.22199,1.20855,1.20864,56662
2023-10-03 08:00:00,1.20870,1.21019,1.20523,1.20765,74294
2023-10-04 08:00:00,1.20681,1.21769,1.20373,1.21333,67918
2023-10-05 08:00:00,1.21329,1.21957,1.21076,1.21917,96229
2023-10-06 08:00:00,1.21908,1.22612,1.21057,1.22346,120593
2023-10-09 08:00:00,1.22001,1.22440,1.21630,1.22375,97308
2023-10-10 08:00:00,1.22368,1.22915,1.22118,1.22852,108143
2023-10-11 08:00:00,1.22775,1.23375,1.22607,1.23120,136459
2023-10-12 08:00:00,1.23129,1.23314,1.21710,1.21742,153145
2023-10-13 08:00:00,1.21705,1.22253,1.21224,1.21399,131927
2023-10-16 08:00:00,1.21380,1.22191,1.21279,1.22166,131408
2023-10-17 08:00:00,1.22043,1.22161,1.21327,1.21822,131140
2023-10-18 08:00:00,1.21824,1.22110,1.21368,1.21406,137173
2023-10-19 08:00:00,1.21398,1.21915,1.20899,1.21428,167145
2023-10-20 08:00:00,1.21424,1.21700,1.20930,1.21630,127096
2023-10-23 08:00:00,1.21540,1.22583,1.21432,1.22481,117617
2023-10-24 08:00:00,1.22458,1.22884,1.21531,1.21589,123954
2023-10-25 08:00:00,1.21546,1.21758,1.21068,1.21112,124133
2023-10-26 08:00:00,1.21112,1.21394,1.20694,1.21277,121273
2023-10-27 08:00:00,1.21280,1.21625,1.21054,1.21166,120945
2023-10-30 08:00:00,1.21225,1.21744,1.20899,1.21622,97578
2023-10-31 08:00:00,1.21621,1.22004,1.21195,1.21469,129159
2023-11-01 08:00:00,1.21468,1.21643,1.20955,1.21478,154171
2023-11-02 08:00:00,1.21469,1.22254,1.21466,1.22000,122037
2023-11-03 08:00:00,1.22014,1.23895,1.21840,1.23788,158566
2023-11-06 08:00:00,1.23661,1.24282,1.23375,1.23433,85734
2023-11-07 08:00:00,1.23440,1.23480,1.22623,1.22985,66081
2023-11-08 08:00:00,1.22994,1.23025,1.22417,1.22835,69003
2023-11-09 08:00:00,1.22836,1.23085,1.22122,1.22214,84259
2023-11-10 08:00:00,1.22196,1.22379,1.21868,1.22258,103351
2023-11-13 08:00:00,1.22039,1.22798,1.21979,1.22768,101297
2023-11-14 08:00:00,1.22616,1.25054,1.22473,1.24985,149882
2023-11-15 08:00:00,1.24988,1.25012,1.24035,1.24144,141580
2023-11-16 08:00:00,1.24150,1.24557,1.23762,1.24128,88259
2023-11-17 08:00:00,1.24114,1.24642,1.23739,1.24600,79790
2023-11-20 08:00:00,1.24455,1.25175,1.24431,1.25039,70509
2023-11-21 08:00:00,1.24970,1.25592,1.24940,1.25373,80836
2023-11-22 08:00:00,1.25292,1.25490,1.24488,1.24928,78899
2023-11-23 08:00:00,1.24899,1.25743,1.24829,1.25330,29220
2023-11-24 08:00:00,1.25282,1.26153,1.25223,1.25956,32110
2023-11-27 08:00:00,1.25978,1.26440,1.25905,1.26264,38323
2023-11-28 08:00:00,1.26270,1.27148,1.26068,1.26931,46706
2023-11-29 08:00:00,1.26898,1.27326,1.26647,1.26926,48325
2023-11-30 08:00:00,1.26909,1.27106,1.26030,1.26224,53319
2023-12-01 08:00:00,1.26210,1.27159,1.26119,1.27096,49403
2023-12-04 08:00:00,1.26897,1.27243,1.26038,1.26320,51632
2023-12-05 08:00:00,1.26321,1.26515,1.25772,1.25928,50571
2023-12-06 08:00:00,1.25918,1.26136,1.25515,1.25580,41424
2023-12-07 08:00:00,1.25592,1.26117,1.25445,1.25918,48507
2023-12-08 08:00:00,1.25889,1.26012,1.25025,1.25461,53087
2023-12-11 08:00:00,1.25436,1.25909,1.25235,1.25546,36925
2023-12-12 08:00:00,1.25540,1.26161,1.25142,1.25622,42498
2023-12-13 08:00:00,1.25621,1.26345,1.25001,1.26176,47165
2023-12-14 08:00:00,1.26175,1.27940,1.26101,1.27644,67715
2023-12-15 08:00:00,1.27649,1.27905,1.26684,1.26773,173521
2023-12-18 08:00:00,1.26750,1.27040,1.26284,1.26472,178372
2023-12-19 08:00:00,1.26435,1.27620,1.26197,1.27297,206942
2023-12-20 08:00:00,1.27245,1.27329,1.26241,1.26376,209416
2023-12-21 08:00:00,1.26302,1.26957,1.26123,1.26882,217705
2023-12-22 08:00:00,1.26845,1.27444,1.26670,1.26955,207167
2023-12-25 08:00:00,1.26882,1.27055,1.26813,1.27020,96
2023-12-26 08:00:00,1.26811,1.27304,1.26808,1.27234,103317
2023-12-27 08:00:00,1.27131,1.28029,1.26985,1.27977,149676
2023-12-28 08:00:00,1.27915,1.28278,1.27124,1.27315,168765
2023-12-29 08:00:00,1.27293,1.27727,1.27004,1.27301,205015
2024-01-02 08:00:00,1.27210,1.27601,1.26107,1.26160,219509
2024-01-03 08:00:00,1.26149,1.26767,1.26096,1.26642,237702
2024-01-04 08:00:00,1.26639,1.27300,1.26517,1.26814,205876
2024-01-05 08:00:00,1.26758,1.27711,1.26112,1.27176,256974
2024-01-08 08:00:00,1.27101,1.27670,1.26734,1.27474,164464
2024-01-09 08:00:00,1.27467,1.27649,1.26892,1.27065,174930
2024-01-10 08:00:00,1.27059,1.27441,1.26860,1.27413,160802
2024-01-11 08:00:00,1.27415,1.27830,1.26900,1.27530,284996
2024-01-12 08:00:00,1.27430,1.27858,1.27193,1.27516,226931
2024-01-15 08:00:00,1.27327,1.27653,1.27128,1.27268,133971
2024-01-16 08:00:00,1.27264,1.27286,1.26192,1.26358,266246
2024-01-17 08:00:00,1.26350,1.26965,1.25964,1.26759,246408
2024-01-18 08:00:00,1.26755,1.27077,1.26480,1.27051,248350
2024-01-19 08:00:00,1.27056,1.27147,1.26611,1.27032,212963
2024-01-22 08:00:00,1.26807,1.27330,1.26776,1.27082,191697
2024-01-23 08:00:00,1.27030,1.27475,1.26488,1.26858,208446
2024-01-24 08:00:00,1.26862,1.27750,1.26630,1.27246,249671
2024-01-25 08:00:00,1.27233,1.27428,1.26815,1.27073,239940
2024-01-26 08:00:00,1.27070,1.27585,1.26754,1.26990,185040
2024-01-29 08:00:00,1.26851,1.27190,1.26619,1.27074,167941
2024-01-30 08:00:00,1.27065,1.27211,1.26400,1.26982,183679
2024-01-31 08:00:00,1.26981,1.27509,1.26579,1.26869,303924
2024-02-01 08:00:00,1.26789,1.27556,1.26250,1.27429,248869
2024-02-02 08:00:00,1.27408,1.27726,1.26138,1.26302,210364
2024-02-05 08:00:00,1.26476,1.26476,1.25181,1.25360,208454
2024-02-06 08:00:00,1.25322,1.26030,1.25249,1.25959,139798
2024-02-07 08:00:00,1.25934,1.26418,1.25839,1.26247,104478
2024-02-08 08:00:00,1.26246,1.26385,1.25717,1.26170,106993
2024-02-09 08:00:00,1.26157,1.26428,1.25989,1.26270,90792
2024-02-12 08:00:00,1.26169,1.26547,1.26059,1.26287,83104
2024-02-13 08:00:00,1.26288,1.26881,1.25730,1.25916,108873
2024-02-14 08:00:00,1.25896,1.26111,1.25354,1.25620,106972
2024-02-15 08:00:00,1.25647,1.26010,1.25405,1.25994,95832
2024-02-16 08:00:00,1.25961,1.26245,1.25505,1.25996,100132
2024-02-19 08:00:00,1.25990,1.26298,1.25832,1.25936,67838
2024-02-20 08:00:00,1.25935,1.26686,1.25789,1.26215,105208
2024-02-21 08:00:00,1.26218,1.26419,1.26025,1.26361,100621
2024-02-22 08:00:00,1.26348,1.27096,1.26114,1.26602,106504
2024-02-23 08:00:00,1.26600,1.27014,1.26478,1.26705,92205
2024-02-26 08:00:00,1.26740,1.26996,1.26562,1.26828,82285
2024-02-27 08:00:00,1.26829,1.26969,1.26601,1.26810,111520
2024-02-28 08:00:00,1.26841,1.26867,1.26214,1.26582,97433
2024-02-29 08:00:00,1.26608,1.26819,1.26123,1.26207,114428
2024-03-01 08:00:00,1.26238,1.26639,1.25994,1.26509,111737
2024-03-04 08:00:00,1.26436,1.27066,1.26436,1.26889,83323
2024-03-05 08:00:00,1.26907,1.27348,1.26712,1.27043,86728
2024-03-06 08:00:00,1.27040,1.27615,1.26896,1.27294,105077
2024-03-07 08:00:00,1.27302,1.28109,1.27227,1.28069,97029
2024-03-08 08:00:00,1.28074,1.28939,1.27997,1.28562,103251
2024-03-11 08:00:00,1.28523,1.28620,1.27949,1.28123,94592
2024-03-12 08:00:00,1.28123,1.28235,1.27460,1.27888,65765
2024-03-13 08:00:00,1.27888,1.28111,1.27746,1.27955,38306
2024-03-14 08:00:00,1.27955,1.28228,1.27306,1.27523,43558
2024-03-15 08:00:00,1.27523,1.27585,1.27253,1.27318,35708
2024-03-18 08:00:00,1.27288,1.27467,1.27179,1.27244,31740
2024-03-19 08:00:00,1.27229,1.27328,1.26676,1.27185,42703
2024-03-20 08:00:00,1.27185,1.27866,1.26844,1.27834,43854
2024-03-21 08:00:00,1.27816,1.28033,1.26503,1.26547,48803
2024-03-22 08:00:00,1.26543,1.26748,1.25753,1.25986,38072
2024-03-25 08:00:00,1.25952,1.26521,1.25878,1.26356,30383
2024-03-26 08:00:00,1.26338,1.26679,1.26218,1.26282,31901
2024-03-27 08:00:00,1.26258,1.26408,1.26055,1.26338,33485
2024-03-28 08:00:00,1.26338,1.26544,1.25857,1.26191,36600
2024-03-29 08:00:00,1.26191,1.26446,1.26092,1.26167,7418
2024-04-01 08:00:00,1.25715,1.26419,1.25394,1.25506,29420
2024-04-02 08:00:00,1.25509,1.25782,1.25393,1.25768,35950
2024-04-03 08:00:00,1.25768,1.26555,1.25626,1.26519,38420
2024-04-04 08:00:00,1.26494,1.26835,1.26349,1.26415,34374
2024-04-05 08:00:00,1.26411,1.26481,1.25746,1.26370,43733
2024-04-08 08:00:00,1.26250,1.26637,1.26133,1.26542,40811
2024-04-09 08:00:00,1.26541,1.27093,1.26335,1.26771,37368
2024-04-10 08:00:00,1.26751,1.27079,1.25202,1.25394,51191
2024-04-11 08:00:00,1.25367,1.25784,1.25108,1.25499,52246
2024-04-12 08:00:00,1.25518,1.25584,1.24266,1.24481,52297
2024-04-15 08:00:00,1.24450,1.24985,1.24309,1.24452,59675
2024-04-16 08:00:00,1.24447,1.24718,1.24054,1.24260,60611
2024-04-17 08:00:00,1.24244,1.24819,1.24168,1.24534,55670
2024-04-18 08:00:00,1.24510,1.24843,1.24330,1.24360,55623
2024-04-19 08:00:00,1.24319,1.24680,1.23665,1.23684,78406
2024-04-22 08:00:00,1.23660,1.23919,1.22996,1.23493,34825
2024-04-23 08:00:00,1.23497,1.24584,1.23316,1.24480,37562
2024-04-24 08:00:00,1.24434,1.24698,1.24226,1.24627,29991
2024-04-25 08:00:00,1.24630,1.25275,1.24393,1.25126,38382
2024-04-26 08:00:00,1.25113,1.25409,1.24491,1.24927,38246
2024-04-29 08:00:00,1.24800,1.25694,1.24618,1.25622,40311
2024-04-30 08:00:00,1.25623,1.25637,1.24895,1.24911,37591
2024-05-01 08:00:00,1.24870,1.25498,1.24661,1.25252,37537
2024-05-02 08:00:00,1.25240,1.25443,1.24719,1.25334,45346
2024-05-03 08:00:00,1.25283,1.26338,1.25075,1.25452,43068
2024-05-06 08:00:00,1.25440,1.25943,1.25307,1.25613,27473
2024-05-07 08:00:00,1.25641,1.25702,1.25004,1.25079,33150
2024-05-08 08:00:00,1.25064,1.25104,1.24676,1.24973,30994
2024-05-09 08:00:00,1.24969,1.25265,1.24458,1.25231,33308
2024-05-10 08:00:00,1.25228,1.25410,1.25025,1.25234,33291
2024-05-13 08:00:00,1.25140,1.25687,1.25098,1.25587,29442
2024-05-14 08:00:00,1.25552,1.25928,1.25091,1.25909,33320
2024-05-15 08:00:00,1.25886,1.26861,1.25737,1.26848,34817
2024-05-16 08:00:00,1.26844,1.27004,1.26435,1.26686,33727
2024-05-17 08:00:00,1.26688,1.27115,1.26450,1.27001,28396
2024-05-20 08:00:00,1.26860,1.27251,1.26847,1.27055,29431
2024-05-21 08:00:00,1.27031,1.27268,1.26864,1.27082,30990
2024-05-22 08:00:00,1.27070,1.27613,1.27002,1.27160,37631
2024-05-23 08:00:00,1.27159,1.27466,1.26852,1.26973,42225
2024-05-24 08:00:00,1.26968,1.27508,1.26716,1.27364,35708
2024-05-27 08:00:00,1.27340,1.27776,1.27269,1.27679,18160
2024-05-28 08:00:00,1.27683,1.28006,1.27540,1.27607,33604
2024-05-29 08:00:00,1.27609,1.27715,1.26985,1.27003,38855
2024-05-30 08:00:00,1.26985,1.27471,1.26811,1.27316,37689
2024-05-31 08:00:00,1.27291,1.27660,1.27002,1.27407,42295
2024-06-03 08:00:00,1.27335,1.28080,1.26946,1.28070,40447
2024-06-04 08:00:00,1.28068,1.28172,1.27430,1.27699,42309
2024-06-05 08:00:00,1.27711,1.27949,1.27415,1.27857,36507
2024-06-06 08:00:00,1.27851,1.28089,1.27627,1.27894,34299
2024-06-07 08:00:00,1.27836,1.28115,1.27149,1.27149,40595
2024-06-10 08:00:00,1.27267,1.27369,1.26882,1.27301,34978
2024-06-11 08:00:00,1.27302,1.27511,1.27048,1.27397,36815
2024-06-12 08:00:00,1.27379,1.28605,1.27266,1.27976,43457
2024-06-13 08:00:00,1.27976,1.28076,1.27386,1.27617,40397
2024-06-14 08:00:00,1.27596,1.27632,1.26568,1.26852,44303
2024-06-17 08:00:00,1.26823,1.27093,1.26588,1.27043,36878
2024-06-18 08:00:00,1.27011,1.27210,1.26688,1.27082,38917
2024-06-19 08:00:00,1.27074,1.27399,1.26885,1.27166,25892
2024-06-20 08:00:00,1.27169,1.27225,1.26547,1.26565,35309
2024-06-21 08:00:00,1.26565,1.26731,1.26224,1.26405,35361
2024-06-24 08:00:00,1.26410,1.26978,1.26295,1.26828,33192
2024-06-25 08:00:00,1.26829,1.27025,1.26660,1.26844,31138
2024-06-26 08:00:00,1.26856,1.26937,1.26155,1.26214,36636
2024-06-27 08:00:00,1.26175,1.26704,1.26125,1.26388,36048
2024-06-28 08:00:00,1.26365,1.26626,1.26196,1.26442,41019
2024-07-01 08:00:00,1.26510,1.27092,1.26332,1.26495,38683
2024-07-02 08:00:00,1.26464,1.26526,1.26154,1.26324,11713
2024-07-03 08:00:00,1.26841,1.27770,1.26663,1.27410,29831
2024-07-04 08:00:00,1.27455,1.27674,1.27299,1.27575,21282
2024-07-05 08:00:00,1.27585,1.28170,1.27522,1.28135,34330
2024-07-08 08:00:00,1.27960,1.28455,1.27839,1.28059,30884
2024-07-09 08:00:00,1.28042,1.28253,1.27779,1.27854,30964
2024-07-10 08:00:00,1.27833,1.28488,1.27788,1.28477,28542
2024-07-11 08:00:00,1.28476,1.29487,1.28454,1.29137,37694
2024-07-12 08:00:00,1.29130,1.29905,1.29021,1.29875,38505
2024-07-15 08:00:00,1.29636,1.29946,1.29615,1.29666,36238
2024-07-16 08:00:00,1.29670,1.29798,1.29383,1.29724,34429
2024-07-17 08:00:00,1.29727,1.30440,1.29603,1.30085,40207
2024-07-18 08:00:00,1.30081,1.30126,1.29404,1.29429,41129
2024-07-19 08:00:00,1.29417,1.29510,1.29011,1.29112,36620
2024-07-22 08:00:00,1.29190,1.29420,1.29047,1.29320,34784
2024-07-23 08:00:00,1.29313,1.29349,1.28880,1.29067,33167
2024-07-24 08:00:00,1.29062,1.29373,1.28777,1.29061,35599
2024-07-25 08:00:00,1.29053,1.29137,1.28491,1.28505,45960
2024-07-26 08:00:00,1.28486,1.28779,1.28470,1.28638,32943
2024-07-29 08:00:00,1.28590,1.28881,1.28068,1.28611,32618
2024-07-30 08:00:00,1.28582,1.28660,1.28200,1.28345,33281
2024-07-31 08:00:00,1.28338,1.28641,1.28203,1.28550,48893
2024-08-01 08:00:00,1.28545,1.28627,1.27267,1.27366,46883
2024-08-02 08:00:00,1.27391,1.28399,1.27072,1.28036,52430
2024-08-05 08:00:00,1.28006,1.28166,1.27104,1.27732,78718
2024-08-06 08:00:00,1.27737,1.28031,1.26728,1.26906,65914
2024-08-07 08:00:00,1.26906,1.27355,1.26628,1.26897,55260
2024-08-08 08:00:00,1.26852,1.27523,1.26648,1.27479,47906
2024-08-09 08:00:00,1.27455,1.27734,1.27260,1.27569,39362
2024-08-12 08:00:00,1.27650,1.27935,1.27468,1.27649,32803
2024-08-13 08:00:00,1.27648,1.28726,1.27580,1.28606,36636
2024-08-14 08:00:00,1.28619,1.28682,1.28147,1.28292,37339
2024-08-15 08:00:00,1.28283,1.28711,1.27987,1.28525,33411
2024-08-16 08:00:00,1.28537,1.29457,1.28423,1.29425,29727
2024-08-19 08:00:00,1.29405,1.29968,1.29204,1.29883,32367
2024-08-20 08:00:00,1.29835,1.30522,1.29740,1.30322,33695
2024-08-21 08:00:00,1.30323,1.31190,1.30107,1.30873,37900
2024-08-22 08:00:00,1.30896,1.31305,1.30763,1.30895,35086
2024-08-23 08:00:00,1.30872,1.32298,1.30837,1.32129,39654
2024-08-26 08:00:00,1.32070,1.32218,1.31796,1.31855,34821
2024-08-27 08:00:00,1.31876,1.32658,1.31769,1.32598,35491
2024-08-28 08:00:00,1.32541,1.32623,1.31677,1.31901,40105
2024-08-29 08:00:00,1.31904,1.32265,1.31451,1.31676,44328
2024-08-30 08:00:00,1.31682,1.31995,1.31094,1.31242,40004
2024-09-02 08:00:00,1.31310,1.31549,1.31181,1.31450,22722
2024-09-03 08:00:00,1.31406,1.31487,1.30875,1.31118,42756
2024-09-04 08:00:00,1.31122,1.31749,1.31008,1.31435,42195
2024-09-05 08:00:00,1.31440,1.31850,1.31368,1.31781,45040
2024-09-06 08:00:00,1.31759,1.32377,1.31097,1.31266,51945
2024-09-09 08:00:00,1.31177,1.31428,1.30675,1.30729,42662
2024-09-10 08:00:00,1.30720,1.31074,1.30492,1.30793,38316
2024-09-11 08:00:00,1.30789,1.31110,1.30018,1.30417,47214
2024-09-12 08:00:00,1.30425,1.31269,1.30318,1.31220,45250
2024-09-13 08:00:00,1.31223,1.31575,1.31146,1.31212,43878
2024-09-16 08:00:00,1.31250,1.32178,1.31167,1.32151,36573
2024-09-17 08:00:00,1.32141,1.32293,1.31459,1.31601,42061
2024-09-18 08:00:00,1.31586,1.32975,1.31508,1.32126,48163
2024-09-19 08:00:00,1.32121,1.33139,1.31531,1.32834,55945
2024-09-20 08:00:00,1.32774,1.33400,1.32678,1.33186,50395
2024-09-23 08:00:00,1.33182,1.33589,1.32482,1.33454,45738
2024-09-24 08:00:00,1.33378,1.34155,1.33316,1.34120,47665
2024-09-25 08:00:00,1.34108,1.34294,1.33123,1.33226,49855
2024-09-26 08:00:00,1.33174,1.34340,1.33111,1.34133,48278
2024-09-27 08:00:00,1.34100,1.34271,1.33598,1.33714,51341
2024-09-30 08:00:00,1.33700,1.34227,1.33499,1.33727,49597
2024-10-01 08:00:00,1.33725,1.33890,1.32369,1.32848,59922
2024-10-02 08:00:00,1.32846,1.33049,1.32457,1.32660,45900
2024-10-03 08:00:00,1.32671,1.32824,1.30920,1.31228,55930
2024-10-04 08:00:00,1.31212,1.31745,1.30695,1.31234,49326
2024-10-07 08:00:00,1.31190,1.31341,1.30591,1.30814,47029
2024-10-08 08:00:00,1.30810,1.31131,1.30640,1.31028,48396
2024-10-09 08:00:00,1.31023,1.31043,1.30554,1.30687,43265
2024-10-10 08:00:00,1.30680,1.30937,1.30211,1.30563,46025
2024-10-11 08:00:00,1.30572,1.30829,1.30355,1.30620,35120
2024-10-14 08:00:00,1.30626,1.30717,1.30298,1.30575,38146
2024-10-15 08:00:00,1.30507,1.31026,1.30353,1.30722,40234
2024-10-16 08:00:00,1.30697,1.30772,1.29767,1.29889,39662
2024-10-17 08:00:00,1.29895,1.30230,1.29735,1.30087,46200
2024-10-18 08:00:00,1.30048,1.30704,1.29985,1.30471,41792
2024-10-21 08:00:00,1.30469,1.30576,1.29770,1.29829,34168
2024-10-22 08:00:00,1.29821,1.30146,1.29445,1.29826,37103
2024-10-23 08:00:00,1.29827,1.29946,1.29070,1.29200,42627
2024-10-24 08:00:00,1.29183,1.29874,1.29085,1.29744,44582
2024-10-25 08:00:00,1.29746,1.29983,1.29528,1.29600,35978
2024-10-28 08:00:00,1.29614,1.30013,1.29394,1.29684,40429
2024-10-29 08:00:00,1.29693,1.30155,1.29578,1.30070,46894
2024-10-30 08:00:00,1.30072,1.30431,1.29364,1.29624,51225
2024-10-31 08:00:00,1.29627,1.29994,1.28433,1.28897,50288
2024-11-01 08:00:00,1.28889,1.29799,1.28843,1.29142,46947
2024-11-04 08:00:00,1.29656,1.29985,1.29340,1.29564,48838
2024-11-05 08:00:00,1.29556,1.30417,1.29479,1.30408,40117
2024-11-06 08:00:00,1.30386,1.30476,1.28341,1.28768,91500
2024-11-07 08:00:00,1.28733,1.30089,1.28693,1.29837,58923
2024-11-08 08:00:00,1.29832,1.29890,1.28832,1.29163,52627
2024-11-11 08:00:00,1.29078,1.29257,1.28559,1.28673,41256
2024-11-12 08:00:00,1.28653,1.28733,1.27190,1.27466,54783
2024-11-13 08:00:00,1.27407,1.27690,1.26863,1.27065,53300
2024-11-14 08:00:00,1.27037,1.27198,1.26297,1.26639,54839
2024-11-15 08:00:00,1.26648,1.26965,1.25969,1.26171,56922
2024-11-18 08:00:00,1.26169,1.26864,1.25980,1.26771,46464
2024-11-19 08:00:00,1.26704,1.26892,1.26130,1.26807,51198
2024-11-20 08:00:00,1.26759,1.27143,1.26306,1.26487,44850
2024-11-21 08:00:00,1.26472,1.26597,1.25762,1.25883,47494
2024-11-22 08:00:00,1.25886,1.25939,1.24870,1.25280,56102
2024-11-25 08:00:00,1.25894,1.26130,1.25414,1.25674,53442
2024-11-26 08:00:00,1.25662,1.26160,1.25069,1.25675,63106
2024-11-27 08:00:00,1.25685,1.26936,1.25659,1.26772,52584
2024-11-28 08:00:00,1.26729,1.26908,1.26450,1.26838,35408
2024-11-29 08:00:00,1.26806,1.27496,1.26720,1.27282,50775
2024-12-02 08:00:00,1.27270,1.27358,1.26168,1.26479,55974
2024-12-03 08:00:00,1.26472,1.26994,1.26366,1.26641,51275
2024-12-04 08:00:00,1.26645,1.27211,1.26297,1.26947,53176
2024-12-05 08:00:00,1.26967,1.27705,1.26927,1.27503,45368
2024-12-06 08:00:00,1.27506,1.28104,1.27211,1.27355,45272
2024-12-09 08:00:00,1.27293,1.27986,1.27168,1.27418,43549
2024-12-10 08:00:00,1.27379,1.27774,1.27236,1.27625,44639
2024-12-11 08:00:00,1.27596,1.27814,1.27129,1.27422,50685
2024-12-12 08:00:00,1.27479,1.27877,1.26640,1.26644,50489
2024-12-13 08:00:00,1.26675,1.26791,1.26080,1.26151,44024
2024-12-16 08:00:00,1.26160,1.26984,1.26085,1.26738,39130
2024-12-17 08:00:00,1.26735,1.27284,1.26633,1.27003,43313
2024-12-18 08:00:00,1.27012,1.27249,1.25621,1.25646,49987
2024-12-19 08:00:00,1.25653,1.26667,1.24924,1.24945,58109
2024-12-20 08:00:00,1.24962,1.26136,1.24750,1.25628,50076
2024-12-23 08:00:00,1.25592,1.25877,1.25099,1.25263,40406
2024-12-24 08:00:00,1.25268,1.25745,1.25186,1.25289,31164
2024-12-25 08:00:00,1.25301,1.25307,1.25291,1.25307,16
2024-12-26 08:00:00,1.25514,1.25520,1.25010,1.25180,30405
2024-12-27 08:00:00,1.25196,1.25925,1.25050,1.25717,41134
2024-12-30 08:00:00,1.25724,1.26070,1.25063,1.25379,40438
2024-12-31 08:00:00,1.25386,1.25691,1.25040,1.25098,43816
2025-01-02 08:00:00,1.25120,1.25403,1.23527,1.23677,48415
2025-01-03 08:00:00,1.23629,1.24339,1.23629,1.24176,40584
2025-01-06 08:00:00,1.24124,1.25508,1.24078,1.25113,52428
2025-01-07 08:00:00,1.25137,1.25686,1.24677,1.24689,43877
2025-01-08 08:00:00,1.24702,1.24937,1.23208,1.23527,51125
2025-01-09 08:00:00,1.23597,1.23655,1.22383,1.23056,45451
2025-01-10 08:00:00,1.23018,1.23215,1.21918,1.22046,53953
2025-01-13 08:00:00,1.21972,1.22101,1.20997,1.21921,54970
2025-01-14 08:00:00,1.21958,1.22501,1.21362,1.22075,57219
2025-01-15 08:00:00,1.22072,1.23055,1.21589,1.22315,48632
2025-01-16 08:00:00,1.22319,1.22602,1.21746,1.22352,51070
2025-01-17 08:00:00,1.22342,1.22442,1.21608,1.21656,46922
2025-01-20 08:00:00,1.21658,1.23441,1.21593,1.23184,49261
2025-01-21 08:00:00,1.23200,1.23601,1.22292,1.23442,62586
2025-01-22 08:00:00,1.23473,1.23756,1.23057,1.23073,50777
2025-01-23 08:00:00,1.23080,1.23750,1.22930,1.23499,51204
2025-01-24 08:00:00,1.23467,1.25016,1.23449,1.24797,52847
2025-01-27 08:00:00,1.24658,1.25228,1.24259,1.24946,57315
2025-01-28 08:00:00,1.24947,1.24983,1.24143,1.24393,54092
2025-01-29 08:00:00,1.24370,1.24630,1.23930,1.24433,56843
2025-01-30 08:00:00,1.24443,1.24761,1.24078,1.24127,50015
2025-01-31 08:00:00,1.24130,1.24715,1.23861,1.23930,56866
2025-02-03 08:00:00,1.22944,1.24548,1.22490,1.24490,83888
2025-02-04 08:00:00,1.24493,1.24927,1.23787,1.24765,58377
2025-02-05 08:00:00,1.24748,1.25496,1.24633,1.25031,52669
2025-02-06 08:00:00,1.25040,1.25092,1.23601,1.24323,50345
2025-02-07 08:00:00,1.24310,1.24927,1.23762,1.24000,54987
2025-02-10 08:00:00,1.23692,1.24218,1.23628,1.23654,45046
2025-02-11 08:00:00,1.23606,1.24541,1.23323,1.24436,42495
2025-02-12 08:00:00,1.24425,1.24833,1.23768,1.24425,52308
2025-02-13 08:00:00,1.24420,1.25681,1.24302,1.25637,58400
2025-02-14 08:00:00,1.25539,1.26300,1.25216,1.25846,47616
2025-02-17 08:00:00,1.25785,1.26346,1.25772,1.26235,39577
2025-02-18 08:00:00,1.26168,1.26246,1.25825,1.26109,43753
2025-02-19 08:00:00,1.26096,1.26379,1.25629,1.25847,50685
2025-02-20 08:00:00,1.25826,1.26709,1.25742,1.26675,56902
2025-02-21 08:00:00,1.26642,1.26787,1.26246,1.26329,56669
2025-02-24 08:00:00,1.26278,1.26906,1.26118,1.26216,61845
2025-02-25 08:00:00,1.26216,1.26777,1.26058,1.26629,60419
2025-02-26 08:00:00,1.26619,1.27159,1.26349,1.26730,62353
2025-02-27 08:00:00,1.26700,1.26888,1.25969,1.25988,64360
2025-02-28 08:00:00,1.25981,1.26218,1.25591,1.25754,64517
2025-03-03 08:00:00,1.25810,1.27248,1.25616,1.26989,74578
2025-03-04 08:00:00,1.26940,1.27996,1.26788,1.27928,84137
2025-03-05 08:00:00,1.27841,1.29008,1.27675,1.28927,83777
2025-03-06 08:00:00,1.28906,1.29238,1.28659,1.28746,83209
2025-03-07 08:00:00,1.28747,1.29447,1.28722,1.29195,72955
2025-03-10 08:00:00,1.29130,1.29466,1.28613,1.28748,73232
2025-03-11 08:00:00,1.28747,1.29658,1.28712,1.29420,77219
2025-03-12 08:00:00,1.29462,1.29889,1.29133,1.29628,63194
2025-03-13 08:00:00,1.29628,1.29734,1.29209,1.29479,58073
2025-03-14 08:00:00,1.29478,1.29587,1.29108,1.29345,58385
2025-03-17 08:00:00,1.29262,1.29984,1.29248,1.29846,44858
2025-03-18 08:00:00,1.29892,1.30099,1.29515,1.30016,45997
2025-03-19 08:00:00,1.30005,1.30112,1.29550,1.30019,49961
2025-03-20 08:00:00,1.30040,1.30147,1.29358,1.29676,48460
2025-03-21 08:00:00,1.29673,1.29703,1.28877,1.29165,45914
2025-03-24 08:00:00,1.29071,1.29731,1.28948,1.29197,62198
2025-03-25 08:00:00,1.29197,1.29658,1.29011,1.29429,62824
2025-03-26 08:00:00,1.29429,1.29478,1.28731,1.28734,71004
2025-03-27 08:00:00,1.28730,1.29913,1.28701,1.29462,76463
2025-03-28 08:00:00,1.29466,1.29674,1.29215,1.29372,64095
2025-03-31 08:00:00,1.29430,1.29717,1.28855,1.29162,79818
2025-04-01 08:00:00,1.29108,1.29400,1.28784,1.29205,77371
2025-04-02 08:00:00,1.29176,1.30242,1.28996,1.29982,74994
2025-04-03 08:00:00,1.29936,1.32061,1.29690,1.30973,133837
2025-04-04 08:00:00,1.30877,1.31128,1.28522,1.28983,146440
2025-04-07 08:00:00,1.28410,1.29331,1.27073,1.27133,167461
2025-04-08 08:00:00,1.27156,1.28137,1.27132,1.27629,130110
2025-04-09 08:00:00,1.27577,1.28632,1.27330,1.28122,166321
2025-04-10 08:00:00,1.28129,1.29951,1.27872,1.29624,151123
2025-04-11 08:00:00,1.29624,1.31442,1.29617,1.30813,165396
2025-04-14 08:00:00,1.30910,1.32000,1.30606,1.31875,110639
2025-04-15 08:00:00,1.31883,1.32509,1.31634,1.32256,90175
2025-04-16 08:00:00,1.32261,1.32911,1.32084,1.32432,94947
2025-04-17 08:00:00,1.32262,1.32722,1.32020,1.32628,84982
2025-04-18 08:00:00,1.32554,1.32974,1.32479,1.32902,153292
2025-04-21 08:00:00,1.32720,1.34210,1.32676,1.33738,80904
2025-04-22 08:00:00,1.33650,1.34226,1.33251,1.33272,88281
2025-04-23 08:00:00,1.33219,1.33378,1.32331,1.32484,105352
2025-04-24 08:00:00,1.32543,1.33483,1.32439,1.33371,74985
2025-04-25 08:00:00,1.33382,1.33392,1.32733,1.33073,73052
2025-04-28 08:00:00,1.33070,1.34435,1.32793,1.34374,73466
2025-04-29 08:00:00,1.34315,1.34431,1.33795,1.33987,67013
2025-04-30 08:00:00,1.33914,1.34136,1.33081,1.33253,73359
2025-05-01 08:00:00,1.33260,1.33443,1.32593,1.32688,68957
2025-05-02 08:00:00,1.32685,1.33297,1.32467,1.32656,82238
2025-05-05 08:00:00,1.32580,1.33355,1.32567,1.32899,70245
2025-05-06 08:00:00,1.32874,1.34016,1.32593,1.33625,70052
2025-05-07 08:00:00,1.33626,1.33775,1.32792,1.32897,84056
2025-05-08 08:00:00,1.32829,1.33554,1.32355,1.32420,81056
2025-05-09 08:00:00,1.32429,1.33216,1.32110,1.32989,62099
2025-05-12 08:00:00,1.32790,1.32983,1.31388,1.31744,85734
2025-05-13 08:00:00,1.31676,1.33156,1.31639,1.33031,68957
2025-05-14 08:00:00,1.33023,1.33593,1.32524,1.32535,78536
2025-05-15 08:00:00,1.32553,1.33187,1.32488,1.32966,69640
2025-05-16 08:00:00,1.32985,1.33315,1.32497,1.32771,64834
2025-05-19 08:00:00,1.32700,1.34028,1.32655,1.33585,73178
2025-05-20 08:00:00,1.33576,1.33938,1.33338,1.33912,71343
2025-05-21 08:00:00,1.33842,1.34679,1.33770,1.34186,82798
2025-05-22 08:00:00,1.34149,1.34399,1.33901,1.34175,79713
2025-05-23 08:00:00,1.34150,1.35384,1.34017,1.35384,73798
2025-05-26 08:00:00,1.35206,1.35923,1.35205,1.35575,46080
2025-05-27 08:00:00,1.35585,1.35858,1.34994,1.35015,62391
2025-05-28 08:00:00,1.35008,1.35212,1.34492,1.34627,67413
2025-05-29 08:00:00,1.34643,1.35063,1.34145,1.34838,81232
2025-05-30 08:00:00,1.34870,1.35099,1.34471,1.34492,74694
2025-06-02 08:00:00,1.34597,1.35586,1.34498,1.35421,68798
2025-06-03 08:00:00,1.35373,1.35583,1.34909,1.35137,62646
2025-06-04 08:00:00,1.35120,1.35789,1.35003,1.35520,65509
2025-06-05 08:00:00,1.35505,1.36155,1.35398,1.35663,69641
2025-06-06 08:00:00,1.35651,1.35837,1.35065,1.35242,66693
2025-06-09 08:00:00,1.35237,1.35803,1.35162,1.35422,54529
2025-06-10 08:00:00,1.35420,1.35632,1.34552,1.34929,65464
2025-06-11 08:00:00,1.34929,1.35664,1.34633,1.35370,64490
2025-06-12 08:00:00,1.35398,1.36226,1.35218,1.36112,73460
2025-06-13 08:00:00,1.36107,1.36314,1.35156,1.35701,82563
2025-06-16 08:00:00,1.35491,1.36213,1.35339,1.35696,68642
2025-06-17 08:00:00,1.35752,1.35787,1.34146,1.34190,72587
2025-06-18 08:00:00,1.34204,1.34756,1.33999,1.34177,72195
2025-06-19 08:00:00,1.34168,1.34692,1.33819,1.34468,57996
2025-06-20 08:00:00,1.34546,1.35101,1.34402,1.34477,63554
2025-06-23 08:00:00,1.33983,1.35301,1.33696,1.35204,83453
2025-06-24 08:00:00,1.35186,1.36474,1.35091,1.36130,71085
2025-06-25 08:00:00,1.36101,1.36706,1.35897,1.36603,57487
2025-06-26 08:00:00,1.36599,1.37697,1.36384,1.37243,68361
2025-06-27 08:00:00,1.37246,1.37515,1.36821,1.37161,58833
2025-06-30 08:00:00,1.36981,1.37398,1.36733,1.37240,56897
2025-07-01 08:00:00,1.37237,1.37876,1.36995,1.37415,59340
2025-07-02 08:00:00,1.37408,1.37517,1.35618,1.36315,55700
2025-07-03 08:00:00,1.36327,1.36729,1.35853,1.36531,34756
2025-07-04 08:00:00,1.36523,1.36674,1.36342,1.36366,39983
2025-07-07 08:00:00,1.36480,1.36567,1.35744,1.35978,54656
2025-07-08 08:00:00,1.35994,1.36455,1.35250,1.35805,60574
2025-07-09 08:00:00,1.35788,1.36186,1.35633,1.35841,57056
2025-07-10 08:00:00,1.35833,1.36185,1.35322,1.35726,52692
2025-07-11 08:00:00,1.35686,1.35846,1.34802,1.34891,64196
2025-07-14 08:00:00,1.34830,1.35034,1.34234,1.34257,55767
2025-07-15 08:00:00,1.34249,1.34661,1.33784,1.33836,57637
2025-07-16 08:00:00,1.33733,1.34844,1.33640,1.34172,70345
2025-07-17 08:00:00,1.34181,1.34198,1.33733,1.34126,57493
2025-07-18 08:00:00,1.34121,1.34741,1.34047,1.34072,48975
2025-07-21 08:00:00,1.34064,1.35096,1.34009,1.34884,52165
2025-07-22 08:00:00,1.34806,1.35333,1.34611,1.35260,49248
2025-07-23 08:00:00,1.35228,1.35829,1.35130,1.35778,57110
2025-07-24 08:00:00,1.35776,1.35877,1.35020,1.35086,58722
2025-07-25 08:00:00,1.35085,1.35113,1.34154,1.34358,55328
2025-07-28 08:00:00,1.34240,1.34517,1.33494,1.33494,57744
2025-07-29 08:00:00,1.33493,1.33637,1.33067,1.33433,59207
2025-07-30 08:00:00,1.33410,1.33848,1.32269,1.32318,67264
2025-07-31 08:00:00,1.32313,1.32810,1.31848,1.32021,65106
2025-08-01 08:00:00,1.32008,1.33092,1.31391,1.32778,77123
2025-08-04 08:00:00,1.32687,1.33310,1.32534,1.32873,49030
2025-08-05 08:00:00,1.32802,1.33161,1.32596,1.32979,46336
2025-08-06 08:00:00,1.32949,1.33673,1.32813,1.33564,48180
2025-08-07 08:00:00,1.33469,1.34474,1.33368,1.34412,61938
2025-08-08 08:00:00,1.34400,1.34581,1.34171,1.34470,54109
2025-08-11 08:00:00,1.34370,1.34759,1.33987,1.34299,43771
2025-08-12 08:00:00,1.34255,1.35229,1.34194,1.34994,59501
2025-08-13 08:00:00,1.34817,1.35840,1.34817,1.35764,48045
2025-08-14 08:00:00,1.35654,1.35940,1.35200,1.35291,55102
2025-08-15 08:00:00,1.35232,1.35742,1.35232,1.35505,43938
2025-08-18 08:00:00,1.35468,1.35641,1.35008,1.35012,42995
2025-08-19 08:00:00,1.35007,1.35303,1.34767,1.34914,43569
2025-08-20 08:00:00,1.34852,1.35085,1.34468,1.34542,51288
2025-08-21 08:00:00,1.34515,1.34816,1.34047,1.34115,52000
2025-08-22 08:00:00,1.34056,1.35433,1.33897,1.35238,56800
2025-08-25 08:00:00,1.35132,1.35278,1.34453,1.34515,46218
2025-08-26 08:00:00,1.34428,1.34925,1.34339,1.34768,59852
2025-08-27 08:00:00,1.34720,1.35009,1.34159,1.34976,50330
2025-08-28 08:00:00,1.34869,1.35299,1.34813,1.35111,53390
2025-08-29 08:00:00,1.35075,1.35161,1.34454,1.34964,55420
2025-09-01 08:00:00,1.34910,1.35491,1.34910,1.35434,38398
2025-09-02 08:00:00,1.35322,1.35490,1.33394,1.33927,67001
2025-09-03 08:00:00,1.33883,1.34575,1.33325,1.34438,59958
2025-09-04 08:00:00,1.34394,1.34594,1.34163,1.34353,45638
2025-09-05 08:00:00,1.34273,1.35547,1.34212,1.35029,52346
2025-09-08 08:00:00,1.34983,1.35561,1.34809,1.35435,44110
2025-09-09 08:00:00,1.35443,1.35906,1.35171,1.35269,46475
2025-09-10 08:00:00,1.35193,1.35647,1.35130,1.35299,46831
2025-09-11 08:00:00,1.35265,1.35830,1.34938,1.35712,49457
2025-09-12 08:00:00,1.35680,1.35803,1.35239,1.35508,44141
2025-09-15 08:00:00,1.35284,1.36202,1.35284,1.35974,39501
2025-09-16 08:00:00,1.35967,1.36721,1.35912,1.36434,45783
2025-09-17 08:00:00,1.36449,1.37265,1.36183,1.36233,47623
2025-09-18 08:00:00,1.36241,1.36608,1.35338,1.35522,51070
2025-09-19 08:00:00,1.35492,1.35594,1.34632,1.34666,47650
2025-09-22 08:00:00,1.34628,1.35205,1.34528,1.35114,35912
2025-09-23 08:00:00,1.35058,1.35367,1.34868,1.35235,41299
2025-09-24 08:00:00,1.35178,1.35274,1.34263,1.34465,39688
2025-09-25 08:00:00,1.34407,1.34672,1.33234,1.33417,44210
2025-09-26 08:00:00,1.33347,1.34131,1.33288,1.33980,36707
2025-09-29 08:00:00,1.33855,1.34569,1.33822,1.34299,33310
2025-09-30 08:00:00,1.34244,1.34670,1.34132,1.34438,38272
2025-10-01 08:00:00,1.34435,1.35276,1.34346,1.34755,44936
2025-10-02 08:00:00,1.34751,1.35104,1.34012,1.34380,36758
2025-10-03 08:00:00,1.34303,1.34853,1.34251,1.34757,33558
2025-10-06 08:00:00,1.34306,1.34901,1.34162,1.34839,43100
2025-10-07 08:00:00,1.34832,1.34873,1.33919,1.34217,37729
2025-10-08 08:00:00,1.34252,1.34388,1.33709,1.34027,40898
2025-10-09 08:00:00,1.34007,1.34190,1.32796,1.33012,46951
2025-10-10 08:00:00,1.32956,1.33709,1.32614,1.33511,51225
2025-10-13 08:00:00,1.33411,1.33661,1.33148,1.33317,44895
2025-10-14 08:00:00,1.33267,1.33525,1.32483,1.33175,54837
2025-10-15 08:00:00,1.33206,1.34065,1.33124,1.34021,49216
2025-10-16 08:00:00,1.33934,1.34549,1.33885,1.34343,52153
2025-10-17 08:00:00,1.34330,1.34715,1.33905,1.34231,53946
2025-10-20 08:00:00,1.34269,1.34432,1.33998,1.34032,39643
2025-10-21 08:00:00,1.34024,1.34159,1.33612,1.33691,47644
2025-10-22 08:00:00,1.33690,1.33870,1.33054,1.33542,47172
2025-10-23 08:00:00,1.33538,1.33592,1.33107,1.33245,33498
2025-10-24 08:00:00,1.33177,1.33732,1.32871,1.33092,45908
2025-10-27 08:00:00,1.33217,1.33527,1.33103,1.33357,38096
2025-10-28 08:00:00,1.33354,1.33697,1.32473,1.32724,44418
2025-10-29 08:00:00,1.32724,1.32802,1.31406,1.31948,55816
2025-10-30 08:00:00,1.31948,1.32185,1.31162,1.31510,53095
2025-10-31 08:00:00,1.31509,1.31649,1.30967,1.31476,47757
2025-11-03 08:00:00,1.31256,1.31623,1.31080,1.31373,40097
2025-11-04 08:00:00,1.31400,1.31411,1.30097,1.30188,50419
2025-11-05 08:00:00,1.30195,1.30535,1.30093,1.30503,50840
2025-11-06 08:00:00,1.30468,1.31427,1.30452,1.31357,46747
2025-11-07 08:00:00,1.31241,1.31750,1.30947,1.31625,49382
2025-11-10 08:00:00,1.31370,1.31914,1.31330,1.31724,50701
2025-11-11 08:00:00,1.31720,1.31848,1.31164,1.31478,52084
2025-11-12 08:00:00,1.31502,1.31556,1.30845,1.31313,53949
2025-11-13 08:00:00,1.31296,1.32161,1.31006,1.31913,60931
2025-11-14 08:00:00,1.31862,1.32001,1.31078,1.31716,65103
2025-11-17 08:00:00,1.31433,1.31933,1.31358,1.31529,48404
2025-11-18 08:00:00,1.31566,1.31772,1.31336,1.31443,55530
2025-11-19 08:00:00,1.31465,1.31552,1.30430,1.30570,53593
2025-11-20 08:00:00,1.30574,1.31232,1.30375,1.30707,53142
2025-11-21 08:00:00,1.30703,1.31097,1.30387,1.30949,68050
2025-11-24 08:00:00,1.30950,1.31181,1.30804,1.31031,52632
2025-11-25 08:00:00,1.31038,1.32140,1.30952,1.31642,55910
2025-11-26 08:00:00,1.31645,1.32434,1.31242,1.32418,65782
2025-11-27 08:00:00,1.32300,1.32687,1.32097,1.32378,42793
2025-11-28 08:00:00,1.32367,1.32543,1.32003,1.32239,122530
2025-12-01 08:00:00,1.32244,1.32757,1.32051,1.32119,67012
2025-12-02 08:00:00,1.32133,1.32218,1.31794,1.32115,54777
2025-12-03 08:00:00,1.32115,1.33534,1.31943,1.33516,56775
2025-12-04 08:00:00,1.33493,1.33853,1.33220,1.33266,54730
2025-12-05 08:00:00,1.33248,1.33626,1.33158,1.33298,50903
2025-12-08 08:00:00,1.33161,1.33467,1.33053,1.33203,48011
2025-12-09 08:00:00,1.33209,1.33563,1.32871,1.32969,50739
2025-12-10 08:00:00,1.32976,1.33891,1.32899,1.33800,55133
2025-12-11 08:00:00,1.33813,1.34385,1.33546,1.33851,55638
2025-12-12 08:00:00,1.33857,1.34000,1.33427,1.33656,49783
2025-12-15 08:00:00,1.33708,1.34018,1.33544,1.33759,50577
2025-12-16 08:00:00,1.33698,1.34561,1.33548,1.34189,57052
2025-12-17 08:00:00,1.34206,1.34269,1.33113,1.33740,55125
2025-12-18 08:00:00,1.33751,1.34468,1.33407,1.33811,58087
2025-12-19 08:00:00,1.33782,1.33940,1.33569,1.33720,50607
2025-12-22 08:00:00,1.33534,1.34777,1.33534,1.34608,51456
2025-12-23 08:00:00,1.34566,1.35236,1.34422,1.35158,47679
2025-12-24 08:00:00,1.35012,1.35344,1.34810,1.35023,51094
2025-12-26 08:00:00,1.35217,1.35275,1.34773,1.34946,54538
2025-12-29 08:00:00,1.34731,1.35151,1.34688,1.35119,57613
2025-12-30 08:00:00,1.35057,1.35309,1.34495,1.34666,47218
2025-12-31 08:00:00,1.34646,1.34830,1.34021,1.34716,50662
2026-01-02 08:00:00,1.34637,1.35019,1.34343,1.34564,48019
2026-01-05 08:00:00,1.34451,1.35478,1.34135,1.35405,58178
2026-01-06 08:00:00,1.35391,1.35679,1.34916,1.35007,55232
2026-01-07 08:00:00,1.34993,1.35172,1.34554,1.34558,56237
2026-01-08 08:00:00,1.34560,1.34656,1.34156,1.34391,52880
2026-01-09 08:00:00,1.34328,1.34504,1.33922,1.33991,62806
2026-01-12 08:00:00,1.33939,1.34859,1.33903,1.34637,57746
2026-01-13 08:00:00,1.34622,1.34949,1.34197,1.34212,60220
2026-01-14 08:00:00,1.34209,1.34644,1.34186,1.34462,58599
2026-01-15 08:00:00,1.34372,1.34453,1.33627,1.33797,56164
2026-01-16 08:00:00,1.33765,1.34132,1.33665,1.33755,51624
2026-01-19 08:00:00,1.33434,1.34352,1.33385,1.34247,44403
2026-01-20 08:00:00,1.34213,1.34914,1.34081,1.34420,63435
2026-01-21 08:00:00,1.34407,1.34595,1.34010,1.34290,61164
2026-01-22 08:00:00,1.34253,1.35062,1.34014,1.34995,57133
2026-01-23 08:00:00,1.34934,1.36450,1.34764,1.36423,61485
2026-01-26 08:00:00,1.36608,1.37134,1.36426,1.36768,67304
2026-01-27 08:00:00,1.36767,1.38702,1.36634,1.38456,74468
2026-01-28 08:00:00,1.38464,1.38478,1.37493,1.38056,83195
2026-01-29 08:00:00,1.38050,1.38482,1.37422,1.38080,86661
2026-01-30 08:00:00,1.38028,1.38145,1.36780,1.36817,94076
2026-02-02 08:00:00,1.36799,1.37154,1.36228,1.36679,93299
2026-02-03 08:00:00,1.36628,1.37075,1.36503,1.36973,72003
2026-02-04 08:00:00,1.36919,1.37334,1.36423,1.36519,67617
2026-02-05 08:00:00,1.36559,1.36622,1.35172,1.35299,77015
2026-02-06 08:00:00,1.35337,1.36235,1.35080,1.36093,58975
2026-02-09 08:00:00,1.35908,1.37003,1.35863,1.36937,68435
2026-02-10 08:00:00,1.36857,1.36971,1.36372,1.36407,60918
2026-02-11 08:00:00,1.36497,1.37124,1.36094,1.36279,66186
2026-02-12 08:00:00,1.36225,1.36716,1.36042,1.36216,64510
2026-02-13 08:00:00,1.36143,1.36594,1.35902,1.36461,60997
2026-02-16 08:00:00,1.36348,1.36622,1.36237,1.36278,38378
2026-02-17 08:00:00,1.36306,1.36326,1.34954,1.35659,61258
2026-02-18 08:00:00,1.35510,1.35823,1.34903,1.34911,56243
2026-02-19 08:00:00,1.34960,1.35169,1.34338,1.34636,57007
2026-02-20 08:00:00,1.34618,1.35146,1.34343,1.34782,70626
2026-02-23 08:00:00,1.34840,1.35351,1.34748,1.34904,58802
2026-02-24 08:00:00,1.34911,1.35368,1.34697,1.34876,58215
2026-02-25 08:00:00,1.34901,1.35654,1.34849,1.35576,52511
2026-02-26 08:00:00,1.35548,1.35754,1.34448,1.34852,53596
2026-02-27 08:00:00,1.34886,1.35078,1.34393,1.34845,55028
2026-03-02 08:00:00,1.34169,1.34560,1.33141,1.34044,87986
2026-03-03 08:00:00,1.33978,1.34254,1.32528,1.33543,99030
2026-03-04 08:00:00,1.33573,1.34027,1.33033,1.33716,91084
2026-03-05 08:00:00,1.33708,1.33873,1.32971,1.33554,93149
2026-03-06 08:00:00,1.33531,1.34148,1.33114,1.34148,199620
2026-03-09 08:00:00,1.33384,1.34471,1.32828,1.34356,272892
2026-03-10 08:00:00,1.34356,1.34834,1.34114,1.34116,224507
2026-03-11 08:00:00,1.34162,1.34575,1.33934,1.34085,185731
2026-03-12 08:00:00,1.34085,1.34147,1.33337,1.33394,173041
2026-03-13 08:00:00,1.33394,1.33697,1.32185,1.32203,184589
2026-03-16 08:00:00,1.32335,1.33398,1.32227,1.33173,164967
2026-03-17 08:00:00,1.33179,1.33643,1.32733,1.33551,121111
2026-03-18 08:00:00,1.33551,1.33744,1.32518,1.32660,123035
2026-03-19 08:00:00,1.32660,1.34671,1.32456,1.34241,178079
2026-03-20 08:00:00,1.34241,1.34419,1.32985,1.33407,141352
2026-03-23 08:00:00,1.33032,1.34790,1.32566,1.34294,252855
2026-03-24 08:00:00,1.34294,1.34453,1.33519,1.34128,187057
2026-03-25 08:00:00,1.34128,1.34360,1.33578,1.33622,131657
2026-03-26 08:00:00,1.33621,1.33779,1.33097,1.33329,114235
2026-03-27 08:00:00,1.33329,1.33472,1.32592,1.32592,119315
2026-03-30 08:00:00,1.32546,1.32824,1.31735,1.31826,119594
2026-03-31 08:00:00,1.31775,1.32640,1.31590,1.32224,149276
2026-04-01 08:00:00,1.32226,1.33461,1.32168,1.33061,135503
2026-04-02 08:00:00,1.32985,1.33200,1.31813,1.32247,138138
2026-04-03 08:00:00,1.32203,1.32425,1.31869,1.32035,39022
2026-04-06 08:00:00,1.31880,1.32683,1.31763,1.32348,92017
2026-04-07 08:00:00,1.32367,1.33007,1.32112,1.32915,127077
2026-04-08 08:00:00,1.32845,1.34841,1.32764,1.33936,176556
2026-04-09 08:00:00,1.33910,1.34583,1.33806,1.34337,108877
2026-04-10 08:00:00,1.34324,1.34790,1.34104,1.34630,91719
2026-04-13 08:00:00,1.33853,1.35083,1.33805,1.35063,102771
2026-04-14 08:00:00,1.35037,1.35891,1.34930,1.35656,89957
2026-04-15 08:00:00,1.35643,1.35788,1.35432,1.35602,97558
2026-04-16 08:00:00,1.35566,1.35945,1.35162,1.35262,92449
2026-04-17 08:00:00,1.35175,1.35990,1.35042,1.35157,113256
2026-04-20 08:00:00,1.34796,1.35441,1.34747,1.35328,115098
2026-04-21 08:00:00,1.35222,1.35395,1.34745,1.35063,122676
2026-04-22 08:00:00,1.35006,1.35351,1.34917,1.35023,105949
2026-04-23 08:00:00,1.34962,1.35180,1.34475,1.34661,126683
2026-04-24 08:00:00,1.34643,1.35375,1.34531,1.35328,109730
2026-04-27 08:00:00,1.35095,1.35758,1.34993,1.35329,92222
2026-04-28 08:00:00,1.35292,1.35411,1.34628,1.35173,109698
2026-04-29 08:00:00,1.35148,1.35277,1.34574,1.34755,108958
2026-04-30 08:00:00,1.34718,1.36121,1.34537,1.36025,157687
2026-05-01 08:00:00,1.36012,1.36575,1.35683,1.35690,105668
2026-05-04 08:00:00,1.35782,1.36023,1.35119,1.35301,117882
2026-05-05 08:00:00,1.35272,1.35782,1.35134,1.35382,98552
2026-05-06 08:00:00,1.35530,1.36432,1.35317,1.35920,135760
2026-05-07 08:00:00,1.35862,1.36321,1.35479,1.35497,124193
2026-05-08 08:00:00,1.35454,1.36363,1.35448,1.36340,101986
2026-05-11 08:00:00,1.35483,1.36530,1.35483,1.36094,101504
2026-05-12 08:00:00,1.36072,1.36100,1.35001,1.35396,122968
2026-05-13 08:00:00,1.35341,1.35512,1.34841,1.35232,102877
2026-05-14 08:00:00,1.35213,1.35324,1.33947,1.34002,94239
2026-05-15 08:00:00,1.33990,1.34042,1.33147,1.33250,127492
2026-05-18 08:00:00,1.33195,1.34492,1.33020,1.34327,119550
2026-05-19 08:00:00,1.34293,1.34370,1.33781,1.33939,104248
2026-05-20 08:00:00,1.33928,1.34634,1.33748,1.34345,120319
2026-05-21 08:00:00,1.34318,1.34547,1.33920,1.34297,113386
2026-05-22 08:00:00,1.34190,1.34628,1.34130,1.34324,87545
2026-05-25 08:00:00,1.34482,1.35088,1.34460,1.35062,52819
2026-05-26 08:00:00,1.34935,1.35048,1.34344,1.34466,82136
2026-05-27 08:00:00,1.34438,1.34587,1.34161,1.34270,85806
2026-05-28 08:00:00,1.34232,1.34507,1.33673,1.34436,96152
2026-05-29 08:00:00,1.34370,1.34851,1.34082,1.34540,89908
2026-06-01 08:00:00,1.34490,1.34757,1.34065,1.34546,92679
2026-06-02 08:00:00,1.34500,1.34813,1.34482,1.34643,75824
2026-06-03 08:00:00,1.34634,1.34716,1.34116,1.34167,82109
2026-06-04 08:00:00,1.34156,1.34623,1.34112,1.34237,78673
2026-06-05 08:00:00,1.34216,1.34829,1.33299,1.33407,107572
2026-06-08 08:00:00,1.33186,1.33694,1.33056,1.33384,117043
2026-06-09 08:00:00,1.33370,1.34107,1.33307,1.33788,106520
2026-06-10 08:00:00,1.33710,1.34230,1.33641,1.33674,123196
2026-06-11 08:00:00,1.33666,1.34332,1.33242,1.34155,128709
2026-06-12 08:00:00,1.34144,1.34260,1.33832,1.34076,265087
2026-06-15 08:00:00,1.33957,1.34612,1.33957,1.34128,312882
2026-06-16 08:00:00,1.34128,1.34433,1.33905,1.34258,317583
2026-06-17 08:00:00,1.34256,1.34375,1.32621,1.32926,386868
2026-06-18 08:00:00,1.32880,1.33251,1.31928,1.32043,405933
2026-06-19 08:00:00,1.31981,1.32408,1.31631,1.32352,273296
2026-06-22 08:00:00,1.31810,1.32733,1.31808,1.32483,336408
2026-06-23 08:00:00,1.32483,1.32580,1.31822,1.32030,339503
2026-06-24 08:00:00,1.32025,1.32092,1.31401,1.31673,391209
2026-06-25 08:00:00,1.31660,1.32193,1.31513,1.31901,409374
2026-06-26 08:00:00,1.31900,1.32320,1.31802,1.31954,394524
2026-06-29 08:00:00,1.31985,1.32625,1.31908,1.32581,311696
2026-06-30 08:00:00,1.32558,1.32768,1.32123,1.32599,358283
2026-07-01 08:00:00,1.32598,1.32921,1.32190,1.32740,388092
2026-07-02 08:00:00,1.32731,1.33848,1.32650,1.33460,504732
2026-07-03 08:00:00,1.33446,1.33813,1.33346,1.33464,286004
2026-07-06 08:00:00,1.33386,1.33972,1.33285,1.33897,350357
2026-07-07 08:00:00,1.33888,1.34020,1.33488,1.33586,373203
2026-07-08 08:00:00,1.33583,1.34105,1.33221,1.33890,533701
2026-07-09 08:00:00,1.33863,1.34310,1.33807,1.34082,334898
2026-07-10 08:00:00,1.34068,1.34519,1.33921,1.34000,423391
2026-07-13 08:00:00,1.33850,1.34117,1.33424,1.33456,531226
2026-07-14 08:00:00,1.33461,1.34439,1.33423,1.33906,526769
2026-07-15 08:00:00,1.33897,1.35582,1.33807,1.35383,417534
2026-07-16 08:00:00,1.35383,1.35444,1.34596,1.34786,413678
2026-07-17 08:00:00,1.34764,1.34840,1.34261,1.34513,438317
2026-07-20 08:00:00,1.34426,1.34813,1.34122,1.34303,350144
2026-07-21 08:00:00,1.34289,1.34557,1.33596,1.33744,320179
2026-07-22 08:00:00,1.33734,1.33952,1.33548,1.33744,323737
2026-07-23 08:00:00,1.33744,1.33934,1.32987,1.33137,405223
2026-07-24 08:00:00,1.33115,1.33489,1.33027,1.33240,309177
2026-07-27 08:00:00,1.33137,1.33637,1.32842,1.32878,324861
2026-07-28 08:00:00,1.32872,1.33112,1.32735,1.32880,287208
2026-07-29 08:00:00,1.32880,1.33874,1.32787,1.33677,389586
2026-07-30 08:00:00,1.33677,1.34768,1.33329,1.34652,456765
2026-07-31 08:00:00,1.34642,1.34952,1.34003,1.34799,455731
2026-08-03 08:00:00,1.34911,1.35064,1.34176,1.34322,401397
2026-08-04 08:00:00,1.34260,1.34563,1.34195,1.34518,363087
2026-08-05 08:00:00,1.34505,1.34862,1.34409,1.34675,345273
2026-08-06 08:00:00,1.34667,1.34795,1.34484,1.34536,360509
2026-08-07 08:00:00,1.34535,1.35090,1.34341,1.34896,339581
2026-08-10 08:00:00,1.34902,1.35308,1.34832,1.35067,298569
2026-08-11 08:00:00,1.35064,1.35159,1.34921,1.35073,292760
2026-08-12 08:00:00,1.35051,1.35453,1.34876,1.34944,275663
2026-08-13 08:00:00,1.34944,1.35132,1.34742,1.34854,247739
2026-08-14 08:00:00,1.34854,1.35618,1.34767,1.35340,251934
2026-08-17 08:00:00,1.35262,1.35712,1.35240,1.35431,211907
2026-08-18 08:00:00,1.35435,1.35542,1.35195,1.35315,210317
2026-08-19 08:00:00,1.35319,1.36305,1.35234,1.36053,299244
2026-08-20 08:00:00,1.36053,1.36595,1.35947,1.36300,300943
2026-08-21 08:00:00,1.36300,1.36757,1.36183,1.36399,246831
2026-08-24 08:00:00,1.36185,1.36561,1.36185,1.36304,273796
2026-08-25 08:00:00,1.36298,1.36548,1.36219,1.36472,235151
2026-08-26 08:00:00,1.36472,1.36518,1.35831,1.35964,241013
2026-08-27 08:00:00,1.35921,1.36027,1.35707,1.35926,260875
2026-08-28 08:00:00,1.35909,1.35987,1.35268,1.35339,275644
2026-08-31 08:00:00,1.35310,1.35654,1.35296,1.35492,221145
2026-09-01 08:00:00,1.35492,1.35597,1.35060,1.35154,273746
2026-09-02 08:00:00,1.35154,1.35197,1.34746,1.34854,271985
2026-09-03 08:00:00,1.34854,1.35482,1.34782,1.35248,323464
2026-09-04 08:00:00,1.35245,1.35493,1.34820,1.35154,294952